cod_canton,canton,provincia,anio,variable,valor,fuente,nota_disponibilidad
101,San José,San José,2019,valor_agregado,6147938.220617535,"PIB,_VA_impuesto_X_M (3).xlsx",
102,Escazú,San José,2019,valor_agregado,1424373.2931487123,"PIB,_VA_impuesto_X_M (3).xlsx",
103,Desamparados,San José,2019,valor_agregado,923245.8494270974,"PIB,_VA_impuesto_X_M (3).xlsx",
104,Puriscal,San José,2019,valor_agregado,111683.8042023546,"PIB,_VA_impuesto_X_M (3).xlsx",
105,Tarrazú,San José,2019,valor_agregado,66880.2224507726,"PIB,_VA_impuesto_X_M (3).xlsx",
106,Aserrí,San José,2019,valor_agregado,137425.46168657177,"PIB,_VA_impuesto_X_M (3).xlsx",
107,Mora,San José,2019,valor_agregado,135380.48331517147,"PIB,_VA_impuesto_X_M (3).xlsx",
108,Goicoechea,San José,2019,valor_agregado,897636.9428708502,"PIB,_VA_impuesto_X_M (3).xlsx",
109,Santa Ana,San José,2019,valor_agregado,1588254.1745978883,"PIB,_VA_impuesto_X_M (3).xlsx",
110,Alajuelita,San José,2019,valor_agregado,170187.4182730521,"PIB,_VA_impuesto_X_M (3).xlsx",
111,Vázquez de Coronado,San José,2019,valor_agregado,279667.2769940651,"PIB,_VA_impuesto_X_M (3).xlsx",
112,Acosta,San José,2019,valor_agregado,50354.21791106598,"PIB,_VA_impuesto_X_M (3).xlsx",
113,Tibás,San José,2019,valor_agregado,452765.6641297769,"PIB,_VA_impuesto_X_M (3).xlsx",
114,Moravia,San José,2019,valor_agregado,342932.69732576114,"PIB,_VA_impuesto_X_M (3).xlsx",
115,Montes de Oca,San José,2019,valor_agregado,1030598.9817027857,"PIB,_VA_impuesto_X_M (3).xlsx",
116,Turrubares,San José,2019,valor_agregado,14512.983328725391,"PIB,_VA_impuesto_X_M (3).xlsx",
117,Dota,San José,2019,valor_agregado,27146.766905556597,"PIB,_VA_impuesto_X_M (3).xlsx",
118,Curridabat,San José,2019,valor_agregado,779290.6378756153,"PIB,_VA_impuesto_X_M (3).xlsx",
119,Pérez Zeledón,San José,2019,valor_agregado,501514.39360876865,"PIB,_VA_impuesto_X_M (3).xlsx",
120,León Cortés Castro,San José,2019,valor_agregado,67969.96098685724,"PIB,_VA_impuesto_X_M (3).xlsx",
201,Alajuela,Alajuela,2019,valor_agregado,3347695.5974971647,"PIB,_VA_impuesto_X_M (3).xlsx",
202,San Ramón,Alajuela,2019,valor_agregado,366858.9515269054,"PIB,_VA_impuesto_X_M (3).xlsx",
203,Grecia,Alajuela,2019,valor_agregado,342508.200783787,"PIB,_VA_impuesto_X_M (3).xlsx",
204,San Mateo,Alajuela,2019,valor_agregado,28581.471170716064,"PIB,_VA_impuesto_X_M (3).xlsx",
205,Atenas,Alajuela,2019,valor_agregado,111514.81786675227,"PIB,_VA_impuesto_X_M (3).xlsx",
206,Naranjo,Alajuela,2019,valor_agregado,159851.07444772107,"PIB,_VA_impuesto_X_M (3).xlsx",
207,Palmares,Alajuela,2019,valor_agregado,158197.78496023756,"PIB,_VA_impuesto_X_M (3).xlsx",
208,Poás,Alajuela,2019,valor_agregado,147187.27779053227,"PIB,_VA_impuesto_X_M (3).xlsx",
209,Orotina,Alajuela,2019,valor_agregado,80312.21880191014,"PIB,_VA_impuesto_X_M (3).xlsx",
210,San Carlos,Alajuela,2019,valor_agregado,991604.7284544155,"PIB,_VA_impuesto_X_M (3).xlsx",
211,Zarcero,Alajuela,2019,valor_agregado,82916.50415942246,"PIB,_VA_impuesto_X_M (3).xlsx",
212,Sarchí,Alajuela,2019,valor_agregado,76523.29442205754,"PIB,_VA_impuesto_X_M (3).xlsx",
213,Upala,Alajuela,2019,valor_agregado,157713.8216224921,"PIB,_VA_impuesto_X_M (3).xlsx",
214,Los Chiles,Alajuela,2019,valor_agregado,115628.61200974383,"PIB,_VA_impuesto_X_M (3).xlsx",
215,Guatuso,Alajuela,2019,valor_agregado,51087.487054980724,"PIB,_VA_impuesto_X_M (3).xlsx",
216,Río Cuarto,Alajuela,2019,valor_agregado,49350.24225840296,"PIB,_VA_impuesto_X_M (3).xlsx",
301,Cartago,Cartago,2019,valor_agregado,1196634.9292524757,"PIB,_VA_impuesto_X_M (3).xlsx",
302,Paraíso,Cartago,2019,valor_agregado,245026.26153009778,"PIB,_VA_impuesto_X_M (3).xlsx",
303,La Unión,Cartago,2019,valor_agregado,571056.7348796218,"PIB,_VA_impuesto_X_M (3).xlsx",
304,Jiménez,Cartago,2019,valor_agregado,85122.12922270468,"PIB,_VA_impuesto_X_M (3).xlsx",
305,Turrialba,Cartago,2019,valor_agregado,297864.7505044818,"PIB,_VA_impuesto_X_M (3).xlsx",
306,Alvarado,Cartago,2019,valor_agregado,65974.2533651185,"PIB,_VA_impuesto_X_M (3).xlsx",
307,Oreamuno,Cartago,2019,valor_agregado,137188.9227881944,"PIB,_VA_impuesto_X_M (3).xlsx",
308,El Guarco,Cartago,2019,valor_agregado,206784.81199184683,"PIB,_VA_impuesto_X_M (3).xlsx",
401,Heredia,Heredia,2019,valor_agregado,1962524.186319924,"PIB,_VA_impuesto_X_M (3).xlsx",
402,Barva,Heredia,2019,valor_agregado,186328.5143657964,"PIB,_VA_impuesto_X_M (3).xlsx",
403,Santo Domingo,Heredia,2019,valor_agregado,411464.69872629317,"PIB,_VA_impuesto_X_M (3).xlsx",
404,Santa Bárbara,Heredia,2019,valor_agregado,102679.20676569687,"PIB,_VA_impuesto_X_M (3).xlsx",
405,San Rafael,Heredia,2019,valor_agregado,212920.86615243962,"PIB,_VA_impuesto_X_M (3).xlsx",
406,San Isidro,Heredia,2019,valor_agregado,117256.7595436701,"PIB,_VA_impuesto_X_M (3).xlsx",
407,Belén,Heredia,2019,valor_agregado,1076496.8249654705,"PIB,_VA_impuesto_X_M (3).xlsx",
408,Flores,Heredia,2019,valor_agregado,270204.18871518696,"PIB,_VA_impuesto_X_M (3).xlsx",
409,San Pablo,Heredia,2019,valor_agregado,180864.27579102266,"PIB,_VA_impuesto_X_M (3).xlsx",
410,Sarapiquí,Heredia,2019,valor_agregado,284193.6844714226,"PIB,_VA_impuesto_X_M (3).xlsx",
501,Liberia,Guanacaste,2019,valor_agregado,686791.839103418,"PIB,_VA_impuesto_X_M (3).xlsx",
502,Nicoya,Guanacaste,2019,valor_agregado,217015.78434588693,"PIB,_VA_impuesto_X_M (3).xlsx",
503,Santa Cruz,Guanacaste,2019,valor_agregado,314972.4913950361,"PIB,_VA_impuesto_X_M (3).xlsx",
504,Bagaces,Guanacaste,2019,valor_agregado,157730.2296561653,"PIB,_VA_impuesto_X_M (3).xlsx",
505,Carrillo,Guanacaste,2019,valor_agregado,217606.25982808956,"PIB,_VA_impuesto_X_M (3).xlsx",
506,Cañas,Guanacaste,2019,valor_agregado,142173.7786415272,"PIB,_VA_impuesto_X_M (3).xlsx",
507,Abangares,Guanacaste,2019,valor_agregado,91318.14220446254,"PIB,_VA_impuesto_X_M (3).xlsx",
508,Tilarán,Guanacaste,2019,valor_agregado,210704.92298858197,"PIB,_VA_impuesto_X_M (3).xlsx",
509,Nandayure,Guanacaste,2019,valor_agregado,36594.30775838518,"PIB,_VA_impuesto_X_M (3).xlsx",
510,La Cruz,Guanacaste,2019,valor_agregado,83833.01707884742,"PIB,_VA_impuesto_X_M (3).xlsx",
511,Hojancha,Guanacaste,2019,valor_agregado,19749.23868639031,"PIB,_VA_impuesto_X_M (3).xlsx",
601,Puntarenas,Puntarenas,2019,valor_agregado,614496.2018229022,"PIB,_VA_impuesto_X_M (3).xlsx",
602,Esparza,Puntarenas,2019,valor_agregado,108756.25726920791,"PIB,_VA_impuesto_X_M (3).xlsx",
603,Buenos Aires,Puntarenas,2019,valor_agregado,111310.98525571554,"PIB,_VA_impuesto_X_M (3).xlsx",
604,Montes de Oro,Puntarenas,2019,valor_agregado,61797.492674195666,"PIB,_VA_impuesto_X_M (3).xlsx",
605,Osa,Puntarenas,2019,valor_agregado,126102.46482077955,"PIB,_VA_impuesto_X_M (3).xlsx",
606,Quepos,Puntarenas,2019,valor_agregado,180407.70623690524,"PIB,_VA_impuesto_X_M (3).xlsx",
607,Golfito,Puntarenas,2019,valor_agregado,164607.29193474315,"PIB,_VA_impuesto_X_M (3).xlsx",
608,Coto Brus,Puntarenas,2019,valor_agregado,110566.04853233777,"PIB,_VA_impuesto_X_M (3).xlsx",
609,Parrita,Puntarenas,2019,valor_agregado,70236.75333020685,"PIB,_VA_impuesto_X_M (3).xlsx",
610,Corredores,Puntarenas,2019,valor_agregado,157783.0293969731,"PIB,_VA_impuesto_X_M (3).xlsx",
611,Garabito,Puntarenas,2019,valor_agregado,161245.3510039637,"PIB,_VA_impuesto_X_M (3).xlsx",
701,Limón,Limón,2019,valor_agregado,466223.85476698354,"PIB,_VA_impuesto_X_M (3).xlsx",
702,Pococí,Limón,2019,valor_agregado,702425.3315469695,"PIB,_VA_impuesto_X_M (3).xlsx",
703,Siquirres,Limón,2019,valor_agregado,330372.3793542819,"PIB,_VA_impuesto_X_M (3).xlsx",
704,Talamanca,Limón,2019,valor_agregado,133983.215728939,"PIB,_VA_impuesto_X_M (3).xlsx",
705,Matina,Limón,2019,valor_agregado,186204.92990974034,"PIB,_VA_impuesto_X_M (3).xlsx",
706,Guácimo,Limón,2019,valor_agregado,155082.34715042566,"PIB,_VA_impuesto_X_M (3).xlsx",
101,San José,San José,2020,valor_agregado,6392321.723641664,"PIB,_VA_impuesto_X_M (3).xlsx",
102,Escazú,San José,2020,valor_agregado,1249190.2683205826,"PIB,_VA_impuesto_X_M (3).xlsx",
103,Desamparados,San José,2020,valor_agregado,787227.7088288731,"PIB,_VA_impuesto_X_M (3).xlsx",
104,Puriscal,San José,2020,valor_agregado,105685.43984356592,"PIB,_VA_impuesto_X_M (3).xlsx",
105,Tarrazú,San José,2020,valor_agregado,75057.4597493513,"PIB,_VA_impuesto_X_M (3).xlsx",
106,Aserrí,San José,2020,valor_agregado,134286.75459436368,"PIB,_VA_impuesto_X_M (3).xlsx",
107,Mora,San José,2020,valor_agregado,113019.89125940268,"PIB,_VA_impuesto_X_M (3).xlsx",
108,Goicoechea,San José,2020,valor_agregado,1012758.7441258968,"PIB,_VA_impuesto_X_M (3).xlsx",
109,Santa Ana,San José,2020,valor_agregado,1385573.9468280366,"PIB,_VA_impuesto_X_M (3).xlsx",
110,Alajuelita,San José,2020,valor_agregado,202612.0139163252,"PIB,_VA_impuesto_X_M (3).xlsx",
111,Vázquez de Coronado,San José,2020,valor_agregado,246745.1235530589,"PIB,_VA_impuesto_X_M (3).xlsx",
112,Acosta,San José,2020,valor_agregado,57896.32015304274,"PIB,_VA_impuesto_X_M (3).xlsx",
113,Tibás,San José,2020,valor_agregado,364195.2716503427,"PIB,_VA_impuesto_X_M (3).xlsx",
114,Moravia,San José,2020,valor_agregado,279707.43530989304,"PIB,_VA_impuesto_X_M (3).xlsx",
115,Montes de Oca,San José,2020,valor_agregado,952917.9110424898,"PIB,_VA_impuesto_X_M (3).xlsx",
116,Turrubares,San José,2020,valor_agregado,19145.076040468874,"PIB,_VA_impuesto_X_M (3).xlsx",
117,Dota,San José,2020,valor_agregado,34455.69773079587,"PIB,_VA_impuesto_X_M (3).xlsx",
118,Curridabat,San José,2020,valor_agregado,574502.6719150865,"PIB,_VA_impuesto_X_M (3).xlsx",
119,Pérez Zeledón,San José,2020,valor_agregado,513954.4572114357,"PIB,_VA_impuesto_X_M (3).xlsx",
120,León Cortés Castro,San José,2020,valor_agregado,68551.16468891097,"PIB,_VA_impuesto_X_M (3).xlsx",
201,Alajuela,Alajuela,2020,valor_agregado,3422966.3978955452,"PIB,_VA_impuesto_X_M (3).xlsx",
202,San Ramón,Alajuela,2020,valor_agregado,383523.0523428598,"PIB,_VA_impuesto_X_M (3).xlsx",
203,Grecia,Alajuela,2020,valor_agregado,373785.71283087163,"PIB,_VA_impuesto_X_M (3).xlsx",
204,San Mateo,Alajuela,2020,valor_agregado,22231.029112782213,"PIB,_VA_impuesto_X_M (3).xlsx",
205,Atenas,Alajuela,2020,valor_agregado,119861.57461188562,"PIB,_VA_impuesto_X_M (3).xlsx",
206,Naranjo,Alajuela,2020,valor_agregado,155708.40188668304,"PIB,_VA_impuesto_X_M (3).xlsx",
207,Palmares,Alajuela,2020,valor_agregado,159530.7420752458,"PIB,_VA_impuesto_X_M (3).xlsx",
208,Poás,Alajuela,2020,valor_agregado,131233.35809382843,"PIB,_VA_impuesto_X_M (3).xlsx",
209,Orotina,Alajuela,2020,valor_agregado,84466.33466743484,"PIB,_VA_impuesto_X_M (3).xlsx",
210,San Carlos,Alajuela,2020,valor_agregado,910566.7743292967,"PIB,_VA_impuesto_X_M (3).xlsx",
211,Zarcero,Alajuela,2020,valor_agregado,94683.72749011386,"PIB,_VA_impuesto_X_M (3).xlsx",
212,Sarchí,Alajuela,2020,valor_agregado,83356.72628795139,"PIB,_VA_impuesto_X_M (3).xlsx",
213,Upala,Alajuela,2020,valor_agregado,161091.86923993533,"PIB,_VA_impuesto_X_M (3).xlsx",
214,Los Chiles,Alajuela,2020,valor_agregado,106064.10560209952,"PIB,_VA_impuesto_X_M (3).xlsx",
215,Guatuso,Alajuela,2020,valor_agregado,58392.83157317356,"PIB,_VA_impuesto_X_M (3).xlsx",
216,Río Cuarto,Alajuela,2020,valor_agregado,45639.48969186442,"PIB,_VA_impuesto_X_M (3).xlsx",
301,Cartago,Cartago,2020,valor_agregado,1187050.2361922078,"PIB,_VA_impuesto_X_M (3).xlsx",
302,Paraíso,Cartago,2020,valor_agregado,257023.39687010754,"PIB,_VA_impuesto_X_M (3).xlsx",
303,La Unión,Cartago,2020,valor_agregado,564967.5772680208,"PIB,_VA_impuesto_X_M (3).xlsx",
304,Jiménez,Cartago,2020,valor_agregado,91098.58683179553,"PIB,_VA_impuesto_X_M (3).xlsx",
305,Turrialba,Cartago,2020,valor_agregado,293468.7339398929,"PIB,_VA_impuesto_X_M (3).xlsx",
306,Alvarado,Cartago,2020,valor_agregado,66441.5003964117,"PIB,_VA_impuesto_X_M (3).xlsx",
307,Oreamuno,Cartago,2020,valor_agregado,125320.71132292565,"PIB,_VA_impuesto_X_M (3).xlsx",
308,El Guarco,Cartago,2020,valor_agregado,206556.80588256463,"PIB,_VA_impuesto_X_M (3).xlsx",
401,Heredia,Heredia,2020,valor_agregado,1949128.1788386023,"PIB,_VA_impuesto_X_M (3).xlsx",
402,Barva,Heredia,2020,valor_agregado,176174.83118533797,"PIB,_VA_impuesto_X_M (3).xlsx",
403,Santo Domingo,Heredia,2020,valor_agregado,354365.42329633224,"PIB,_VA_impuesto_X_M (3).xlsx",
404,Santa Bárbara,Heredia,2020,valor_agregado,120255.343249929,"PIB,_VA_impuesto_X_M (3).xlsx",
405,San Rafael,Heredia,2020,valor_agregado,169838.80188469024,"PIB,_VA_impuesto_X_M (3).xlsx",
406,San Isidro,Heredia,2020,valor_agregado,112021.89652043664,"PIB,_VA_impuesto_X_M (3).xlsx",
407,Belén,Heredia,2020,valor_agregado,1006307.1359522005,"PIB,_VA_impuesto_X_M (3).xlsx",
408,Flores,Heredia,2020,valor_agregado,197077.03947264672,"PIB,_VA_impuesto_X_M (3).xlsx",
409,San Pablo,Heredia,2020,valor_agregado,149538.0963454464,"PIB,_VA_impuesto_X_M (3).xlsx",
410,Sarapiquí,Heredia,2020,valor_agregado,281389.68169471994,"PIB,_VA_impuesto_X_M (3).xlsx",
501,Liberia,Guanacaste,2020,valor_agregado,644171.6196138959,"PIB,_VA_impuesto_X_M (3).xlsx",
502,Nicoya,Guanacaste,2020,valor_agregado,200942.22825888675,"PIB,_VA_impuesto_X_M (3).xlsx",
503,Santa Cruz,Guanacaste,2020,valor_agregado,291724.46302414633,"PIB,_VA_impuesto_X_M (3).xlsx",
504,Bagaces,Guanacaste,2020,valor_agregado,169284.98894089682,"PIB,_VA_impuesto_X_M (3).xlsx",
505,Carrillo,Guanacaste,2020,valor_agregado,192565.00958446332,"PIB,_VA_impuesto_X_M (3).xlsx",
506,Cañas,Guanacaste,2020,valor_agregado,151353.2803589449,"PIB,_VA_impuesto_X_M (3).xlsx",
507,Abangares,Guanacaste,2020,valor_agregado,87861.41363088824,"PIB,_VA_impuesto_X_M (3).xlsx",
508,Tilarán,Guanacaste,2020,valor_agregado,156943.42286611834,"PIB,_VA_impuesto_X_M (3).xlsx",
509,Nandayure,Guanacaste,2020,valor_agregado,35371.28026159939,"PIB,_VA_impuesto_X_M (3).xlsx",
510,La Cruz,Guanacaste,2020,valor_agregado,63510.89304352314,"PIB,_VA_impuesto_X_M (3).xlsx",
511,Hojancha,Guanacaste,2020,valor_agregado,18933.377018777897,"PIB,_VA_impuesto_X_M (3).xlsx",
601,Puntarenas,Puntarenas,2020,valor_agregado,610278.131618727,"PIB,_VA_impuesto_X_M (3).xlsx",
602,Esparza,Puntarenas,2020,valor_agregado,123480.16291264464,"PIB,_VA_impuesto_X_M (3).xlsx",
603,Buenos Aires,Puntarenas,2020,valor_agregado,133142.1428958107,"PIB,_VA_impuesto_X_M (3).xlsx",
604,Montes de Oro,Puntarenas,2020,valor_agregado,52759.850864464424,"PIB,_VA_impuesto_X_M (3).xlsx",
605,Osa,Puntarenas,2020,valor_agregado,151531.88322667105,"PIB,_VA_impuesto_X_M (3).xlsx",
606,Quepos,Puntarenas,2020,valor_agregado,161148.93517426032,"PIB,_VA_impuesto_X_M (3).xlsx",
607,Golfito,Puntarenas,2020,valor_agregado,148277.66673300255,"PIB,_VA_impuesto_X_M (3).xlsx",
608,Coto Brus,Puntarenas,2020,valor_agregado,122150.43809053073,"PIB,_VA_impuesto_X_M (3).xlsx",
609,Parrita,Puntarenas,2020,valor_agregado,73597.93299435428,"PIB,_VA_impuesto_X_M (3).xlsx",
610,Corredores,Puntarenas,2020,valor_agregado,138712.1764077056,"PIB,_VA_impuesto_X_M (3).xlsx",
611,Garabito,Puntarenas,2020,valor_agregado,124897.41803440028,"PIB,_VA_impuesto_X_M (3).xlsx",
701,Limón,Limón,2020,valor_agregado,452044.9853885719,"PIB,_VA_impuesto_X_M (3).xlsx",
702,Pococí,Limón,2020,valor_agregado,586093.0637189056,"PIB,_VA_impuesto_X_M (3).xlsx",
703,Siquirres,Limón,2020,valor_agregado,353977.6534928672,"PIB,_VA_impuesto_X_M (3).xlsx",
704,Talamanca,Limón,2020,valor_agregado,111974.18065498365,"PIB,_VA_impuesto_X_M (3).xlsx",
705,Matina,Limón,2020,valor_agregado,203423.12679089533,"PIB,_VA_impuesto_X_M (3).xlsx",
706,Guácimo,Limón,2020,valor_agregado,169235.23375968068,"PIB,_VA_impuesto_X_M (3).xlsx",
101,San José,San José,2021,valor_agregado,6321547.169026699,"PIB,_VA_impuesto_X_M (3).xlsx",
102,Escazú,San José,2021,valor_agregado,1469968.3969421338,"PIB,_VA_impuesto_X_M (3).xlsx",
103,Desamparados,San José,2021,valor_agregado,793760.3003449654,"PIB,_VA_impuesto_X_M (3).xlsx",
104,Puriscal,San José,2021,valor_agregado,105710.66244261738,"PIB,_VA_impuesto_X_M (3).xlsx",
105,Tarrazú,San José,2021,valor_agregado,86501.04593278235,"PIB,_VA_impuesto_X_M (3).xlsx",
106,Aserrí,San José,2021,valor_agregado,133038.63083471134,"PIB,_VA_impuesto_X_M (3).xlsx",
107,Mora,San José,2021,valor_agregado,191831.20401386378,"PIB,_VA_impuesto_X_M (3).xlsx",
108,Goicoechea,San José,2021,valor_agregado,836950.2216987136,"PIB,_VA_impuesto_X_M (3).xlsx",
109,Santa Ana,San José,2021,valor_agregado,1895856.7591904388,"PIB,_VA_impuesto_X_M (3).xlsx",
110,Alajuelita,San José,2021,valor_agregado,180922.6209031518,"PIB,_VA_impuesto_X_M (3).xlsx",
111,Vázquez de Coronado,San José,2021,valor_agregado,295476.57176594133,"PIB,_VA_impuesto_X_M (3).xlsx",
112,Acosta,San José,2021,valor_agregado,66120.61267002484,"PIB,_VA_impuesto_X_M (3).xlsx",
113,Tibás,San José,2021,valor_agregado,471274.5256444953,"PIB,_VA_impuesto_X_M (3).xlsx",
114,Moravia,San José,2021,valor_agregado,382306.82534920017,"PIB,_VA_impuesto_X_M (3).xlsx",
115,Montes de Oca,San José,2021,valor_agregado,1040409.2815722793,"PIB,_VA_impuesto_X_M (3).xlsx",
116,Turrubares,San José,2021,valor_agregado,17559.502973047034,"PIB,_VA_impuesto_X_M (3).xlsx",
117,Dota,San José,2021,valor_agregado,32846.72720056495,"PIB,_VA_impuesto_X_M (3).xlsx",
118,Curridabat,San José,2021,valor_agregado,805308.1391853008,"PIB,_VA_impuesto_X_M (3).xlsx",
119,Pérez Zeledón,San José,2021,valor_agregado,583712.8750590578,"PIB,_VA_impuesto_X_M (3).xlsx",
120,León Cortés Castro,San José,2021,valor_agregado,66909.93704226016,"PIB,_VA_impuesto_X_M (3).xlsx",
201,Alajuela,Alajuela,2021,valor_agregado,3691955.662642394,"PIB,_VA_impuesto_X_M (3).xlsx",
202,San Ramón,Alajuela,2021,valor_agregado,354244.78176291,"PIB,_VA_impuesto_X_M (3).xlsx",
203,Grecia,Alajuela,2021,valor_agregado,406153.04816083924,"PIB,_VA_impuesto_X_M (3).xlsx",
204,San Mateo,Alajuela,2021,valor_agregado,17829.443484506948,"PIB,_VA_impuesto_X_M (3).xlsx",
205,Atenas,Alajuela,2021,valor_agregado,111715.05394206161,"PIB,_VA_impuesto_X_M (3).xlsx",
206,Naranjo,Alajuela,2021,valor_agregado,160494.16167847504,"PIB,_VA_impuesto_X_M (3).xlsx",
207,Palmares,Alajuela,2021,valor_agregado,169205.63154652566,"PIB,_VA_impuesto_X_M (3).xlsx",
208,Poás,Alajuela,2021,valor_agregado,138921.7170669321,"PIB,_VA_impuesto_X_M (3).xlsx",
209,Orotina,Alajuela,2021,valor_agregado,88891.4960077818,"PIB,_VA_impuesto_X_M (3).xlsx",
210,San Carlos,Alajuela,2021,valor_agregado,1099104.616607672,"PIB,_VA_impuesto_X_M (3).xlsx",
211,Zarcero,Alajuela,2021,valor_agregado,92765.14865191233,"PIB,_VA_impuesto_X_M (3).xlsx",
212,Sarchí,Alajuela,2021,valor_agregado,91945.55564482356,"PIB,_VA_impuesto_X_M (3).xlsx",
213,Upala,Alajuela,2021,valor_agregado,166654.3878020819,"PIB,_VA_impuesto_X_M (3).xlsx",
214,Los Chiles,Alajuela,2021,valor_agregado,113298.75996075476,"PIB,_VA_impuesto_X_M (3).xlsx",
215,Guatuso,Alajuela,2021,valor_agregado,53286.08435373965,"PIB,_VA_impuesto_X_M (3).xlsx",
216,Río Cuarto,Alajuela,2021,valor_agregado,53305.71019893019,"PIB,_VA_impuesto_X_M (3).xlsx",
301,Cartago,Cartago,2021,valor_agregado,1424239.068073438,"PIB,_VA_impuesto_X_M (3).xlsx",
302,Paraíso,Cartago,2021,valor_agregado,249702.2846148384,"PIB,_VA_impuesto_X_M (3).xlsx",
303,La Unión,Cartago,2021,valor_agregado,540323.3096229184,"PIB,_VA_impuesto_X_M (3).xlsx",
304,Jiménez,Cartago,2021,valor_agregado,92238.12225612927,"PIB,_VA_impuesto_X_M (3).xlsx",
305,Turrialba,Cartago,2021,valor_agregado,304306.6154770742,"PIB,_VA_impuesto_X_M (3).xlsx",
306,Alvarado,Cartago,2021,valor_agregado,79824.22958555182,"PIB,_VA_impuesto_X_M (3).xlsx",
307,Oreamuno,Cartago,2021,valor_agregado,118593.93743998552,"PIB,_VA_impuesto_X_M (3).xlsx",
308,El Guarco,Cartago,2021,valor_agregado,176907.23704462306,"PIB,_VA_impuesto_X_M (3).xlsx",
401,Heredia,Heredia,2021,valor_agregado,2036356.5675706528,"PIB,_VA_impuesto_X_M (3).xlsx",
402,Barva,Heredia,2021,valor_agregado,208064.6323544709,"PIB,_VA_impuesto_X_M (3).xlsx",
403,Santo Domingo,Heredia,2021,valor_agregado,526087.3692018997,"PIB,_VA_impuesto_X_M (3).xlsx",
404,Santa Bárbara,Heredia,2021,valor_agregado,114075.65206629927,"PIB,_VA_impuesto_X_M (3).xlsx",
405,San Rafael,Heredia,2021,valor_agregado,288743.54138984805,"PIB,_VA_impuesto_X_M (3).xlsx",
406,San Isidro,Heredia,2021,valor_agregado,127843.69174194311,"PIB,_VA_impuesto_X_M (3).xlsx",
407,Belén,Heredia,2021,valor_agregado,1286613.3730368163,"PIB,_VA_impuesto_X_M (3).xlsx",
408,Flores,Heredia,2021,valor_agregado,301656.466546987,"PIB,_VA_impuesto_X_M (3).xlsx",
409,San Pablo,Heredia,2021,valor_agregado,187328.62757285475,"PIB,_VA_impuesto_X_M (3).xlsx",
410,Sarapiquí,Heredia,2021,valor_agregado,290789.89739286195,"PIB,_VA_impuesto_X_M (3).xlsx",
501,Liberia,Guanacaste,2021,valor_agregado,767232.6305932762,"PIB,_VA_impuesto_X_M (3).xlsx",
502,Nicoya,Guanacaste,2021,valor_agregado,225516.71140375413,"PIB,_VA_impuesto_X_M (3).xlsx",
503,Santa Cruz,Guanacaste,2021,valor_agregado,324641.52497861127,"PIB,_VA_impuesto_X_M (3).xlsx",
504,Bagaces,Guanacaste,2021,valor_agregado,138136.80594154773,"PIB,_VA_impuesto_X_M (3).xlsx",
505,Carrillo,Guanacaste,2021,valor_agregado,229613.4786391984,"PIB,_VA_impuesto_X_M (3).xlsx",
506,Cañas,Guanacaste,2021,valor_agregado,135822.3374046095,"PIB,_VA_impuesto_X_M (3).xlsx",
507,Abangares,Guanacaste,2021,valor_agregado,91411.1200736219,"PIB,_VA_impuesto_X_M (3).xlsx",
508,Tilarán,Guanacaste,2021,valor_agregado,154732.57042254793,"PIB,_VA_impuesto_X_M (3).xlsx",
509,Nandayure,Guanacaste,2021,valor_agregado,35668.35598214241,"PIB,_VA_impuesto_X_M (3).xlsx",
510,La Cruz,Guanacaste,2021,valor_agregado,62283.4344953456,"PIB,_VA_impuesto_X_M (3).xlsx",
511,Hojancha,Guanacaste,2021,valor_agregado,25229.97937137369,"PIB,_VA_impuesto_X_M (3).xlsx",
601,Puntarenas,Puntarenas,2021,valor_agregado,652003.2943257157,"PIB,_VA_impuesto_X_M (3).xlsx",
602,Esparza,Puntarenas,2021,valor_agregado,118771.8369037639,"PIB,_VA_impuesto_X_M (3).xlsx",
603,Buenos Aires,Puntarenas,2021,valor_agregado,127367.67943112439,"PIB,_VA_impuesto_X_M (3).xlsx",
604,Montes de Oro,Puntarenas,2021,valor_agregado,65177.76841469744,"PIB,_VA_impuesto_X_M (3).xlsx",
605,Osa,Puntarenas,2021,valor_agregado,141348.17212569193,"PIB,_VA_impuesto_X_M (3).xlsx",
606,Quepos,Puntarenas,2021,valor_agregado,180076.25362776185,"PIB,_VA_impuesto_X_M (3).xlsx",
607,Golfito,Puntarenas,2021,valor_agregado,175685.24361838834,"PIB,_VA_impuesto_X_M (3).xlsx",
608,Coto Brus,Puntarenas,2021,valor_agregado,138363.26768570417,"PIB,_VA_impuesto_X_M (3).xlsx",
609,Parrita,Puntarenas,2021,valor_agregado,89866.28261339657,"PIB,_VA_impuesto_X_M (3).xlsx",
610,Corredores,Puntarenas,2021,valor_agregado,175154.2060899523,"PIB,_VA_impuesto_X_M (3).xlsx",
611,Garabito,Puntarenas,2021,valor_agregado,171945.9229746198,"PIB,_VA_impuesto_X_M (3).xlsx",
701,Limón,Limón,2021,valor_agregado,419982.89230277884,"PIB,_VA_impuesto_X_M (3).xlsx",
702,Pococí,Limón,2021,valor_agregado,652201.4082773065,"PIB,_VA_impuesto_X_M (3).xlsx",
703,Siquirres,Limón,2021,valor_agregado,362920.571678185,"PIB,_VA_impuesto_X_M (3).xlsx",
704,Talamanca,Limón,2021,valor_agregado,143153.8655860896,"PIB,_VA_impuesto_X_M (3).xlsx",
705,Matina,Limón,2021,valor_agregado,202626.6456301175,"PIB,_VA_impuesto_X_M (3).xlsx",
706,Guácimo,Limón,2021,valor_agregado,173022.00160681552,"PIB,_VA_impuesto_X_M (3).xlsx",
101,San José,San José,2022,valor_agregado,7306389.755872045,"PIB,_VA_impuesto_X_M (3).xlsx",
102,Escazú,San José,2022,valor_agregado,1860522.574094701,"PIB,_VA_impuesto_X_M (3).xlsx",
103,Desamparados,San José,2022,valor_agregado,883459.8528226108,"PIB,_VA_impuesto_X_M (3).xlsx",
104,Puriscal,San José,2022,valor_agregado,118748.52611290968,"PIB,_VA_impuesto_X_M (3).xlsx",
105,Tarrazú,San José,2022,valor_agregado,97001.32834828115,"PIB,_VA_impuesto_X_M (3).xlsx",
106,Aserrí,San José,2022,valor_agregado,137452.0005426508,"PIB,_VA_impuesto_X_M (3).xlsx",
107,Mora,San José,2022,valor_agregado,215767.70875892046,"PIB,_VA_impuesto_X_M (3).xlsx",
108,Goicoechea,San José,2022,valor_agregado,976438.2037090517,"PIB,_VA_impuesto_X_M (3).xlsx",
109,Santa Ana,San José,2022,valor_agregado,1936141.137884854,"PIB,_VA_impuesto_X_M (3).xlsx",
110,Alajuelita,San José,2022,valor_agregado,183184.14968532056,"PIB,_VA_impuesto_X_M (3).xlsx",
111,Vázquez de Coronado,San José,2022,valor_agregado,303429.4027909359,"PIB,_VA_impuesto_X_M (3).xlsx",
112,Acosta,San José,2022,valor_agregado,71739.0345260648,"PIB,_VA_impuesto_X_M (3).xlsx",
113,Tibás,San José,2022,valor_agregado,560040.2740768755,"PIB,_VA_impuesto_X_M (3).xlsx",
114,Moravia,San José,2022,valor_agregado,369709.95465306874,"PIB,_VA_impuesto_X_M (3).xlsx",
115,Montes de Oca,San José,2022,valor_agregado,1288742.967856148,"PIB,_VA_impuesto_X_M (3).xlsx",
116,Turrubares,San José,2022,valor_agregado,17122.980103588852,"PIB,_VA_impuesto_X_M (3).xlsx",
117,Dota,San José,2022,valor_agregado,35881.80155161689,"PIB,_VA_impuesto_X_M (3).xlsx",
118,Curridabat,San José,2022,valor_agregado,891681.5102037594,"PIB,_VA_impuesto_X_M (3).xlsx",
119,Pérez Zeledón,San José,2022,valor_agregado,651335.3243531402,"PIB,_VA_impuesto_X_M (3).xlsx",
120,León Cortés Castro,San José,2022,valor_agregado,84110.24500759378,"PIB,_VA_impuesto_X_M (3).xlsx",
201,Alajuela,Alajuela,2022,valor_agregado,4106141.4941139077,"PIB,_VA_impuesto_X_M (3).xlsx",
202,San Ramón,Alajuela,2022,valor_agregado,368474.9814444189,"PIB,_VA_impuesto_X_M (3).xlsx",
203,Grecia,Alajuela,2022,valor_agregado,452158.30612614023,"PIB,_VA_impuesto_X_M (3).xlsx",
204,San Mateo,Alajuela,2022,valor_agregado,19891.592423021313,"PIB,_VA_impuesto_X_M (3).xlsx",
205,Atenas,Alajuela,2022,valor_agregado,119540.00767614428,"PIB,_VA_impuesto_X_M (3).xlsx",
206,Naranjo,Alajuela,2022,valor_agregado,157319.42748408578,"PIB,_VA_impuesto_X_M (3).xlsx",
207,Palmares,Alajuela,2022,valor_agregado,188638.99664286672,"PIB,_VA_impuesto_X_M (3).xlsx",
208,Poás,Alajuela,2022,valor_agregado,155310.54082244186,"PIB,_VA_impuesto_X_M (3).xlsx",
209,Orotina,Alajuela,2022,valor_agregado,93817.59317535968,"PIB,_VA_impuesto_X_M (3).xlsx",
210,San Carlos,Alajuela,2022,valor_agregado,1132859.8449915606,"PIB,_VA_impuesto_X_M (3).xlsx",
211,Zarcero,Alajuela,2022,valor_agregado,106442.63421594292,"PIB,_VA_impuesto_X_M (3).xlsx",
212,Sarchí,Alajuela,2022,valor_agregado,105961.16607085263,"PIB,_VA_impuesto_X_M (3).xlsx",
213,Upala,Alajuela,2022,valor_agregado,167223.81432795688,"PIB,_VA_impuesto_X_M (3).xlsx",
214,Los Chiles,Alajuela,2022,valor_agregado,106246.84965539744,"PIB,_VA_impuesto_X_M (3).xlsx",
215,Guatuso,Alajuela,2022,valor_agregado,45027.476785279636,"PIB,_VA_impuesto_X_M (3).xlsx",
216,Río Cuarto,Alajuela,2022,valor_agregado,53378.51802041964,"PIB,_VA_impuesto_X_M (3).xlsx",
301,Cartago,Cartago,2022,valor_agregado,1639438.7725944608,"PIB,_VA_impuesto_X_M (3).xlsx",
302,Paraíso,Cartago,2022,valor_agregado,271369.60478009534,"PIB,_VA_impuesto_X_M (3).xlsx",
303,La Unión,Cartago,2022,valor_agregado,555243.0648251192,"PIB,_VA_impuesto_X_M (3).xlsx",
304,Jiménez,Cartago,2022,valor_agregado,109774.44420929348,"PIB,_VA_impuesto_X_M (3).xlsx",
305,Turrialba,Cartago,2022,valor_agregado,321369.3590497563,"PIB,_VA_impuesto_X_M (3).xlsx",
306,Alvarado,Cartago,2022,valor_agregado,85984.22968415746,"PIB,_VA_impuesto_X_M (3).xlsx",
307,Oreamuno,Cartago,2022,valor_agregado,141189.38565184598,"PIB,_VA_impuesto_X_M (3).xlsx",
308,El Guarco,Cartago,2022,valor_agregado,203578.14156050672,"PIB,_VA_impuesto_X_M (3).xlsx",
401,Heredia,Heredia,2022,valor_agregado,2447629.352898439,"PIB,_VA_impuesto_X_M (3).xlsx",
402,Barva,Heredia,2022,valor_agregado,250284.6960253003,"PIB,_VA_impuesto_X_M (3).xlsx",
403,Santo Domingo,Heredia,2022,valor_agregado,592332.5170599163,"PIB,_VA_impuesto_X_M (3).xlsx",
404,Santa Bárbara,Heredia,2022,valor_agregado,133862.62803739007,"PIB,_VA_impuesto_X_M (3).xlsx",
405,San Rafael,Heredia,2022,valor_agregado,338758.35940539546,"PIB,_VA_impuesto_X_M (3).xlsx",
406,San Isidro,Heredia,2022,valor_agregado,128706.92789881042,"PIB,_VA_impuesto_X_M (3).xlsx",
407,Belén,Heredia,2022,valor_agregado,1882755.471917635,"PIB,_VA_impuesto_X_M (3).xlsx",
408,Flores,Heredia,2022,valor_agregado,366174.28627229726,"PIB,_VA_impuesto_X_M (3).xlsx",
409,San Pablo,Heredia,2022,valor_agregado,202969.71302688567,"PIB,_VA_impuesto_X_M (3).xlsx",
410,Sarapiquí,Heredia,2022,valor_agregado,281643.6430998999,"PIB,_VA_impuesto_X_M (3).xlsx",
501,Liberia,Guanacaste,2022,valor_agregado,936506.9728103699,"PIB,_VA_impuesto_X_M (3).xlsx",
502,Nicoya,Guanacaste,2022,valor_agregado,267443.785988028,"PIB,_VA_impuesto_X_M (3).xlsx",
503,Santa Cruz,Guanacaste,2022,valor_agregado,379229.038242705,"PIB,_VA_impuesto_X_M (3).xlsx",
504,Bagaces,Guanacaste,2022,valor_agregado,154897.96957462805,"PIB,_VA_impuesto_X_M (3).xlsx",
505,Carrillo,Guanacaste,2022,valor_agregado,277472.8760853047,"PIB,_VA_impuesto_X_M (3).xlsx",
506,Cañas,Guanacaste,2022,valor_agregado,149096.24863957852,"PIB,_VA_impuesto_X_M (3).xlsx",
507,Abangares,Guanacaste,2022,valor_agregado,105334.74117178048,"PIB,_VA_impuesto_X_M (3).xlsx",
508,Tilarán,Guanacaste,2022,valor_agregado,180603.9529232507,"PIB,_VA_impuesto_X_M (3).xlsx",
509,Nandayure,Guanacaste,2022,valor_agregado,38337.60546762546,"PIB,_VA_impuesto_X_M (3).xlsx",
510,La Cruz,Guanacaste,2022,valor_agregado,82365.78712622814,"PIB,_VA_impuesto_X_M (3).xlsx",
511,Hojancha,Guanacaste,2022,valor_agregado,28857.66588430231,"PIB,_VA_impuesto_X_M (3).xlsx",
601,Puntarenas,Puntarenas,2022,valor_agregado,744758.126035521,"PIB,_VA_impuesto_X_M (3).xlsx",
602,Esparza,Puntarenas,2022,valor_agregado,121747.32910592602,"PIB,_VA_impuesto_X_M (3).xlsx",
603,Buenos Aires,Puntarenas,2022,valor_agregado,135649.39651733133,"PIB,_VA_impuesto_X_M (3).xlsx",
604,Montes de Oro,Puntarenas,2022,valor_agregado,74852.74818892714,"PIB,_VA_impuesto_X_M (3).xlsx",
605,Osa,Puntarenas,2022,valor_agregado,163697.74517673015,"PIB,_VA_impuesto_X_M (3).xlsx",
606,Quepos,Puntarenas,2022,valor_agregado,202387.89667108995,"PIB,_VA_impuesto_X_M (3).xlsx",
607,Golfito,Puntarenas,2022,valor_agregado,175747.2586590216,"PIB,_VA_impuesto_X_M (3).xlsx",
608,Coto Brus,Puntarenas,2022,valor_agregado,152503.65987003245,"PIB,_VA_impuesto_X_M (3).xlsx",
609,Parrita,Puntarenas,2022,valor_agregado,95952.49511085537,"PIB,_VA_impuesto_X_M (3).xlsx",
610,Corredores,Puntarenas,2022,valor_agregado,197633.1284126347,"PIB,_VA_impuesto_X_M (3).xlsx",
611,Garabito,Puntarenas,2022,valor_agregado,183681.85255213908,"PIB,_VA_impuesto_X_M (3).xlsx",
612,Monteverde,Puntarenas,2022,valor_agregado,25385.215349958384,"PIB,_VA_impuesto_X_M (3).xlsx",
613,Puerto Jimenez,Puntarenas,2022,valor_agregado,22903.522473706787,"PIB,_VA_impuesto_X_M (3).xlsx",
701,Limón,Limón,2022,valor_agregado,443748.3671037575,"PIB,_VA_impuesto_X_M (3).xlsx",
702,Pococí,Limón,2022,valor_agregado,730531.5337983082,"PIB,_VA_impuesto_X_M (3).xlsx",
703,Siquirres,Limón,2022,valor_agregado,429138.2025541554,"PIB,_VA_impuesto_X_M (3).xlsx",
704,Talamanca,Limón,2022,valor_agregado,158243.67702747238,"PIB,_VA_impuesto_X_M (3).xlsx",
705,Matina,Limón,2022,valor_agregado,180214.3834776052,"PIB,_VA_impuesto_X_M (3).xlsx",
706,Guácimo,Limón,2022,valor_agregado,214244.4292647057,"PIB,_VA_impuesto_X_M (3).xlsx",
101,San José,San José,2019,impuestos_productos,551260.3883228404,"PIB,_VA_impuesto_X_M (3).xlsx",
102,Escazú,San José,2019,impuestos_productos,93262.12401671137,"PIB,_VA_impuesto_X_M (3).xlsx",
103,Desamparados,San José,2019,impuestos_productos,76502.98106762725,"PIB,_VA_impuesto_X_M (3).xlsx",
104,Puriscal,San José,2019,impuestos_productos,16729.78899531313,"PIB,_VA_impuesto_X_M (3).xlsx",
105,Tarrazú,San José,2019,impuestos_productos,2708.9225637963004,"PIB,_VA_impuesto_X_M (3).xlsx",
106,Aserrí,San José,2019,impuestos_productos,9139.098814574309,"PIB,_VA_impuesto_X_M (3).xlsx",
107,Mora,San José,2019,impuestos_productos,8698.772506156367,"PIB,_VA_impuesto_X_M (3).xlsx",
108,Goicoechea,San José,2019,impuestos_productos,182361.61927887984,"PIB,_VA_impuesto_X_M (3).xlsx",
109,Santa Ana,San José,2019,impuestos_productos,77674.88014062095,"PIB,_VA_impuesto_X_M (3).xlsx",
110,Alajuelita,San José,2019,impuestos_productos,10454.339086691183,"PIB,_VA_impuesto_X_M (3).xlsx",
111,Vázquez de Coronado,San José,2019,impuestos_productos,16868.27056055227,"PIB,_VA_impuesto_X_M (3).xlsx",
112,Acosta,San José,2019,impuestos_productos,3085.400870035607,"PIB,_VA_impuesto_X_M (3).xlsx",
113,Tibás,San José,2019,impuestos_productos,37786.22789260984,"PIB,_VA_impuesto_X_M (3).xlsx",
114,Moravia,San José,2019,impuestos_productos,30611.91570190384,"PIB,_VA_impuesto_X_M (3).xlsx",
115,Montes de Oca,San José,2019,impuestos_productos,41430.86508345064,"PIB,_VA_impuesto_X_M (3).xlsx",
116,Turrubares,San José,2019,impuestos_productos,387.62816043183744,"PIB,_VA_impuesto_X_M (3).xlsx",
117,Dota,San José,2019,impuestos_productos,1107.524846377933,"PIB,_VA_impuesto_X_M (3).xlsx",
118,Curridabat,San José,2019,impuestos_productos,43635.54408960211,"PIB,_VA_impuesto_X_M (3).xlsx",
119,Pérez Zeledón,San José,2019,impuestos_productos,29122.561629084932,"PIB,_VA_impuesto_X_M (3).xlsx",
120,León Cortés Castro,San José,2019,impuestos_productos,2521.0076346628334,"PIB,_VA_impuesto_X_M (3).xlsx",
201,Alajuela,Alajuela,2019,impuestos_productos,315325.716446989,"PIB,_VA_impuesto_X_M (3).xlsx",
202,San Ramón,Alajuela,2019,impuestos_productos,21890.369065531384,"PIB,_VA_impuesto_X_M (3).xlsx",
203,Grecia,Alajuela,2019,impuestos_productos,49885.28007226152,"PIB,_VA_impuesto_X_M (3).xlsx",
204,San Mateo,Alajuela,2019,impuestos_productos,818.9402466604549,"PIB,_VA_impuesto_X_M (3).xlsx",
205,Atenas,Alajuela,2019,impuestos_productos,5737.948218872459,"PIB,_VA_impuesto_X_M (3).xlsx",
206,Naranjo,Alajuela,2019,impuestos_productos,13780.720893221696,"PIB,_VA_impuesto_X_M (3).xlsx",
207,Palmares,Alajuela,2019,impuestos_productos,14002.05041760292,"PIB,_VA_impuesto_X_M (3).xlsx",
208,Poás,Alajuela,2019,impuestos_productos,8309.134224958121,"PIB,_VA_impuesto_X_M (3).xlsx",
209,Orotina,Alajuela,2019,impuestos_productos,5253.0414002353855,"PIB,_VA_impuesto_X_M (3).xlsx",
210,San Carlos,Alajuela,2019,impuestos_productos,66895.22684125084,"PIB,_VA_impuesto_X_M (3).xlsx",
211,Zarcero,Alajuela,2019,impuestos_productos,3849.209751972136,"PIB,_VA_impuesto_X_M (3).xlsx",
212,Sarchí,Alajuela,2019,impuestos_productos,4577.612342703561,"PIB,_VA_impuesto_X_M (3).xlsx",
213,Upala,Alajuela,2019,impuestos_productos,5233.636775335226,"PIB,_VA_impuesto_X_M (3).xlsx",
214,Los Chiles,Alajuela,2019,impuestos_productos,3764.4074189249295,"PIB,_VA_impuesto_X_M (3).xlsx",
215,Guatuso,Alajuela,2019,impuestos_productos,2169.683210861198,"PIB,_VA_impuesto_X_M (3).xlsx",
216,Río Cuarto,Alajuela,2019,impuestos_productos,772.2188492334783,"PIB,_VA_impuesto_X_M (3).xlsx",
301,Cartago,Cartago,2019,impuestos_productos,204602.14327285293,"PIB,_VA_impuesto_X_M (3).xlsx",
302,Paraíso,Cartago,2019,impuestos_productos,17950.293810838833,"PIB,_VA_impuesto_X_M (3).xlsx",
303,La Unión,Cartago,2019,impuestos_productos,63828.936173106755,"PIB,_VA_impuesto_X_M (3).xlsx",
304,Jiménez,Cartago,2019,impuestos_productos,4201.302653246277,"PIB,_VA_impuesto_X_M (3).xlsx",
305,Turrialba,Cartago,2019,impuestos_productos,25920.895478453407,"PIB,_VA_impuesto_X_M (3).xlsx",
306,Alvarado,Cartago,2019,impuestos_productos,2649.48917877395,"PIB,_VA_impuesto_X_M (3).xlsx",
307,Oreamuno,Cartago,2019,impuestos_productos,7392.031941261424,"PIB,_VA_impuesto_X_M (3).xlsx",
308,El Guarco,Cartago,2019,impuestos_productos,15699.135162692553,"PIB,_VA_impuesto_X_M (3).xlsx",
401,Heredia,Heredia,2019,impuestos_productos,117441.30897127255,"PIB,_VA_impuesto_X_M (3).xlsx",
402,Barva,Heredia,2019,impuestos_productos,10697.985377769739,"PIB,_VA_impuesto_X_M (3).xlsx",
403,Santo Domingo,Heredia,2019,impuestos_productos,36215.54078796491,"PIB,_VA_impuesto_X_M (3).xlsx",
404,Santa Bárbara,Heredia,2019,impuestos_productos,5484.040699793799,"PIB,_VA_impuesto_X_M (3).xlsx",
405,San Rafael,Heredia,2019,impuestos_productos,7094.132866799655,"PIB,_VA_impuesto_X_M (3).xlsx",
406,San Isidro,Heredia,2019,impuestos_productos,4115.339191788687,"PIB,_VA_impuesto_X_M (3).xlsx",
407,Belén,Heredia,2019,impuestos_productos,65497.677366271804,"PIB,_VA_impuesto_X_M (3).xlsx",
408,Flores,Heredia,2019,impuestos_productos,24712.982207009583,"PIB,_VA_impuesto_X_M (3).xlsx",
409,San Pablo,Heredia,2019,impuestos_productos,10741.957985536323,"PIB,_VA_impuesto_X_M (3).xlsx",
410,Sarapiquí,Heredia,2019,impuestos_productos,13534.930705203293,"PIB,_VA_impuesto_X_M (3).xlsx",
501,Liberia,Guanacaste,2019,impuestos_productos,55018.06078845226,"PIB,_VA_impuesto_X_M (3).xlsx",
502,Nicoya,Guanacaste,2019,impuestos_productos,10231.665288156124,"PIB,_VA_impuesto_X_M (3).xlsx",
503,Santa Cruz,Guanacaste,2019,impuestos_productos,25117.476586682584,"PIB,_VA_impuesto_X_M (3).xlsx",
504,Bagaces,Guanacaste,2019,impuestos_productos,8225.685918769894,"PIB,_VA_impuesto_X_M (3).xlsx",
505,Carrillo,Guanacaste,2019,impuestos_productos,18354.734982077753,"PIB,_VA_impuesto_X_M (3).xlsx",
506,Cañas,Guanacaste,2019,impuestos_productos,7213.923889700549,"PIB,_VA_impuesto_X_M (3).xlsx",
507,Abangares,Guanacaste,2019,impuestos_productos,11353.529478875687,"PIB,_VA_impuesto_X_M (3).xlsx",
508,Tilarán,Guanacaste,2019,impuestos_productos,11034.65963122804,"PIB,_VA_impuesto_X_M (3).xlsx",
509,Nandayure,Guanacaste,2019,impuestos_productos,1542.980697081036,"PIB,_VA_impuesto_X_M (3).xlsx",
510,La Cruz,Guanacaste,2019,impuestos_productos,5948.2858929869435,"PIB,_VA_impuesto_X_M (3).xlsx",
511,Hojancha,Guanacaste,2019,impuestos_productos,967.8370004353224,"PIB,_VA_impuesto_X_M (3).xlsx",
601,Puntarenas,Puntarenas,2019,impuestos_productos,40820.56938366075,"PIB,_VA_impuesto_X_M (3).xlsx",
602,Esparza,Puntarenas,2019,impuestos_productos,11270.55129190096,"PIB,_VA_impuesto_X_M (3).xlsx",
603,Buenos Aires,Puntarenas,2019,impuestos_productos,2484.1245751692227,"PIB,_VA_impuesto_X_M (3).xlsx",
604,Montes de Oro,Puntarenas,2019,impuestos_productos,4512.717722844609,"PIB,_VA_impuesto_X_M (3).xlsx",
605,Osa,Puntarenas,2019,impuestos_productos,7839.309383652611,"PIB,_VA_impuesto_X_M (3).xlsx",
606,Quepos,Puntarenas,2019,impuestos_productos,15025.947246686263,"PIB,_VA_impuesto_X_M (3).xlsx",
607,Golfito,Puntarenas,2019,impuestos_productos,10318.927565813323,"PIB,_VA_impuesto_X_M (3).xlsx",
608,Coto Brus,Puntarenas,2019,impuestos_productos,4151.199094476346,"PIB,_VA_impuesto_X_M (3).xlsx",
609,Parrita,Puntarenas,2019,impuestos_productos,3095.4955590625177,"PIB,_VA_impuesto_X_M (3).xlsx",
610,Corredores,Puntarenas,2019,impuestos_productos,4934.00115813503,"PIB,_VA_impuesto_X_M (3).xlsx",
611,Garabito,Puntarenas,2019,impuestos_productos,15770.818951019908,"PIB,_VA_impuesto_X_M (3).xlsx",
701,Limón,Limón,2019,impuestos_productos,23367.079684743258,"PIB,_VA_impuesto_X_M (3).xlsx",
702,Pococí,Limón,2019,impuestos_productos,50324.87091220191,"PIB,_VA_impuesto_X_M (3).xlsx",
703,Siquirres,Limón,2019,impuestos_productos,19847.592175461214,"PIB,_VA_impuesto_X_M (3).xlsx",
704,Talamanca,Limón,2019,impuestos_productos,8389.435287666642,"PIB,_VA_impuesto_X_M (3).xlsx",
705,Matina,Limón,2019,impuestos_productos,6442.408645440633,"PIB,_VA_impuesto_X_M (3).xlsx",
706,Guácimo,Limón,2019,impuestos_productos,5181.527865468308,"PIB,_VA_impuesto_X_M (3).xlsx",
101,San José,San José,2020,impuestos_productos,533576.8268099632,"PIB,_VA_impuesto_X_M (3).xlsx",
102,Escazú,San José,2020,impuestos_productos,83857.0130556909,"PIB,_VA_impuesto_X_M (3).xlsx",
103,Desamparados,San José,2020,impuestos_productos,73711.50971973845,"PIB,_VA_impuesto_X_M (3).xlsx",
104,Puriscal,San José,2020,impuestos_productos,12163.601399240135,"PIB,_VA_impuesto_X_M (3).xlsx",
105,Tarrazú,San José,2020,impuestos_productos,3994.256521265931,"PIB,_VA_impuesto_X_M (3).xlsx",
106,Aserrí,San José,2020,impuestos_productos,7412.4103022876225,"PIB,_VA_impuesto_X_M (3).xlsx",
107,Mora,San José,2020,impuestos_productos,7643.062766784811,"PIB,_VA_impuesto_X_M (3).xlsx",
108,Goicoechea,San José,2020,impuestos_productos,165974.30463638215,"PIB,_VA_impuesto_X_M (3).xlsx",
109,Santa Ana,San José,2020,impuestos_productos,64139.49836230524,"PIB,_VA_impuesto_X_M (3).xlsx",
110,Alajuelita,San José,2020,impuestos_productos,15146.860877386149,"PIB,_VA_impuesto_X_M (3).xlsx",
111,Vázquez de Coronado,San José,2020,impuestos_productos,16766.260719843493,"PIB,_VA_impuesto_X_M (3).xlsx",
112,Acosta,San José,2020,impuestos_productos,4239.398666433653,"PIB,_VA_impuesto_X_M (3).xlsx",
113,Tibás,San José,2020,impuestos_productos,28359.407006062705,"PIB,_VA_impuesto_X_M (3).xlsx",
114,Moravia,San José,2020,impuestos_productos,26315.038967792825,"PIB,_VA_impuesto_X_M (3).xlsx",
115,Montes de Oca,San José,2020,impuestos_productos,31130.033758366608,"PIB,_VA_impuesto_X_M (3).xlsx",
116,Turrubares,San José,2020,impuestos_productos,588.6159764035526,"PIB,_VA_impuesto_X_M (3).xlsx",
117,Dota,San José,2020,impuestos_productos,2305.7243704249795,"PIB,_VA_impuesto_X_M (3).xlsx",
118,Curridabat,San José,2020,impuestos_productos,31758.75462432473,"PIB,_VA_impuesto_X_M (3).xlsx",
119,Pérez Zeledón,San José,2020,impuestos_productos,31298.34631464167,"PIB,_VA_impuesto_X_M (3).xlsx",
120,León Cortés Castro,San José,2020,impuestos_productos,3510.1251387055177,"PIB,_VA_impuesto_X_M (3).xlsx",
201,Alajuela,Alajuela,2020,impuestos_productos,307203.36032612284,"PIB,_VA_impuesto_X_M (3).xlsx",
202,San Ramón,Alajuela,2020,impuestos_productos,23114.926853330686,"PIB,_VA_impuesto_X_M (3).xlsx",
203,Grecia,Alajuela,2020,impuestos_productos,51144.06638587681,"PIB,_VA_impuesto_X_M (3).xlsx",
204,San Mateo,Alajuela,2020,impuestos_productos,1098.1449389428346,"PIB,_VA_impuesto_X_M (3).xlsx",
205,Atenas,Alajuela,2020,impuestos_productos,7060.839638819801,"PIB,_VA_impuesto_X_M (3).xlsx",
206,Naranjo,Alajuela,2020,impuestos_productos,16293.482678885808,"PIB,_VA_impuesto_X_M (3).xlsx",
207,Palmares,Alajuela,2020,impuestos_productos,14902.648413490733,"PIB,_VA_impuesto_X_M (3).xlsx",
208,Poás,Alajuela,2020,impuestos_productos,8433.600213881156,"PIB,_VA_impuesto_X_M (3).xlsx",
209,Orotina,Alajuela,2020,impuestos_productos,5460.378793997725,"PIB,_VA_impuesto_X_M (3).xlsx",
210,San Carlos,Alajuela,2020,impuestos_productos,58153.96989656729,"PIB,_VA_impuesto_X_M (3).xlsx",
211,Zarcero,Alajuela,2020,impuestos_productos,5601.364961263313,"PIB,_VA_impuesto_X_M (3).xlsx",
212,Sarchí,Alajuela,2020,impuestos_productos,5000.47475036802,"PIB,_VA_impuesto_X_M (3).xlsx",
213,Upala,Alajuela,2020,impuestos_productos,5038.9078076846745,"PIB,_VA_impuesto_X_M (3).xlsx",
214,Los Chiles,Alajuela,2020,impuestos_productos,2059.938482106989,"PIB,_VA_impuesto_X_M (3).xlsx",
215,Guatuso,Alajuela,2020,impuestos_productos,1991.4126958908419,"PIB,_VA_impuesto_X_M (3).xlsx",
216,Río Cuarto,Alajuela,2020,impuestos_productos,1292.504811985511,"PIB,_VA_impuesto_X_M (3).xlsx",
301,Cartago,Cartago,2020,impuestos_productos,162123.827839259,"PIB,_VA_impuesto_X_M (3).xlsx",
302,Paraíso,Cartago,2020,impuestos_productos,23581.870589333208,"PIB,_VA_impuesto_X_M (3).xlsx",
303,La Unión,Cartago,2020,impuestos_productos,61041.18514737626,"PIB,_VA_impuesto_X_M (3).xlsx",
304,Jiménez,Cartago,2020,impuestos_productos,5553.924484996247,"PIB,_VA_impuesto_X_M (3).xlsx",
305,Turrialba,Cartago,2020,impuestos_productos,20652.287490762417,"PIB,_VA_impuesto_X_M (3).xlsx",
306,Alvarado,Cartago,2020,impuestos_productos,3158.4062876389976,"PIB,_VA_impuesto_X_M (3).xlsx",
307,Oreamuno,Cartago,2020,impuestos_productos,7554.1983312109805,"PIB,_VA_impuesto_X_M (3).xlsx",
308,El Guarco,Cartago,2020,impuestos_productos,10705.55728557557,"PIB,_VA_impuesto_X_M (3).xlsx",
401,Heredia,Heredia,2020,impuestos_productos,123725.84541167298,"PIB,_VA_impuesto_X_M (3).xlsx",
402,Barva,Heredia,2020,impuestos_productos,7949.187561930937,"PIB,_VA_impuesto_X_M (3).xlsx",
403,Santo Domingo,Heredia,2020,impuestos_productos,29142.5293057086,"PIB,_VA_impuesto_X_M (3).xlsx",
404,Santa Bárbara,Heredia,2020,impuestos_productos,6361.0026642134235,"PIB,_VA_impuesto_X_M (3).xlsx",
405,San Rafael,Heredia,2020,impuestos_productos,8365.602265708152,"PIB,_VA_impuesto_X_M (3).xlsx",
406,San Isidro,Heredia,2020,impuestos_productos,3620.0205573269545,"PIB,_VA_impuesto_X_M (3).xlsx",
407,Belén,Heredia,2020,impuestos_productos,61065.74782141578,"PIB,_VA_impuesto_X_M (3).xlsx",
408,Flores,Heredia,2020,impuestos_productos,15847.402746018539,"PIB,_VA_impuesto_X_M (3).xlsx",
409,San Pablo,Heredia,2020,impuestos_productos,10058.894392198396,"PIB,_VA_impuesto_X_M (3).xlsx",
410,Sarapiquí,Heredia,2020,impuestos_productos,13237.733634345319,"PIB,_VA_impuesto_X_M (3).xlsx",
501,Liberia,Guanacaste,2020,impuestos_productos,45366.01416938329,"PIB,_VA_impuesto_X_M (3).xlsx",
502,Nicoya,Guanacaste,2020,impuestos_productos,8816.733782056413,"PIB,_VA_impuesto_X_M (3).xlsx",
503,Santa Cruz,Guanacaste,2020,impuestos_productos,14031.227838941624,"PIB,_VA_impuesto_X_M (3).xlsx",
504,Bagaces,Guanacaste,2020,impuestos_productos,10431.2508019495,"PIB,_VA_impuesto_X_M (3).xlsx",
505,Carrillo,Guanacaste,2020,impuestos_productos,11444.058034851434,"PIB,_VA_impuesto_X_M (3).xlsx",
506,Cañas,Guanacaste,2020,impuestos_productos,7346.91823971342,"PIB,_VA_impuesto_X_M (3).xlsx",
507,Abangares,Guanacaste,2020,impuestos_productos,10049.050735828272,"PIB,_VA_impuesto_X_M (3).xlsx",
508,Tilarán,Guanacaste,2020,impuestos_productos,9738.621357604763,"PIB,_VA_impuesto_X_M (3).xlsx",
509,Nandayure,Guanacaste,2020,impuestos_productos,1024.606369675109,"PIB,_VA_impuesto_X_M (3).xlsx",
510,La Cruz,Guanacaste,2020,impuestos_productos,3822.8096820388373,"PIB,_VA_impuesto_X_M (3).xlsx",
511,Hojancha,Guanacaste,2020,impuestos_productos,776.4578385448045,"PIB,_VA_impuesto_X_M (3).xlsx",
601,Puntarenas,Puntarenas,2020,impuestos_productos,41445.677426737326,"PIB,_VA_impuesto_X_M (3).xlsx",
602,Esparza,Puntarenas,2020,impuestos_productos,11718.888875562707,"PIB,_VA_impuesto_X_M (3).xlsx",
603,Buenos Aires,Puntarenas,2020,impuestos_productos,4394.814430604462,"PIB,_VA_impuesto_X_M (3).xlsx",
604,Montes de Oro,Puntarenas,2020,impuestos_productos,4202.534733384921,"PIB,_VA_impuesto_X_M (3).xlsx",
605,Osa,Puntarenas,2020,impuestos_productos,6684.702606862532,"PIB,_VA_impuesto_X_M (3).xlsx",
606,Quepos,Puntarenas,2020,impuestos_productos,11165.796436140343,"PIB,_VA_impuesto_X_M (3).xlsx",
607,Golfito,Puntarenas,2020,impuestos_productos,9762.468913362383,"PIB,_VA_impuesto_X_M (3).xlsx",
608,Coto Brus,Puntarenas,2020,impuestos_productos,5178.154495197964,"PIB,_VA_impuesto_X_M (3).xlsx",
609,Parrita,Puntarenas,2020,impuestos_productos,3198.4445517241984,"PIB,_VA_impuesto_X_M (3).xlsx",
610,Corredores,Puntarenas,2020,impuestos_productos,4269.165197472726,"PIB,_VA_impuesto_X_M (3).xlsx",
611,Garabito,Puntarenas,2020,impuestos_productos,11380.28283878057,"PIB,_VA_impuesto_X_M (3).xlsx",
701,Limón,Limón,2020,impuestos_productos,23944.095747877494,"PIB,_VA_impuesto_X_M (3).xlsx",
702,Pococí,Limón,2020,impuestos_productos,42987.13718365732,"PIB,_VA_impuesto_X_M (3).xlsx",
703,Siquirres,Limón,2020,impuestos_productos,19986.037070338454,"PIB,_VA_impuesto_X_M (3).xlsx",
704,Talamanca,Limón,2020,impuestos_productos,5429.212545274319,"PIB,_VA_impuesto_X_M (3).xlsx",
705,Matina,Limón,2020,impuestos_productos,7474.834337682142,"PIB,_VA_impuesto_X_M (3).xlsx",
706,Guácimo,Limón,2020,impuestos_productos,7371.636047246353,"PIB,_VA_impuesto_X_M (3).xlsx",
101,San José,San José,2021,impuestos_productos,630900.1991819984,"PIB,_VA_impuesto_X_M (3).xlsx",
102,Escazú,San José,2021,impuestos_productos,108991.56581233593,"PIB,_VA_impuesto_X_M (3).xlsx",
103,Desamparados,San José,2021,impuestos_productos,64681.32284772432,"PIB,_VA_impuesto_X_M (3).xlsx",
104,Puriscal,San José,2021,impuestos_productos,18505.59085363666,"PIB,_VA_impuesto_X_M (3).xlsx",
105,Tarrazú,San José,2021,impuestos_productos,4439.539669018414,"PIB,_VA_impuesto_X_M (3).xlsx",
106,Aserrí,San José,2021,impuestos_productos,8254.674229281274,"PIB,_VA_impuesto_X_M (3).xlsx",
107,Mora,San José,2021,impuestos_productos,9913.529985707763,"PIB,_VA_impuesto_X_M (3).xlsx",
108,Goicoechea,San José,2021,impuestos_productos,95527.58852191595,"PIB,_VA_impuesto_X_M (3).xlsx",
109,Santa Ana,San José,2021,impuestos_productos,79601.05297700681,"PIB,_VA_impuesto_X_M (3).xlsx",
110,Alajuelita,San José,2021,impuestos_productos,14864.066851706357,"PIB,_VA_impuesto_X_M (3).xlsx",
111,Vázquez de Coronado,San José,2021,impuestos_productos,21389.910676552965,"PIB,_VA_impuesto_X_M (3).xlsx",
112,Acosta,San José,2021,impuestos_productos,4847.508186310508,"PIB,_VA_impuesto_X_M (3).xlsx",
113,Tibás,San José,2021,impuestos_productos,46714.41606734491,"PIB,_VA_impuesto_X_M (3).xlsx",
114,Moravia,San José,2021,impuestos_productos,35701.03846303961,"PIB,_VA_impuesto_X_M (3).xlsx",
115,Montes de Oca,San José,2021,impuestos_productos,40875.01493128521,"PIB,_VA_impuesto_X_M (3).xlsx",
116,Turrubares,San José,2021,impuestos_productos,549.7860993399842,"PIB,_VA_impuesto_X_M (3).xlsx",
117,Dota,San José,2021,impuestos_productos,1460.679522071407,"PIB,_VA_impuesto_X_M (3).xlsx",
118,Curridabat,San José,2021,impuestos_productos,56923.81534966461,"PIB,_VA_impuesto_X_M (3).xlsx",
119,Pérez Zeledón,San José,2021,impuestos_productos,38057.553078747,"PIB,_VA_impuesto_X_M (3).xlsx",
120,León Cortés Castro,San José,2021,impuestos_productos,4118.866711108323,"PIB,_VA_impuesto_X_M (3).xlsx",
201,Alajuela,Alajuela,2021,impuestos_productos,376877.56187719863,"PIB,_VA_impuesto_X_M (3).xlsx",
202,San Ramón,Alajuela,2021,impuestos_productos,24571.054927830206,"PIB,_VA_impuesto_X_M (3).xlsx",
203,Grecia,Alajuela,2021,impuestos_productos,53069.8284144701,"PIB,_VA_impuesto_X_M (3).xlsx",
204,San Mateo,Alajuela,2021,impuestos_productos,851.2563668556054,"PIB,_VA_impuesto_X_M (3).xlsx",
205,Atenas,Alajuela,2021,impuestos_productos,7868.951673239666,"PIB,_VA_impuesto_X_M (3).xlsx",
206,Naranjo,Alajuela,2021,impuestos_productos,18039.624617859943,"PIB,_VA_impuesto_X_M (3).xlsx",
207,Palmares,Alajuela,2021,impuestos_productos,15208.220936190499,"PIB,_VA_impuesto_X_M (3).xlsx",
208,Poás,Alajuela,2021,impuestos_productos,9615.331034105362,"PIB,_VA_impuesto_X_M (3).xlsx",
209,Orotina,Alajuela,2021,impuestos_productos,6904.97357421971,"PIB,_VA_impuesto_X_M (3).xlsx",
210,San Carlos,Alajuela,2021,impuestos_productos,75119.79194211023,"PIB,_VA_impuesto_X_M (3).xlsx",
211,Zarcero,Alajuela,2021,impuestos_productos,4403.143406614292,"PIB,_VA_impuesto_X_M (3).xlsx",
212,Sarchí,Alajuela,2021,impuestos_productos,5776.422229036904,"PIB,_VA_impuesto_X_M (3).xlsx",
213,Upala,Alajuela,2021,impuestos_productos,7060.054877699988,"PIB,_VA_impuesto_X_M (3).xlsx",
214,Los Chiles,Alajuela,2021,impuestos_productos,2920.2724802992057,"PIB,_VA_impuesto_X_M (3).xlsx",
215,Guatuso,Alajuela,2021,impuestos_productos,2044.2246803617586,"PIB,_VA_impuesto_X_M (3).xlsx",
216,Río Cuarto,Alajuela,2021,impuestos_productos,1395.7917935400328,"PIB,_VA_impuesto_X_M (3).xlsx",
301,Cartago,Cartago,2021,impuestos_productos,206834.65218816587,"PIB,_VA_impuesto_X_M (3).xlsx",
302,Paraíso,Cartago,2021,impuestos_productos,17324.19613798303,"PIB,_VA_impuesto_X_M (3).xlsx",
303,La Unión,Cartago,2021,impuestos_productos,69008.51745107057,"PIB,_VA_impuesto_X_M (3).xlsx",
304,Jiménez,Cartago,2021,impuestos_productos,5784.379225132039,"PIB,_VA_impuesto_X_M (3).xlsx",
305,Turrialba,Cartago,2021,impuestos_productos,22322.2130900981,"PIB,_VA_impuesto_X_M (3).xlsx",
306,Alvarado,Cartago,2021,impuestos_productos,4631.137352763257,"PIB,_VA_impuesto_X_M (3).xlsx",
307,Oreamuno,Cartago,2021,impuestos_productos,7215.356837933587,"PIB,_VA_impuesto_X_M (3).xlsx",
308,El Guarco,Cartago,2021,impuestos_productos,14858.949319397594,"PIB,_VA_impuesto_X_M (3).xlsx",
401,Heredia,Heredia,2021,impuestos_productos,137717.05924074235,"PIB,_VA_impuesto_X_M (3).xlsx",
402,Barva,Heredia,2021,impuestos_productos,12801.617708420401,"PIB,_VA_impuesto_X_M (3).xlsx",
403,Santo Domingo,Heredia,2021,impuestos_productos,50396.740631083856,"PIB,_VA_impuesto_X_M (3).xlsx",
404,Santa Bárbara,Heredia,2021,impuestos_productos,7005.096059387457,"PIB,_VA_impuesto_X_M (3).xlsx",
405,San Rafael,Heredia,2021,impuestos_productos,10972.398515980489,"PIB,_VA_impuesto_X_M (3).xlsx",
406,San Isidro,Heredia,2021,impuestos_productos,7652.555897064167,"PIB,_VA_impuesto_X_M (3).xlsx",
407,Belén,Heredia,2021,impuestos_productos,128478.67988176331,"PIB,_VA_impuesto_X_M (3).xlsx",
408,Flores,Heredia,2021,impuestos_productos,123537.56938358216,"PIB,_VA_impuesto_X_M (3).xlsx",
409,San Pablo,Heredia,2021,impuestos_productos,14594.525975239703,"PIB,_VA_impuesto_X_M (3).xlsx",
410,Sarapiquí,Heredia,2021,impuestos_productos,14594.415166700997,"PIB,_VA_impuesto_X_M (3).xlsx",
501,Liberia,Guanacaste,2021,impuestos_productos,60870.54292730987,"PIB,_VA_impuesto_X_M (3).xlsx",
502,Nicoya,Guanacaste,2021,impuestos_productos,11822.769740406831,"PIB,_VA_impuesto_X_M (3).xlsx",
503,Santa Cruz,Guanacaste,2021,impuestos_productos,27668.448733226673,"PIB,_VA_impuesto_X_M (3).xlsx",
504,Bagaces,Guanacaste,2021,impuestos_productos,9316.05836653198,"PIB,_VA_impuesto_X_M (3).xlsx",
505,Carrillo,Guanacaste,2021,impuestos_productos,17661.389495712778,"PIB,_VA_impuesto_X_M (3).xlsx",
506,Cañas,Guanacaste,2021,impuestos_productos,10299.83204331907,"PIB,_VA_impuesto_X_M (3).xlsx",
507,Abangares,Guanacaste,2021,impuestos_productos,11532.057091013863,"PIB,_VA_impuesto_X_M (3).xlsx",
508,Tilarán,Guanacaste,2021,impuestos_productos,9916.559374865488,"PIB,_VA_impuesto_X_M (3).xlsx",
509,Nandayure,Guanacaste,2021,impuestos_productos,2470.15035204984,"PIB,_VA_impuesto_X_M (3).xlsx",
510,La Cruz,Guanacaste,2021,impuestos_productos,4514.893128543362,"PIB,_VA_impuesto_X_M (3).xlsx",
511,Hojancha,Guanacaste,2021,impuestos_productos,1274.5849232097944,"PIB,_VA_impuesto_X_M (3).xlsx",
601,Puntarenas,Puntarenas,2021,impuestos_productos,55664.51270819269,"PIB,_VA_impuesto_X_M (3).xlsx",
602,Esparza,Puntarenas,2021,impuestos_productos,11663.405403052988,"PIB,_VA_impuesto_X_M (3).xlsx",
603,Buenos Aires,Puntarenas,2021,impuestos_productos,4521.557399982834,"PIB,_VA_impuesto_X_M (3).xlsx",
604,Montes de Oro,Puntarenas,2021,impuestos_productos,5491.693086378246,"PIB,_VA_impuesto_X_M (3).xlsx",
605,Osa,Puntarenas,2021,impuestos_productos,8924.36525181088,"PIB,_VA_impuesto_X_M (3).xlsx",
606,Quepos,Puntarenas,2021,impuestos_productos,15227.565047488713,"PIB,_VA_impuesto_X_M (3).xlsx",
607,Golfito,Puntarenas,2021,impuestos_productos,16368.751360149607,"PIB,_VA_impuesto_X_M (3).xlsx",
608,Coto Brus,Puntarenas,2021,impuestos_productos,7071.409122460134,"PIB,_VA_impuesto_X_M (3).xlsx",
609,Parrita,Puntarenas,2021,impuestos_productos,5151.2292078881555,"PIB,_VA_impuesto_X_M (3).xlsx",
610,Corredores,Puntarenas,2021,impuestos_productos,7506.182280522657,"PIB,_VA_impuesto_X_M (3).xlsx",
611,Garabito,Puntarenas,2021,impuestos_productos,14549.083030207117,"PIB,_VA_impuesto_X_M (3).xlsx",
701,Limón,Limón,2021,impuestos_productos,24607.069675859442,"PIB,_VA_impuesto_X_M (3).xlsx",
702,Pococí,Limón,2021,impuestos_productos,57646.99763105431,"PIB,_VA_impuesto_X_M (3).xlsx",
703,Siquirres,Limón,2021,impuestos_productos,24703.01143564237,"PIB,_VA_impuesto_X_M (3).xlsx",
704,Talamanca,Limón,2021,impuestos_productos,10353.96716689795,"PIB,_VA_impuesto_X_M (3).xlsx",
705,Matina,Limón,2021,impuestos_productos,7725.6993419068,"PIB,_VA_impuesto_X_M (3).xlsx",
706,Guácimo,Limón,2021,impuestos_productos,6893.707107951885,"PIB,_VA_impuesto_X_M (3).xlsx",
101,San José,San José,2022,impuestos_productos,755544.2187611042,"PIB,_VA_impuesto_X_M (3).xlsx",
102,Escazú,San José,2022,impuestos_productos,133774.48397536293,"PIB,_VA_impuesto_X_M (3).xlsx",
103,Desamparados,San José,2022,impuestos_productos,78322.78366312238,"PIB,_VA_impuesto_X_M (3).xlsx",
104,Puriscal,San José,2022,impuestos_productos,12626.673223264452,"PIB,_VA_impuesto_X_M (3).xlsx",
105,Tarrazú,San José,2022,impuestos_productos,4426.070026021119,"PIB,_VA_impuesto_X_M (3).xlsx",
106,Aserrí,San José,2022,impuestos_productos,9097.865794025798,"PIB,_VA_impuesto_X_M (3).xlsx",
107,Mora,San José,2022,impuestos_productos,11633.486445246956,"PIB,_VA_impuesto_X_M (3).xlsx",
108,Goicoechea,San José,2022,impuestos_productos,100910.36202644746,"PIB,_VA_impuesto_X_M (3).xlsx",
109,Santa Ana,San José,2022,impuestos_productos,87228.85234859963,"PIB,_VA_impuesto_X_M (3).xlsx",
110,Alajuelita,San José,2022,impuestos_productos,15434.462589688392,"PIB,_VA_impuesto_X_M (3).xlsx",
111,Vázquez de Coronado,San José,2022,impuestos_productos,20871.183644408327,"PIB,_VA_impuesto_X_M (3).xlsx",
112,Acosta,San José,2022,impuestos_productos,3841.6888842545063,"PIB,_VA_impuesto_X_M (3).xlsx",
113,Tibás,San José,2022,impuestos_productos,50596.94853584755,"PIB,_VA_impuesto_X_M (3).xlsx",
114,Moravia,San José,2022,impuestos_productos,27285.947320702606,"PIB,_VA_impuesto_X_M (3).xlsx",
115,Montes de Oca,San José,2022,impuestos_productos,61586.83895732331,"PIB,_VA_impuesto_X_M (3).xlsx",
116,Turrubares,San José,2022,impuestos_productos,524.8790724648112,"PIB,_VA_impuesto_X_M (3).xlsx",
117,Dota,San José,2022,impuestos_productos,2002.6931519940924,"PIB,_VA_impuesto_X_M (3).xlsx",
118,Curridabat,San José,2022,impuestos_productos,67684.12481605395,"PIB,_VA_impuesto_X_M (3).xlsx",
119,Pérez Zeledón,San José,2022,impuestos_productos,40783.73684849532,"PIB,_VA_impuesto_X_M (3).xlsx",
120,León Cortés Castro,San José,2022,impuestos_productos,4276.336123074707,"PIB,_VA_impuesto_X_M (3).xlsx",
201,Alajuela,Alajuela,2022,impuestos_productos,412775.41201101756,"PIB,_VA_impuesto_X_M (3).xlsx",
202,San Ramón,Alajuela,2022,impuestos_productos,22311.58848027477,"PIB,_VA_impuesto_X_M (3).xlsx",
203,Grecia,Alajuela,2022,impuestos_productos,55911.071380832065,"PIB,_VA_impuesto_X_M (3).xlsx",
204,San Mateo,Alajuela,2022,impuestos_productos,946.3524987617071,"PIB,_VA_impuesto_X_M (3).xlsx",
205,Atenas,Alajuela,2022,impuestos_productos,7664.9874964386445,"PIB,_VA_impuesto_X_M (3).xlsx",
206,Naranjo,Alajuela,2022,impuestos_productos,15450.615468531285,"PIB,_VA_impuesto_X_M (3).xlsx",
207,Palmares,Alajuela,2022,impuestos_productos,19532.53320325341,"PIB,_VA_impuesto_X_M (3).xlsx",
208,Poás,Alajuela,2022,impuestos_productos,11514.372257944231,"PIB,_VA_impuesto_X_M (3).xlsx",
209,Orotina,Alajuela,2022,impuestos_productos,7394.599769754601,"PIB,_VA_impuesto_X_M (3).xlsx",
210,San Carlos,Alajuela,2022,impuestos_productos,77474.302921666,"PIB,_VA_impuesto_X_M (3).xlsx",
211,Zarcero,Alajuela,2022,impuestos_productos,5650.650494424922,"PIB,_VA_impuesto_X_M (3).xlsx",
212,Sarchí,Alajuela,2022,impuestos_productos,5329.655970530361,"PIB,_VA_impuesto_X_M (3).xlsx",
213,Upala,Alajuela,2022,impuestos_productos,8033.462641083181,"PIB,_VA_impuesto_X_M (3).xlsx",
214,Los Chiles,Alajuela,2022,impuestos_productos,3545.1053318518093,"PIB,_VA_impuesto_X_M (3).xlsx",
215,Guatuso,Alajuela,2022,impuestos_productos,2298.019716474224,"PIB,_VA_impuesto_X_M (3).xlsx",
216,Río Cuarto,Alajuela,2022,impuestos_productos,3185.745175573483,"PIB,_VA_impuesto_X_M (3).xlsx",
301,Cartago,Cartago,2022,impuestos_productos,202052.5035141398,"PIB,_VA_impuesto_X_M (3).xlsx",
302,Paraíso,Cartago,2022,impuestos_productos,18899.20203437214,"PIB,_VA_impuesto_X_M (3).xlsx",
303,La Unión,Cartago,2022,impuestos_productos,79148.05017883974,"PIB,_VA_impuesto_X_M (3).xlsx",
304,Jiménez,Cartago,2022,impuestos_productos,6154.8304769343695,"PIB,_VA_impuesto_X_M (3).xlsx",
305,Turrialba,Cartago,2022,impuestos_productos,33518.69030188542,"PIB,_VA_impuesto_X_M (3).xlsx",
306,Alvarado,Cartago,2022,impuestos_productos,4720.577011407037,"PIB,_VA_impuesto_X_M (3).xlsx",
307,Oreamuno,Cartago,2022,impuestos_productos,8754.645305675283,"PIB,_VA_impuesto_X_M (3).xlsx",
308,El Guarco,Cartago,2022,impuestos_productos,18148.477708114086,"PIB,_VA_impuesto_X_M (3).xlsx",
401,Heredia,Heredia,2022,impuestos_productos,143403.37171807908,"PIB,_VA_impuesto_X_M (3).xlsx",
402,Barva,Heredia,2022,impuestos_productos,14869.360341546768,"PIB,_VA_impuesto_X_M (3).xlsx",
403,Santo Domingo,Heredia,2022,impuestos_productos,62024.32490720632,"PIB,_VA_impuesto_X_M (3).xlsx",
404,Santa Bárbara,Heredia,2022,impuestos_productos,7555.593586469587,"PIB,_VA_impuesto_X_M (3).xlsx",
405,San Rafael,Heredia,2022,impuestos_productos,13451.66737223243,"PIB,_VA_impuesto_X_M (3).xlsx",
406,San Isidro,Heredia,2022,impuestos_productos,8073.5509855524615,"PIB,_VA_impuesto_X_M (3).xlsx",
407,Belén,Heredia,2022,impuestos_productos,122348.88623938628,"PIB,_VA_impuesto_X_M (3).xlsx",
408,Flores,Heredia,2022,impuestos_productos,149307.6157679139,"PIB,_VA_impuesto_X_M (3).xlsx",
409,San Pablo,Heredia,2022,impuestos_productos,19711.835510688485,"PIB,_VA_impuesto_X_M (3).xlsx",
410,Sarapiquí,Heredia,2022,impuestos_productos,13364.781215833611,"PIB,_VA_impuesto_X_M (3).xlsx",
501,Liberia,Guanacaste,2022,impuestos_productos,69042.43587364016,"PIB,_VA_impuesto_X_M (3).xlsx",
502,Nicoya,Guanacaste,2022,impuestos_productos,15460.800839667663,"PIB,_VA_impuesto_X_M (3).xlsx",
503,Santa Cruz,Guanacaste,2022,impuestos_productos,30895.788777138998,"PIB,_VA_impuesto_X_M (3).xlsx",
504,Bagaces,Guanacaste,2022,impuestos_productos,12377.184069547156,"PIB,_VA_impuesto_X_M (3).xlsx",
505,Carrillo,Guanacaste,2022,impuestos_productos,22869.050913174662,"PIB,_VA_impuesto_X_M (3).xlsx",
506,Cañas,Guanacaste,2022,impuestos_productos,11897.305007092078,"PIB,_VA_impuesto_X_M (3).xlsx",
507,Abangares,Guanacaste,2022,impuestos_productos,12344.364290729522,"PIB,_VA_impuesto_X_M (3).xlsx",
508,Tilarán,Guanacaste,2022,impuestos_productos,10271.6364942766,"PIB,_VA_impuesto_X_M (3).xlsx",
509,Nandayure,Guanacaste,2022,impuestos_productos,2539.4508689361974,"PIB,_VA_impuesto_X_M (3).xlsx",
510,La Cruz,Guanacaste,2022,impuestos_productos,6708.6113615109325,"PIB,_VA_impuesto_X_M (3).xlsx",
511,Hojancha,Guanacaste,2022,impuestos_productos,1694.457678636721,"PIB,_VA_impuesto_X_M (3).xlsx",
601,Puntarenas,Puntarenas,2022,impuestos_productos,60913.44193223955,"PIB,_VA_impuesto_X_M (3).xlsx",
602,Esparza,Puntarenas,2022,impuestos_productos,12756.646584139246,"PIB,_VA_impuesto_X_M (3).xlsx",
603,Buenos Aires,Puntarenas,2022,impuestos_productos,4906.619539820335,"PIB,_VA_impuesto_X_M (3).xlsx",
604,Montes de Oro,Puntarenas,2022,impuestos_productos,6061.3369395120035,"PIB,_VA_impuesto_X_M (3).xlsx",
605,Osa,Puntarenas,2022,impuestos_productos,11870.471300959867,"PIB,_VA_impuesto_X_M (3).xlsx",
606,Quepos,Puntarenas,2022,impuestos_productos,15422.55594490785,"PIB,_VA_impuesto_X_M (3).xlsx",
607,Golfito,Puntarenas,2022,impuestos_productos,16987.482189228307,"PIB,_VA_impuesto_X_M (3).xlsx",
608,Coto Brus,Puntarenas,2022,impuestos_productos,7924.915996821393,"PIB,_VA_impuesto_X_M (3).xlsx",
609,Parrita,Puntarenas,2022,impuestos_productos,5416.517758668507,"PIB,_VA_impuesto_X_M (3).xlsx",
610,Corredores,Puntarenas,2022,impuestos_productos,7509.921875541905,"PIB,_VA_impuesto_X_M (3).xlsx",
611,Garabito,Puntarenas,2022,impuestos_productos,16689.74720277813,"PIB,_VA_impuesto_X_M (3).xlsx",
612,Monteverde,Puntarenas,2022,impuestos_productos,2408.7928378874212,"PIB,_VA_impuesto_X_M (3).xlsx",
613,Puerto Jimenez,Puntarenas,2022,impuestos_productos,1448.8414971037005,"PIB,_VA_impuesto_X_M (3).xlsx",
701,Limón,Limón,2022,impuestos_productos,22905.901198275205,"PIB,_VA_impuesto_X_M (3).xlsx",
702,Pococí,Limón,2022,impuestos_productos,58600.55246837778,"PIB,_VA_impuesto_X_M (3).xlsx",
703,Siquirres,Limón,2022,impuestos_productos,28229.41933856718,"PIB,_VA_impuesto_X_M (3).xlsx",
704,Talamanca,Limón,2022,impuestos_productos,10823.04009045278,"PIB,_VA_impuesto_X_M (3).xlsx",
705,Matina,Limón,2022,impuestos_productos,4769.172163979549,"PIB,_VA_impuesto_X_M (3).xlsx",
706,Guácimo,Limón,2022,impuestos_productos,9145.971827863013,"PIB,_VA_impuesto_X_M (3).xlsx",
101,San José,San José,2019,pib,6699198.608940375,"PIB,_VA_impuesto_X_M (3).xlsx",
102,Escazú,San José,2019,pib,1517635.4171654237,"PIB,_VA_impuesto_X_M (3).xlsx",
103,Desamparados,San José,2019,pib,999748.8304947246,"PIB,_VA_impuesto_X_M (3).xlsx",
104,Puriscal,San José,2019,pib,128413.59319766774,"PIB,_VA_impuesto_X_M (3).xlsx",
105,Tarrazú,San José,2019,pib,69589.1450145689,"PIB,_VA_impuesto_X_M (3).xlsx",
106,Aserrí,San José,2019,pib,146564.56050114607,"PIB,_VA_impuesto_X_M (3).xlsx",
107,Mora,San José,2019,pib,144079.25582132782,"PIB,_VA_impuesto_X_M (3).xlsx",
108,Goicoechea,San José,2019,pib,1079998.56214973,"PIB,_VA_impuesto_X_M (3).xlsx",
109,Santa Ana,San José,2019,pib,1665929.0547385092,"PIB,_VA_impuesto_X_M (3).xlsx",
110,Alajuelita,San José,2019,pib,180641.7573597433,"PIB,_VA_impuesto_X_M (3).xlsx",
111,Vázquez de Coronado,San José,2019,pib,296535.54755461734,"PIB,_VA_impuesto_X_M (3).xlsx",
112,Acosta,San José,2019,pib,53439.618781101584,"PIB,_VA_impuesto_X_M (3).xlsx",
113,Tibás,San José,2019,pib,490551.8920223867,"PIB,_VA_impuesto_X_M (3).xlsx",
114,Moravia,San José,2019,pib,373544.61302766495,"PIB,_VA_impuesto_X_M (3).xlsx",
115,Montes de Oca,San José,2019,pib,1072029.8467862364,"PIB,_VA_impuesto_X_M (3).xlsx",
116,Turrubares,San José,2019,pib,14900.611489157229,"PIB,_VA_impuesto_X_M (3).xlsx",
117,Dota,San José,2019,pib,28254.29175193453,"PIB,_VA_impuesto_X_M (3).xlsx",
118,Curridabat,San José,2019,pib,822926.1819652173,"PIB,_VA_impuesto_X_M (3).xlsx",
119,Pérez Zeledón,San José,2019,pib,530636.9552378536,"PIB,_VA_impuesto_X_M (3).xlsx",
120,León Cortés Castro,San José,2019,pib,70490.96862152008,"PIB,_VA_impuesto_X_M (3).xlsx",
201,Alajuela,Alajuela,2019,pib,3663021.3139441535,"PIB,_VA_impuesto_X_M (3).xlsx",
202,San Ramón,Alajuela,2019,pib,388749.3205924368,"PIB,_VA_impuesto_X_M (3).xlsx",
203,Grecia,Alajuela,2019,pib,392393.4808560485,"PIB,_VA_impuesto_X_M (3).xlsx",
204,San Mateo,Alajuela,2019,pib,29400.41141737652,"PIB,_VA_impuesto_X_M (3).xlsx",
205,Atenas,Alajuela,2019,pib,117252.76608562474,"PIB,_VA_impuesto_X_M (3).xlsx",
206,Naranjo,Alajuela,2019,pib,173631.79534094277,"PIB,_VA_impuesto_X_M (3).xlsx",
207,Palmares,Alajuela,2019,pib,172199.8353778405,"PIB,_VA_impuesto_X_M (3).xlsx",
208,Poás,Alajuela,2019,pib,155496.4120154904,"PIB,_VA_impuesto_X_M (3).xlsx",
209,Orotina,Alajuela,2019,pib,85565.26020214552,"PIB,_VA_impuesto_X_M (3).xlsx",
210,San Carlos,Alajuela,2019,pib,1058499.9552956664,"PIB,_VA_impuesto_X_M (3).xlsx",
211,Zarcero,Alajuela,2019,pib,86765.7139113946,"PIB,_VA_impuesto_X_M (3).xlsx",
212,Sarchí,Alajuela,2019,pib,81100.90676476111,"PIB,_VA_impuesto_X_M (3).xlsx",
213,Upala,Alajuela,2019,pib,162947.45839782734,"PIB,_VA_impuesto_X_M (3).xlsx",
214,Los Chiles,Alajuela,2019,pib,119393.01942866875,"PIB,_VA_impuesto_X_M (3).xlsx",
215,Guatuso,Alajuela,2019,pib,53257.17026584192,"PIB,_VA_impuesto_X_M (3).xlsx",
216,Río Cuarto,Alajuela,2019,pib,50122.46110763644,"PIB,_VA_impuesto_X_M (3).xlsx",
301,Cartago,Cartago,2019,pib,1401237.0725253287,"PIB,_VA_impuesto_X_M (3).xlsx",
302,Paraíso,Cartago,2019,pib,262976.55534093664,"PIB,_VA_impuesto_X_M (3).xlsx",
303,La Unión,Cartago,2019,pib,634885.6710527285,"PIB,_VA_impuesto_X_M (3).xlsx",
304,Jiménez,Cartago,2019,pib,89323.43187595096,"PIB,_VA_impuesto_X_M (3).xlsx",
305,Turrialba,Cartago,2019,pib,323785.6459829352,"PIB,_VA_impuesto_X_M (3).xlsx",
306,Alvarado,Cartago,2019,pib,68623.74254389244,"PIB,_VA_impuesto_X_M (3).xlsx",
307,Oreamuno,Cartago,2019,pib,144580.95472945584,"PIB,_VA_impuesto_X_M (3).xlsx",
308,El Guarco,Cartago,2019,pib,222483.94715453938,"PIB,_VA_impuesto_X_M (3).xlsx",
401,Heredia,Heredia,2019,pib,2079965.4952911965,"PIB,_VA_impuesto_X_M (3).xlsx",
402,Barva,Heredia,2019,pib,197026.49974356615,"PIB,_VA_impuesto_X_M (3).xlsx",
403,Santo Domingo,Heredia,2019,pib,447680.23951425805,"PIB,_VA_impuesto_X_M (3).xlsx",
404,Santa Bárbara,Heredia,2019,pib,108163.24746549067,"PIB,_VA_impuesto_X_M (3).xlsx",
405,San Rafael,Heredia,2019,pib,220014.99901923927,"PIB,_VA_impuesto_X_M (3).xlsx",
406,San Isidro,Heredia,2019,pib,121372.09873545879,"PIB,_VA_impuesto_X_M (3).xlsx",
407,Belén,Heredia,2019,pib,1141994.5023317423,"PIB,_VA_impuesto_X_M (3).xlsx",
408,Flores,Heredia,2019,pib,294917.1709221965,"PIB,_VA_impuesto_X_M (3).xlsx",
409,San Pablo,Heredia,2019,pib,191606.23377655898,"PIB,_VA_impuesto_X_M (3).xlsx",
410,Sarapiquí,Heredia,2019,pib,297728.61517662584,"PIB,_VA_impuesto_X_M (3).xlsx",
501,Liberia,Guanacaste,2019,pib,741809.8998918703,"PIB,_VA_impuesto_X_M (3).xlsx",
502,Nicoya,Guanacaste,2019,pib,227247.44963404306,"PIB,_VA_impuesto_X_M (3).xlsx",
503,Santa Cruz,Guanacaste,2019,pib,340089.9679817187,"PIB,_VA_impuesto_X_M (3).xlsx",
504,Bagaces,Guanacaste,2019,pib,165955.91557493518,"PIB,_VA_impuesto_X_M (3).xlsx",
505,Carrillo,Guanacaste,2019,pib,235960.99481016732,"PIB,_VA_impuesto_X_M (3).xlsx",
506,Cañas,Guanacaste,2019,pib,149387.70253122775,"PIB,_VA_impuesto_X_M (3).xlsx",
507,Abangares,Guanacaste,2019,pib,102671.67168333822,"PIB,_VA_impuesto_X_M (3).xlsx",
508,Tilarán,Guanacaste,2019,pib,221739.58261981,"PIB,_VA_impuesto_X_M (3).xlsx",
509,Nandayure,Guanacaste,2019,pib,38137.288455466216,"PIB,_VA_impuesto_X_M (3).xlsx",
510,La Cruz,Guanacaste,2019,pib,89781.30297183436,"PIB,_VA_impuesto_X_M (3).xlsx",
511,Hojancha,Guanacaste,2019,pib,20717.075686825632,"PIB,_VA_impuesto_X_M (3).xlsx",
601,Puntarenas,Puntarenas,2019,pib,655316.771206563,"PIB,_VA_impuesto_X_M (3).xlsx",
602,Esparza,Puntarenas,2019,pib,120026.80856110888,"PIB,_VA_impuesto_X_M (3).xlsx",
603,Buenos Aires,Puntarenas,2019,pib,113795.10983088476,"PIB,_VA_impuesto_X_M (3).xlsx",
604,Montes de Oro,Puntarenas,2019,pib,66310.21039704027,"PIB,_VA_impuesto_X_M (3).xlsx",
605,Osa,Puntarenas,2019,pib,133941.77420443218,"PIB,_VA_impuesto_X_M (3).xlsx",
606,Quepos,Puntarenas,2019,pib,195433.6534835915,"PIB,_VA_impuesto_X_M (3).xlsx",
607,Golfito,Puntarenas,2019,pib,174926.21950055647,"PIB,_VA_impuesto_X_M (3).xlsx",
608,Coto Brus,Puntarenas,2019,pib,114717.24762681412,"PIB,_VA_impuesto_X_M (3).xlsx",
609,Parrita,Puntarenas,2019,pib,73332.24888926937,"PIB,_VA_impuesto_X_M (3).xlsx",
610,Corredores,Puntarenas,2019,pib,162717.03055510815,"PIB,_VA_impuesto_X_M (3).xlsx",
611,Garabito,Puntarenas,2019,pib,177016.1699549836,"PIB,_VA_impuesto_X_M (3).xlsx",
701,Limón,Limón,2019,pib,489590.9344517268,"PIB,_VA_impuesto_X_M (3).xlsx",
702,Pococí,Limón,2019,pib,752750.2024591714,"PIB,_VA_impuesto_X_M (3).xlsx",
703,Siquirres,Limón,2019,pib,350219.9715297431,"PIB,_VA_impuesto_X_M (3).xlsx",
704,Talamanca,Limón,2019,pib,142372.65101660564,"PIB,_VA_impuesto_X_M (3).xlsx",
705,Matina,Limón,2019,pib,192647.33855518096,"PIB,_VA_impuesto_X_M (3).xlsx",
706,Guácimo,Limón,2019,pib,160263.87501589398,"PIB,_VA_impuesto_X_M (3).xlsx",
101,San José,San José,2020,pib,6925898.550451627,"PIB,_VA_impuesto_X_M (3).xlsx",
102,Escazú,San José,2020,pib,1333047.2813762734,"PIB,_VA_impuesto_X_M (3).xlsx",
103,Desamparados,San José,2020,pib,860939.2185486115,"PIB,_VA_impuesto_X_M (3).xlsx",
104,Puriscal,San José,2020,pib,117849.04124280607,"PIB,_VA_impuesto_X_M (3).xlsx",
105,Tarrazú,San José,2020,pib,79051.71627061722,"PIB,_VA_impuesto_X_M (3).xlsx",
106,Aserrí,San José,2020,pib,141699.1648966513,"PIB,_VA_impuesto_X_M (3).xlsx",
107,Mora,San José,2020,pib,120662.9540261875,"PIB,_VA_impuesto_X_M (3).xlsx",
108,Goicoechea,San José,2020,pib,1178733.048762279,"PIB,_VA_impuesto_X_M (3).xlsx",
109,Santa Ana,San José,2020,pib,1449713.445190342,"PIB,_VA_impuesto_X_M (3).xlsx",
110,Alajuelita,San José,2020,pib,217758.87479371135,"PIB,_VA_impuesto_X_M (3).xlsx",
111,Vázquez de Coronado,San José,2020,pib,263511.3842729024,"PIB,_VA_impuesto_X_M (3).xlsx",
112,Acosta,San José,2020,pib,62135.718819476395,"PIB,_VA_impuesto_X_M (3).xlsx",
113,Tibás,San José,2020,pib,392554.67865640536,"PIB,_VA_impuesto_X_M (3).xlsx",
114,Moravia,San José,2020,pib,306022.47427768586,"PIB,_VA_impuesto_X_M (3).xlsx",
115,Montes de Oca,San José,2020,pib,984047.9448008564,"PIB,_VA_impuesto_X_M (3).xlsx",
116,Turrubares,San José,2020,pib,19733.692016872425,"PIB,_VA_impuesto_X_M (3).xlsx",
117,Dota,San José,2020,pib,36761.42210122085,"PIB,_VA_impuesto_X_M (3).xlsx",
118,Curridabat,San José,2020,pib,606261.4265394112,"PIB,_VA_impuesto_X_M (3).xlsx",
119,Pérez Zeledón,San José,2020,pib,545252.8035260774,"PIB,_VA_impuesto_X_M (3).xlsx",
120,León Cortés Castro,San José,2020,pib,72061.28982761649,"PIB,_VA_impuesto_X_M (3).xlsx",
201,Alajuela,Alajuela,2020,pib,3730169.758221668,"PIB,_VA_impuesto_X_M (3).xlsx",
202,San Ramón,Alajuela,2020,pib,406637.9791961905,"PIB,_VA_impuesto_X_M (3).xlsx",
203,Grecia,Alajuela,2020,pib,424929.77921674843,"PIB,_VA_impuesto_X_M (3).xlsx",
204,San Mateo,Alajuela,2020,pib,23329.174051725047,"PIB,_VA_impuesto_X_M (3).xlsx",
205,Atenas,Alajuela,2020,pib,126922.41425070542,"PIB,_VA_impuesto_X_M (3).xlsx",
206,Naranjo,Alajuela,2020,pib,172001.88456556885,"PIB,_VA_impuesto_X_M (3).xlsx",
207,Palmares,Alajuela,2020,pib,174433.39048873654,"PIB,_VA_impuesto_X_M (3).xlsx",
208,Poás,Alajuela,2020,pib,139666.95830770957,"PIB,_VA_impuesto_X_M (3).xlsx",
209,Orotina,Alajuela,2020,pib,89926.71346143256,"PIB,_VA_impuesto_X_M (3).xlsx",
210,San Carlos,Alajuela,2020,pib,968720.744225864,"PIB,_VA_impuesto_X_M (3).xlsx",
211,Zarcero,Alajuela,2020,pib,100285.09245137718,"PIB,_VA_impuesto_X_M (3).xlsx",
212,Sarchí,Alajuela,2020,pib,88357.20103831941,"PIB,_VA_impuesto_X_M (3).xlsx",
213,Upala,Alajuela,2020,pib,166130.77704762,"PIB,_VA_impuesto_X_M (3).xlsx",
214,Los Chiles,Alajuela,2020,pib,108124.0440842065,"PIB,_VA_impuesto_X_M (3).xlsx",
215,Guatuso,Alajuela,2020,pib,60384.244269064395,"PIB,_VA_impuesto_X_M (3).xlsx",
216,Río Cuarto,Alajuela,2020,pib,46931.994503849935,"PIB,_VA_impuesto_X_M (3).xlsx",
301,Cartago,Cartago,2020,pib,1349174.0640314668,"PIB,_VA_impuesto_X_M (3).xlsx",
302,Paraíso,Cartago,2020,pib,280605.26745944074,"PIB,_VA_impuesto_X_M (3).xlsx",
303,La Unión,Cartago,2020,pib,626008.7624153971,"PIB,_VA_impuesto_X_M (3).xlsx",
304,Jiménez,Cartago,2020,pib,96652.51131679177,"PIB,_VA_impuesto_X_M (3).xlsx",
305,Turrialba,Cartago,2020,pib,314121.0214306553,"PIB,_VA_impuesto_X_M (3).xlsx",
306,Alvarado,Cartago,2020,pib,69599.9066840507,"PIB,_VA_impuesto_X_M (3).xlsx",
307,Oreamuno,Cartago,2020,pib,132874.90965413663,"PIB,_VA_impuesto_X_M (3).xlsx",
308,El Guarco,Cartago,2020,pib,217262.3631681402,"PIB,_VA_impuesto_X_M (3).xlsx",
401,Heredia,Heredia,2020,pib,2072854.0242502752,"PIB,_VA_impuesto_X_M (3).xlsx",
402,Barva,Heredia,2020,pib,184124.0187472689,"PIB,_VA_impuesto_X_M (3).xlsx",
403,Santo Domingo,Heredia,2020,pib,383507.95260204084,"PIB,_VA_impuesto_X_M (3).xlsx",
404,Santa Bárbara,Heredia,2020,pib,126616.34591414242,"PIB,_VA_impuesto_X_M (3).xlsx",
405,San Rafael,Heredia,2020,pib,178204.4041503984,"PIB,_VA_impuesto_X_M (3).xlsx",
406,San Isidro,Heredia,2020,pib,115641.91707776359,"PIB,_VA_impuesto_X_M (3).xlsx",
407,Belén,Heredia,2020,pib,1067372.8837736163,"PIB,_VA_impuesto_X_M (3).xlsx",
408,Flores,Heredia,2020,pib,212924.44221866527,"PIB,_VA_impuesto_X_M (3).xlsx",
409,San Pablo,Heredia,2020,pib,159596.99073764478,"PIB,_VA_impuesto_X_M (3).xlsx",
410,Sarapiquí,Heredia,2020,pib,294627.41532906523,"PIB,_VA_impuesto_X_M (3).xlsx",
501,Liberia,Guanacaste,2020,pib,689537.6337832792,"PIB,_VA_impuesto_X_M (3).xlsx",
502,Nicoya,Guanacaste,2020,pib,209758.96204094315,"PIB,_VA_impuesto_X_M (3).xlsx",
503,Santa Cruz,Guanacaste,2020,pib,305755.69086308795,"PIB,_VA_impuesto_X_M (3).xlsx",
504,Bagaces,Guanacaste,2020,pib,179716.23974284632,"PIB,_VA_impuesto_X_M (3).xlsx",
505,Carrillo,Guanacaste,2020,pib,204009.06761931477,"PIB,_VA_impuesto_X_M (3).xlsx",
506,Cañas,Guanacaste,2020,pib,158700.19859865832,"PIB,_VA_impuesto_X_M (3).xlsx",
507,Abangares,Guanacaste,2020,pib,97910.46436671652,"PIB,_VA_impuesto_X_M (3).xlsx",
508,Tilarán,Guanacaste,2020,pib,166682.04422372312,"PIB,_VA_impuesto_X_M (3).xlsx",
509,Nandayure,Guanacaste,2020,pib,36395.8866312745,"PIB,_VA_impuesto_X_M (3).xlsx",
510,La Cruz,Guanacaste,2020,pib,67333.70272556198,"PIB,_VA_impuesto_X_M (3).xlsx",
511,Hojancha,Guanacaste,2020,pib,19709.8348573227,"PIB,_VA_impuesto_X_M (3).xlsx",
601,Puntarenas,Puntarenas,2020,pib,651723.8090454643,"PIB,_VA_impuesto_X_M (3).xlsx",
602,Esparza,Puntarenas,2020,pib,135199.05178820735,"PIB,_VA_impuesto_X_M (3).xlsx",
603,Buenos Aires,Puntarenas,2020,pib,137536.95732641517,"PIB,_VA_impuesto_X_M (3).xlsx",
604,Montes de Oro,Puntarenas,2020,pib,56962.385597849345,"PIB,_VA_impuesto_X_M (3).xlsx",
605,Osa,Puntarenas,2020,pib,158216.58583353358,"PIB,_VA_impuesto_X_M (3).xlsx",
606,Quepos,Puntarenas,2020,pib,172314.73161040066,"PIB,_VA_impuesto_X_M (3).xlsx",
607,Golfito,Puntarenas,2020,pib,158040.13564636494,"PIB,_VA_impuesto_X_M (3).xlsx",
608,Coto Brus,Puntarenas,2020,pib,127328.5925857287,"PIB,_VA_impuesto_X_M (3).xlsx",
609,Parrita,Puntarenas,2020,pib,76796.37754607848,"PIB,_VA_impuesto_X_M (3).xlsx",
610,Corredores,Puntarenas,2020,pib,142981.34160517834,"PIB,_VA_impuesto_X_M (3).xlsx",
611,Garabito,Puntarenas,2020,pib,136277.70087318085,"PIB,_VA_impuesto_X_M (3).xlsx",
701,Limón,Limón,2020,pib,475989.0811364494,"PIB,_VA_impuesto_X_M (3).xlsx",
702,Pococí,Limón,2020,pib,629080.2009025628,"PIB,_VA_impuesto_X_M (3).xlsx",
703,Siquirres,Limón,2020,pib,373963.69056320563,"PIB,_VA_impuesto_X_M (3).xlsx",
704,Talamanca,Limón,2020,pib,117403.39320025797,"PIB,_VA_impuesto_X_M (3).xlsx",
705,Matina,Limón,2020,pib,210897.96112857747,"PIB,_VA_impuesto_X_M (3).xlsx",
706,Guácimo,Limón,2020,pib,176606.86980692702,"PIB,_VA_impuesto_X_M (3).xlsx",
101,San José,San José,2021,pib,6952447.368208697,"PIB,_VA_impuesto_X_M (3).xlsx",
102,Escazú,San José,2021,pib,1578959.9627544698,"PIB,_VA_impuesto_X_M (3).xlsx",
103,Desamparados,San José,2021,pib,858441.6231926897,"PIB,_VA_impuesto_X_M (3).xlsx",
104,Puriscal,San José,2021,pib,124216.25329625404,"PIB,_VA_impuesto_X_M (3).xlsx",
105,Tarrazú,San José,2021,pib,90940.58560180076,"PIB,_VA_impuesto_X_M (3).xlsx",
106,Aserrí,San José,2021,pib,141293.30506399262,"PIB,_VA_impuesto_X_M (3).xlsx",
107,Mora,San José,2021,pib,201744.73399957153,"PIB,_VA_impuesto_X_M (3).xlsx",
108,Goicoechea,San José,2021,pib,932477.8102206296,"PIB,_VA_impuesto_X_M (3).xlsx",
109,Santa Ana,San José,2021,pib,1975457.8121674457,"PIB,_VA_impuesto_X_M (3).xlsx",
110,Alajuelita,San José,2021,pib,195786.68775485817,"PIB,_VA_impuesto_X_M (3).xlsx",
111,Vázquez de Coronado,San José,2021,pib,316866.4824424943,"PIB,_VA_impuesto_X_M (3).xlsx",
112,Acosta,San José,2021,pib,70968.12085633536,"PIB,_VA_impuesto_X_M (3).xlsx",
113,Tibás,San José,2021,pib,517988.9417118402,"PIB,_VA_impuesto_X_M (3).xlsx",
114,Moravia,San José,2021,pib,418007.8638122398,"PIB,_VA_impuesto_X_M (3).xlsx",
115,Montes de Oca,San José,2021,pib,1081284.2965035646,"PIB,_VA_impuesto_X_M (3).xlsx",
116,Turrubares,San José,2021,pib,18109.28907238702,"PIB,_VA_impuesto_X_M (3).xlsx",
117,Dota,San José,2021,pib,34307.406722636355,"PIB,_VA_impuesto_X_M (3).xlsx",
118,Curridabat,San José,2021,pib,862231.9545349655,"PIB,_VA_impuesto_X_M (3).xlsx",
119,Pérez Zeledón,San José,2021,pib,621770.4281378048,"PIB,_VA_impuesto_X_M (3).xlsx",
120,León Cortés Castro,San José,2021,pib,71028.80375336848,"PIB,_VA_impuesto_X_M (3).xlsx",
201,Alajuela,Alajuela,2021,pib,4068833.2245195927,"PIB,_VA_impuesto_X_M (3).xlsx",
202,San Ramón,Alajuela,2021,pib,378815.8366907402,"PIB,_VA_impuesto_X_M (3).xlsx",
203,Grecia,Alajuela,2021,pib,459222.8765753093,"PIB,_VA_impuesto_X_M (3).xlsx",
204,San Mateo,Alajuela,2021,pib,18680.699851362555,"PIB,_VA_impuesto_X_M (3).xlsx",
205,Atenas,Alajuela,2021,pib,119584.00561530128,"PIB,_VA_impuesto_X_M (3).xlsx",
206,Naranjo,Alajuela,2021,pib,178533.786296335,"PIB,_VA_impuesto_X_M (3).xlsx",
207,Palmares,Alajuela,2021,pib,184413.85248271617,"PIB,_VA_impuesto_X_M (3).xlsx",
208,Poás,Alajuela,2021,pib,148537.04810103745,"PIB,_VA_impuesto_X_M (3).xlsx",
209,Orotina,Alajuela,2021,pib,95796.4695820015,"PIB,_VA_impuesto_X_M (3).xlsx",
210,San Carlos,Alajuela,2021,pib,1174224.4085497824,"PIB,_VA_impuesto_X_M (3).xlsx",
211,Zarcero,Alajuela,2021,pib,97168.29205852663,"PIB,_VA_impuesto_X_M (3).xlsx",
212,Sarchí,Alajuela,2021,pib,97721.97787386047,"PIB,_VA_impuesto_X_M (3).xlsx",
213,Upala,Alajuela,2021,pib,173714.4426797819,"PIB,_VA_impuesto_X_M (3).xlsx",
214,Los Chiles,Alajuela,2021,pib,116219.03244105396,"PIB,_VA_impuesto_X_M (3).xlsx",
215,Guatuso,Alajuela,2021,pib,55330.30903410141,"PIB,_VA_impuesto_X_M (3).xlsx",
216,Río Cuarto,Alajuela,2021,pib,54701.50199247022,"PIB,_VA_impuesto_X_M (3).xlsx",
301,Cartago,Cartago,2021,pib,1631073.7202616038,"PIB,_VA_impuesto_X_M (3).xlsx",
302,Paraíso,Cartago,2021,pib,267026.48075282143,"PIB,_VA_impuesto_X_M (3).xlsx",
303,La Unión,Cartago,2021,pib,609331.827073989,"PIB,_VA_impuesto_X_M (3).xlsx",
304,Jiménez,Cartago,2021,pib,98022.50148126131,"PIB,_VA_impuesto_X_M (3).xlsx",
305,Turrialba,Cartago,2021,pib,326628.82856717234,"PIB,_VA_impuesto_X_M (3).xlsx",
306,Alvarado,Cartago,2021,pib,84455.36693831507,"PIB,_VA_impuesto_X_M (3).xlsx",
307,Oreamuno,Cartago,2021,pib,125809.2942779191,"PIB,_VA_impuesto_X_M (3).xlsx",
308,El Guarco,Cartago,2021,pib,191766.18636402066,"PIB,_VA_impuesto_X_M (3).xlsx",
401,Heredia,Heredia,2021,pib,2174073.6268113954,"PIB,_VA_impuesto_X_M (3).xlsx",
402,Barva,Heredia,2021,pib,220866.2500628913,"PIB,_VA_impuesto_X_M (3).xlsx",
403,Santo Domingo,Heredia,2021,pib,576484.1098329836,"PIB,_VA_impuesto_X_M (3).xlsx",
404,Santa Bárbara,Heredia,2021,pib,121080.74812568673,"PIB,_VA_impuesto_X_M (3).xlsx",
405,San Rafael,Heredia,2021,pib,299715.93990582856,"PIB,_VA_impuesto_X_M (3).xlsx",
406,San Isidro,Heredia,2021,pib,135496.24763900728,"PIB,_VA_impuesto_X_M (3).xlsx",
407,Belén,Heredia,2021,pib,1415092.0529185797,"PIB,_VA_impuesto_X_M (3).xlsx",
408,Flores,Heredia,2021,pib,425194.03593056917,"PIB,_VA_impuesto_X_M (3).xlsx",
409,San Pablo,Heredia,2021,pib,201923.15354809444,"PIB,_VA_impuesto_X_M (3).xlsx",
410,Sarapiquí,Heredia,2021,pib,305384.31255956297,"PIB,_VA_impuesto_X_M (3).xlsx",
501,Liberia,Guanacaste,2021,pib,828103.1735205861,"PIB,_VA_impuesto_X_M (3).xlsx",
502,Nicoya,Guanacaste,2021,pib,237339.48114416096,"PIB,_VA_impuesto_X_M (3).xlsx",
503,Santa Cruz,Guanacaste,2021,pib,352309.97371183796,"PIB,_VA_impuesto_X_M (3).xlsx",
504,Bagaces,Guanacaste,2021,pib,147452.8643080797,"PIB,_VA_impuesto_X_M (3).xlsx",
505,Carrillo,Guanacaste,2021,pib,247274.86813491117,"PIB,_VA_impuesto_X_M (3).xlsx",
506,Cañas,Guanacaste,2021,pib,146122.16944792858,"PIB,_VA_impuesto_X_M (3).xlsx",
507,Abangares,Guanacaste,2021,pib,102943.17716463577,"PIB,_VA_impuesto_X_M (3).xlsx",
508,Tilarán,Guanacaste,2021,pib,164649.12979741342,"PIB,_VA_impuesto_X_M (3).xlsx",
509,Nandayure,Guanacaste,2021,pib,38138.50633419225,"PIB,_VA_impuesto_X_M (3).xlsx",
510,La Cruz,Guanacaste,2021,pib,66798.32762388897,"PIB,_VA_impuesto_X_M (3).xlsx",
511,Hojancha,Guanacaste,2021,pib,26504.564294583484,"PIB,_VA_impuesto_X_M (3).xlsx",
601,Puntarenas,Puntarenas,2021,pib,707667.8070339084,"PIB,_VA_impuesto_X_M (3).xlsx",
602,Esparza,Puntarenas,2021,pib,130435.24230681689,"PIB,_VA_impuesto_X_M (3).xlsx",
603,Buenos Aires,Puntarenas,2021,pib,131889.23683110724,"PIB,_VA_impuesto_X_M (3).xlsx",
604,Montes de Oro,Puntarenas,2021,pib,70669.46150107568,"PIB,_VA_impuesto_X_M (3).xlsx",
605,Osa,Puntarenas,2021,pib,150272.5373775028,"PIB,_VA_impuesto_X_M (3).xlsx",
606,Quepos,Puntarenas,2021,pib,195303.81867525057,"PIB,_VA_impuesto_X_M (3).xlsx",
607,Golfito,Puntarenas,2021,pib,192053.99497853796,"PIB,_VA_impuesto_X_M (3).xlsx",
608,Coto Brus,Puntarenas,2021,pib,145434.6768081643,"PIB,_VA_impuesto_X_M (3).xlsx",
609,Parrita,Puntarenas,2021,pib,95017.51182128473,"PIB,_VA_impuesto_X_M (3).xlsx",
610,Corredores,Puntarenas,2021,pib,182660.38837047495,"PIB,_VA_impuesto_X_M (3).xlsx",
611,Garabito,Puntarenas,2021,pib,186495.00600482692,"PIB,_VA_impuesto_X_M (3).xlsx",
701,Limón,Limón,2021,pib,444589.9619786383,"PIB,_VA_impuesto_X_M (3).xlsx",
702,Pococí,Limón,2021,pib,709848.4059083608,"PIB,_VA_impuesto_X_M (3).xlsx",
703,Siquirres,Limón,2021,pib,387623.5831138274,"PIB,_VA_impuesto_X_M (3).xlsx",
704,Talamanca,Limón,2021,pib,153507.83275298757,"PIB,_VA_impuesto_X_M (3).xlsx",
705,Matina,Limón,2021,pib,210352.3449720243,"PIB,_VA_impuesto_X_M (3).xlsx",
706,Guácimo,Limón,2021,pib,179915.70871476742,"PIB,_VA_impuesto_X_M (3).xlsx",
101,San José,San José,2022,pib,8061933.974633149,"PIB,_VA_impuesto_X_M (3).xlsx",
102,Escazú,San José,2022,pib,1994297.058070064,"PIB,_VA_impuesto_X_M (3).xlsx",
103,Desamparados,San José,2022,pib,961782.6364857331,"PIB,_VA_impuesto_X_M (3).xlsx",
104,Puriscal,San José,2022,pib,131375.19933617412,"PIB,_VA_impuesto_X_M (3).xlsx",
105,Tarrazú,San José,2022,pib,101427.39837430227,"PIB,_VA_impuesto_X_M (3).xlsx",
106,Aserrí,San José,2022,pib,146549.8663366766,"PIB,_VA_impuesto_X_M (3).xlsx",
107,Mora,San José,2022,pib,227401.19520416742,"PIB,_VA_impuesto_X_M (3).xlsx",
108,Goicoechea,San José,2022,pib,1077348.5657354991,"PIB,_VA_impuesto_X_M (3).xlsx",
109,Santa Ana,San José,2022,pib,2023369.9902334537,"PIB,_VA_impuesto_X_M (3).xlsx",
110,Alajuelita,San José,2022,pib,198618.61227500896,"PIB,_VA_impuesto_X_M (3).xlsx",
111,Vázquez de Coronado,San José,2022,pib,324300.5864353442,"PIB,_VA_impuesto_X_M (3).xlsx",
112,Acosta,San José,2022,pib,75580.7234103193,"PIB,_VA_impuesto_X_M (3).xlsx",
113,Tibás,San José,2022,pib,610637.2226127231,"PIB,_VA_impuesto_X_M (3).xlsx",
114,Moravia,San José,2022,pib,396995.90197377134,"PIB,_VA_impuesto_X_M (3).xlsx",
115,Montes de Oca,San José,2022,pib,1350329.8068134713,"PIB,_VA_impuesto_X_M (3).xlsx",
116,Turrubares,San José,2022,pib,17647.859176053662,"PIB,_VA_impuesto_X_M (3).xlsx",
117,Dota,San José,2022,pib,37884.49470361098,"PIB,_VA_impuesto_X_M (3).xlsx",
118,Curridabat,San José,2022,pib,959365.6350198134,"PIB,_VA_impuesto_X_M (3).xlsx",
119,Pérez Zeledón,San José,2022,pib,692119.0612016355,"PIB,_VA_impuesto_X_M (3).xlsx",
120,León Cortés Castro,San José,2022,pib,88386.58113066849,"PIB,_VA_impuesto_X_M (3).xlsx",
201,Alajuela,Alajuela,2022,pib,4518916.906124925,"PIB,_VA_impuesto_X_M (3).xlsx",
202,San Ramón,Alajuela,2022,pib,390786.5699246937,"PIB,_VA_impuesto_X_M (3).xlsx",
203,Grecia,Alajuela,2022,pib,508069.3775069723,"PIB,_VA_impuesto_X_M (3).xlsx",
204,San Mateo,Alajuela,2022,pib,20837.94492178302,"PIB,_VA_impuesto_X_M (3).xlsx",
205,Atenas,Alajuela,2022,pib,127204.99517258292,"PIB,_VA_impuesto_X_M (3).xlsx",
206,Naranjo,Alajuela,2022,pib,172770.04295261708,"PIB,_VA_impuesto_X_M (3).xlsx",
207,Palmares,Alajuela,2022,pib,208171.52984612013,"PIB,_VA_impuesto_X_M (3).xlsx",
208,Poás,Alajuela,2022,pib,166824.9130803861,"PIB,_VA_impuesto_X_M (3).xlsx",
209,Orotina,Alajuela,2022,pib,101212.19294511428,"PIB,_VA_impuesto_X_M (3).xlsx",
210,San Carlos,Alajuela,2022,pib,1210334.1479132266,"PIB,_VA_impuesto_X_M (3).xlsx",
211,Zarcero,Alajuela,2022,pib,112093.28471036784,"PIB,_VA_impuesto_X_M (3).xlsx",
212,Sarchí,Alajuela,2022,pib,111290.822041383,"PIB,_VA_impuesto_X_M (3).xlsx",
213,Upala,Alajuela,2022,pib,175257.27696904005,"PIB,_VA_impuesto_X_M (3).xlsx",
214,Los Chiles,Alajuela,2022,pib,109791.95498724925,"PIB,_VA_impuesto_X_M (3).xlsx",
215,Guatuso,Alajuela,2022,pib,47325.49650175386,"PIB,_VA_impuesto_X_M (3).xlsx",
216,Río Cuarto,Alajuela,2022,pib,56564.26319599312,"PIB,_VA_impuesto_X_M (3).xlsx",
301,Cartago,Cartago,2022,pib,1841491.2761086007,"PIB,_VA_impuesto_X_M (3).xlsx",
302,Paraíso,Cartago,2022,pib,290268.8068144675,"PIB,_VA_impuesto_X_M (3).xlsx",
303,La Unión,Cartago,2022,pib,634391.1150039589,"PIB,_VA_impuesto_X_M (3).xlsx",
304,Jiménez,Cartago,2022,pib,115929.27468622784,"PIB,_VA_impuesto_X_M (3).xlsx",
305,Turrialba,Cartago,2022,pib,354888.04935164173,"PIB,_VA_impuesto_X_M (3).xlsx",
306,Alvarado,Cartago,2022,pib,90704.80669556449,"PIB,_VA_impuesto_X_M (3).xlsx",
307,Oreamuno,Cartago,2022,pib,149944.03095752126,"PIB,_VA_impuesto_X_M (3).xlsx",
308,El Guarco,Cartago,2022,pib,221726.6192686208,"PIB,_VA_impuesto_X_M (3).xlsx",
401,Heredia,Heredia,2022,pib,2591032.7246165182,"PIB,_VA_impuesto_X_M (3).xlsx",
402,Barva,Heredia,2022,pib,265154.0563668471,"PIB,_VA_impuesto_X_M (3).xlsx",
403,Santo Domingo,Heredia,2022,pib,654356.8419671226,"PIB,_VA_impuesto_X_M (3).xlsx",
404,Santa Bárbara,Heredia,2022,pib,141418.22162385966,"PIB,_VA_impuesto_X_M (3).xlsx",
405,San Rafael,Heredia,2022,pib,352210.0267776279,"PIB,_VA_impuesto_X_M (3).xlsx",
406,San Isidro,Heredia,2022,pib,136780.47888436288,"PIB,_VA_impuesto_X_M (3).xlsx",
407,Belén,Heredia,2022,pib,2005104.3581570215,"PIB,_VA_impuesto_X_M (3).xlsx",
408,Flores,Heredia,2022,pib,515481.90204021113,"PIB,_VA_impuesto_X_M (3).xlsx",
409,San Pablo,Heredia,2022,pib,222681.54853757416,"PIB,_VA_impuesto_X_M (3).xlsx",
410,Sarapiquí,Heredia,2022,pib,295008.42431573354,"PIB,_VA_impuesto_X_M (3).xlsx",
501,Liberia,Guanacaste,2022,pib,1005549.40868401,"PIB,_VA_impuesto_X_M (3).xlsx",
502,Nicoya,Guanacaste,2022,pib,282904.58682769566,"PIB,_VA_impuesto_X_M (3).xlsx",
503,Santa Cruz,Guanacaste,2022,pib,410124.827019844,"PIB,_VA_impuesto_X_M (3).xlsx",
504,Bagaces,Guanacaste,2022,pib,167275.1536441752,"PIB,_VA_impuesto_X_M (3).xlsx",
505,Carrillo,Guanacaste,2022,pib,300341.92699847935,"PIB,_VA_impuesto_X_M (3).xlsx",
506,Cañas,Guanacaste,2022,pib,160993.5536466706,"PIB,_VA_impuesto_X_M (3).xlsx",
507,Abangares,Guanacaste,2022,pib,117679.10546251,"PIB,_VA_impuesto_X_M (3).xlsx",
508,Tilarán,Guanacaste,2022,pib,190875.5894175273,"PIB,_VA_impuesto_X_M (3).xlsx",
509,Nandayure,Guanacaste,2022,pib,40877.056336561654,"PIB,_VA_impuesto_X_M (3).xlsx",
510,La Cruz,Guanacaste,2022,pib,89074.39848773908,"PIB,_VA_impuesto_X_M (3).xlsx",
511,Hojancha,Guanacaste,2022,pib,30552.123562939032,"PIB,_VA_impuesto_X_M (3).xlsx",
601,Puntarenas,Puntarenas,2022,pib,805671.5679677606,"PIB,_VA_impuesto_X_M (3).xlsx",
602,Esparza,Puntarenas,2022,pib,134503.97569006527,"PIB,_VA_impuesto_X_M (3).xlsx",
603,Buenos Aires,Puntarenas,2022,pib,140556.01605715166,"PIB,_VA_impuesto_X_M (3).xlsx",
604,Montes de Oro,Puntarenas,2022,pib,80914.08512843915,"PIB,_VA_impuesto_X_M (3).xlsx",
605,Osa,Puntarenas,2022,pib,175568.21647769003,"PIB,_VA_impuesto_X_M (3).xlsx",
606,Quepos,Puntarenas,2022,pib,217810.4526159978,"PIB,_VA_impuesto_X_M (3).xlsx",
607,Golfito,Puntarenas,2022,pib,192734.74084824993,"PIB,_VA_impuesto_X_M (3).xlsx",
608,Coto Brus,Puntarenas,2022,pib,160428.57586685385,"PIB,_VA_impuesto_X_M (3).xlsx",
609,Parrita,Puntarenas,2022,pib,101369.01286952387,"PIB,_VA_impuesto_X_M (3).xlsx",
610,Corredores,Puntarenas,2022,pib,205143.0502881766,"PIB,_VA_impuesto_X_M (3).xlsx",
611,Garabito,Puntarenas,2022,pib,200371.5997549172,"PIB,_VA_impuesto_X_M (3).xlsx",
612,Monteverde,Puntarenas,2022,pib,27794.008187845804,"PIB,_VA_impuesto_X_M (3).xlsx",
613,Puerto Jimenez,Puntarenas,2022,pib,24352.36397081049,"PIB,_VA_impuesto_X_M (3).xlsx",
701,Limón,Limón,2022,pib,466654.2683020327,"PIB,_VA_impuesto_X_M (3).xlsx",
702,Pococí,Limón,2022,pib,789132.086266686,"PIB,_VA_impuesto_X_M (3).xlsx",
703,Siquirres,Limón,2022,pib,457367.62189272256,"PIB,_VA_impuesto_X_M (3).xlsx",
704,Talamanca,Limón,2022,pib,169066.71711792517,"PIB,_VA_impuesto_X_M (3).xlsx",
705,Matina,Limón,2022,pib,184983.55564158477,"PIB,_VA_impuesto_X_M (3).xlsx",
706,Guácimo,Limón,2022,pib,223390.4010925687,"PIB,_VA_impuesto_X_M (3).xlsx",
101,San José,San José,2019,exportaciones,884942.5278918683,"PIB,_VA_impuesto_X_M (3).xlsx",
102,Escazú,San José,2019,exportaciones,11040.031837546967,"PIB,_VA_impuesto_X_M (3).xlsx",
103,Desamparados,San José,2019,exportaciones,37369.900896409876,"PIB,_VA_impuesto_X_M (3).xlsx",
104,Puriscal,San José,2019,exportaciones,1491.937753502612,"PIB,_VA_impuesto_X_M (3).xlsx",
105,Tarrazú,San José,2019,exportaciones,24464.36849620782,"PIB,_VA_impuesto_X_M (3).xlsx",
106,Aserrí,San José,2019,exportaciones,31430.098640137017,"PIB,_VA_impuesto_X_M (3).xlsx",
107,Mora,San José,2019,exportaciones,7320.156160910753,"PIB,_VA_impuesto_X_M (3).xlsx",
108,Goicoechea,San José,2019,exportaciones,2141.831904774155,"PIB,_VA_impuesto_X_M (3).xlsx",
109,Santa Ana,San José,2019,exportaciones,2151.48267624985,"PIB,_VA_impuesto_X_M (3).xlsx",
110,Alajuelita,San José,2019,exportaciones,1035.8567928498126,"PIB,_VA_impuesto_X_M (3).xlsx",
111,Vázquez de Coronado,San José,2019,exportaciones,1174.9322376534249,"PIB,_VA_impuesto_X_M (3).xlsx",
112,Acosta,San José,2019,exportaciones,11753.585282938235,"PIB,_VA_impuesto_X_M (3).xlsx",
113,Tibás,San José,2019,exportaciones,16385.96529903845,"PIB,_VA_impuesto_X_M (3).xlsx",
114,Moravia,San José,2019,exportaciones,17960.03833087814,"PIB,_VA_impuesto_X_M (3).xlsx",
115,Montes de Oca,San José,2019,exportaciones,4561.224716262104,"PIB,_VA_impuesto_X_M (3).xlsx",
116,Turrubares,San José,2019,exportaciones,0.0,"PIB,_VA_impuesto_X_M (3).xlsx",
117,Dota,San José,2019,exportaciones,1241.7472931934954,"PIB,_VA_impuesto_X_M (3).xlsx",
118,Curridabat,San José,2019,exportaciones,11628.665683317784,"PIB,_VA_impuesto_X_M (3).xlsx",
119,Pérez Zeledón,San José,2019,exportaciones,13021.314735344597,"PIB,_VA_impuesto_X_M (3).xlsx",
120,León Cortés Castro,San José,2019,exportaciones,100.9159951972704,"PIB,_VA_impuesto_X_M (3).xlsx",
201,Alajuela,Alajuela,2019,exportaciones,2377792.0114840963,"PIB,_VA_impuesto_X_M (3).xlsx",
202,San Ramón,Alajuela,2019,exportaciones,23149.512386709488,"PIB,_VA_impuesto_X_M (3).xlsx",
203,Grecia,Alajuela,2019,exportaciones,110293.68061991083,"PIB,_VA_impuesto_X_M (3).xlsx",
204,San Mateo,Alajuela,2019,exportaciones,38.541319600613875,"PIB,_VA_impuesto_X_M (3).xlsx",
205,Atenas,Alajuela,2019,exportaciones,1932.141908153358,"PIB,_VA_impuesto_X_M (3).xlsx",
206,Naranjo,Alajuela,2019,exportaciones,3637.7441578137546,"PIB,_VA_impuesto_X_M (3).xlsx",
207,Palmares,Alajuela,2019,exportaciones,14587.433566742748,"PIB,_VA_impuesto_X_M (3).xlsx",
208,Poás,Alajuela,2019,exportaciones,5430.6527722250885,"PIB,_VA_impuesto_X_M (3).xlsx",
209,Orotina,Alajuela,2019,exportaciones,716.9338421857424,"PIB,_VA_impuesto_X_M (3).xlsx",
210,San Carlos,Alajuela,2019,exportaciones,265331.9707738538,"PIB,_VA_impuesto_X_M (3).xlsx",
211,Zarcero,Alajuela,2019,exportaciones,1261.6017286860485,"PIB,_VA_impuesto_X_M (3).xlsx",
212,Sarchí,Alajuela,2019,exportaciones,11685.286818506069,"PIB,_VA_impuesto_X_M (3).xlsx",
213,Upala,Alajuela,2019,exportaciones,23845.582126118905,"PIB,_VA_impuesto_X_M (3).xlsx",
214,Los Chiles,Alajuela,2019,exportaciones,10650.781557364979,"PIB,_VA_impuesto_X_M (3).xlsx",
215,Guatuso,Alajuela,2019,exportaciones,274.0609937802139,"PIB,_VA_impuesto_X_M (3).xlsx",
216,Río Cuarto,Alajuela,2019,exportaciones,7785.113658179653,"PIB,_VA_impuesto_X_M (3).xlsx",
301,Cartago,Cartago,2019,exportaciones,561071.6943161596,"PIB,_VA_impuesto_X_M (3).xlsx",
302,Paraíso,Cartago,2019,exportaciones,31144.714260936773,"PIB,_VA_impuesto_X_M (3).xlsx",
303,La Unión,Cartago,2019,exportaciones,40920.886046626125,"PIB,_VA_impuesto_X_M (3).xlsx",
304,Jiménez,Cartago,2019,exportaciones,1130.073535952337,"PIB,_VA_impuesto_X_M (3).xlsx",
305,Turrialba,Cartago,2019,exportaciones,22539.900445988016,"PIB,_VA_impuesto_X_M (3).xlsx",
306,Alvarado,Cartago,2019,exportaciones,16.356102414019084,"PIB,_VA_impuesto_X_M (3).xlsx",
307,Oreamuno,Cartago,2019,exportaciones,8136.078934575821,"PIB,_VA_impuesto_X_M (3).xlsx",
308,El Guarco,Cartago,2019,exportaciones,12916.0763842553,"PIB,_VA_impuesto_X_M (3).xlsx",
401,Heredia,Heredia,2019,exportaciones,734512.456513263,"PIB,_VA_impuesto_X_M (3).xlsx",
402,Barva,Heredia,2019,exportaciones,8386.467758409759,"PIB,_VA_impuesto_X_M (3).xlsx",
403,Santo Domingo,Heredia,2019,exportaciones,14402.914736755958,"PIB,_VA_impuesto_X_M (3).xlsx",
404,Santa Bárbara,Heredia,2019,exportaciones,4016.269160384998,"PIB,_VA_impuesto_X_M (3).xlsx",
405,San Rafael,Heredia,2019,exportaciones,303.54090347803503,"PIB,_VA_impuesto_X_M (3).xlsx",
406,San Isidro,Heredia,2019,exportaciones,584.0578720829836,"PIB,_VA_impuesto_X_M (3).xlsx",
407,Belén,Heredia,2019,exportaciones,4373.0052973596,"PIB,_VA_impuesto_X_M (3).xlsx",
408,Flores,Heredia,2019,exportaciones,2417.243560779849,"PIB,_VA_impuesto_X_M (3).xlsx",
409,San Pablo,Heredia,2019,exportaciones,23.024063369723464,"PIB,_VA_impuesto_X_M (3).xlsx",
410,Sarapiquí,Heredia,2019,exportaciones,122805.31031988423,"PIB,_VA_impuesto_X_M (3).xlsx",
501,Liberia,Guanacaste,2019,exportaciones,6018.776668361499,"PIB,_VA_impuesto_X_M (3).xlsx",
502,Nicoya,Guanacaste,2019,exportaciones,13049.409055993667,"PIB,_VA_impuesto_X_M (3).xlsx",
503,Santa Cruz,Guanacaste,2019,exportaciones,405.8743159548192,"PIB,_VA_impuesto_X_M (3).xlsx",
504,Bagaces,Guanacaste,2019,exportaciones,515.4255592752676,"PIB,_VA_impuesto_X_M (3).xlsx",
505,Carrillo,Guanacaste,2019,exportaciones,13344.270277030306,"PIB,_VA_impuesto_X_M (3).xlsx",
506,Cañas,Guanacaste,2019,exportaciones,34109.60897958482,"PIB,_VA_impuesto_X_M (3).xlsx",
507,Abangares,Guanacaste,2019,exportaciones,9484.284904418631,"PIB,_VA_impuesto_X_M (3).xlsx",
508,Tilarán,Guanacaste,2019,exportaciones,856.2988794211509,"PIB,_VA_impuesto_X_M (3).xlsx",
509,Nandayure,Guanacaste,2019,exportaciones,3318.2086953594526,"PIB,_VA_impuesto_X_M (3).xlsx",
510,La Cruz,Guanacaste,2019,exportaciones,20750.140396022107,"PIB,_VA_impuesto_X_M (3).xlsx",
511,Hojancha,Guanacaste,2019,exportaciones,75.60056438906841,"PIB,_VA_impuesto_X_M (3).xlsx",
601,Puntarenas,Puntarenas,2019,exportaciones,127987.72685795228,"PIB,_VA_impuesto_X_M (3).xlsx",
602,Esparza,Puntarenas,2019,exportaciones,66284.84647813255,"PIB,_VA_impuesto_X_M (3).xlsx",
603,Buenos Aires,Puntarenas,2019,exportaciones,144.83541645469342,"PIB,_VA_impuesto_X_M (3).xlsx",
604,Montes de Oro,Puntarenas,2019,exportaciones,905.1461993875671,"PIB,_VA_impuesto_X_M (3).xlsx",
605,Osa,Puntarenas,2019,exportaciones,2426.0837932184363,"PIB,_VA_impuesto_X_M (3).xlsx",
606,Quepos,Puntarenas,2019,exportaciones,17555.241737363558,"PIB,_VA_impuesto_X_M (3).xlsx",
607,Golfito,Puntarenas,2019,exportaciones,281.4916269749996,"PIB,_VA_impuesto_X_M (3).xlsx",
608,Coto Brus,Puntarenas,2019,exportaciones,235.58870239096538,"PIB,_VA_impuesto_X_M (3).xlsx",
609,Parrita,Puntarenas,2019,exportaciones,14225.61182737086,"PIB,_VA_impuesto_X_M (3).xlsx",
610,Corredores,Puntarenas,2019,exportaciones,87939.30235542162,"PIB,_VA_impuesto_X_M (3).xlsx",
611,Garabito,Puntarenas,2019,exportaciones,1449.8839560192703,"PIB,_VA_impuesto_X_M (3).xlsx",
701,Limón,Limón,2019,exportaciones,123904.50125650491,"PIB,_VA_impuesto_X_M (3).xlsx",
702,Pococí,Limón,2019,exportaciones,439339.7271357003,"PIB,_VA_impuesto_X_M (3).xlsx",
703,Siquirres,Limón,2019,exportaciones,59942.94987145722,"PIB,_VA_impuesto_X_M (3).xlsx",
704,Talamanca,Limón,2019,exportaciones,2643.989795542608,"PIB,_VA_impuesto_X_M (3).xlsx",
705,Matina,Limón,2019,exportaciones,27512.832893308325,"PIB,_VA_impuesto_X_M (3).xlsx",
706,Guácimo,Limón,2019,exportaciones,58030.80003336489,"PIB,_VA_impuesto_X_M (3).xlsx",
101,San José,San José,2020,exportaciones,879817.9664913338,"PIB,_VA_impuesto_X_M (3).xlsx",
102,Escazú,San José,2020,exportaciones,17994.245780682973,"PIB,_VA_impuesto_X_M (3).xlsx",
103,Desamparados,San José,2020,exportaciones,35827.512762128164,"PIB,_VA_impuesto_X_M (3).xlsx",
104,Puriscal,San José,2020,exportaciones,735.2566888035625,"PIB,_VA_impuesto_X_M (3).xlsx",
105,Tarrazú,San José,2020,exportaciones,24350.299687917493,"PIB,_VA_impuesto_X_M (3).xlsx",
106,Aserrí,San José,2020,exportaciones,3574.263567496088,"PIB,_VA_impuesto_X_M (3).xlsx",
107,Mora,San José,2020,exportaciones,7894.86671318138,"PIB,_VA_impuesto_X_M (3).xlsx",
108,Goicoechea,San José,2020,exportaciones,1564.6341062129127,"PIB,_VA_impuesto_X_M (3).xlsx",
109,Santa Ana,San José,2020,exportaciones,1974.5657093798034,"PIB,_VA_impuesto_X_M (3).xlsx",
110,Alajuelita,San José,2020,exportaciones,977.8070510584157,"PIB,_VA_impuesto_X_M (3).xlsx",
111,Vázquez de Coronado,San José,2020,exportaciones,803.7270502776364,"PIB,_VA_impuesto_X_M (3).xlsx",
112,Acosta,San José,2020,exportaciones,13602.079289829935,"PIB,_VA_impuesto_X_M (3).xlsx",
113,Tibás,San José,2020,exportaciones,17064.398896959632,"PIB,_VA_impuesto_X_M (3).xlsx",
114,Moravia,San José,2020,exportaciones,17451.59209441187,"PIB,_VA_impuesto_X_M (3).xlsx",
115,Montes de Oca,San José,2020,exportaciones,6264.045415782458,"PIB,_VA_impuesto_X_M (3).xlsx",
116,Turrubares,San José,2020,exportaciones,0.0,"PIB,_VA_impuesto_X_M (3).xlsx",
117,Dota,San José,2020,exportaciones,849.0780338945425,"PIB,_VA_impuesto_X_M (3).xlsx",
118,Curridabat,San José,2020,exportaciones,8880.558209058592,"PIB,_VA_impuesto_X_M (3).xlsx",
119,Pérez Zeledón,San José,2020,exportaciones,11882.512637029593,"PIB,_VA_impuesto_X_M (3).xlsx",
120,León Cortés Castro,San José,2020,exportaciones,0.0,"PIB,_VA_impuesto_X_M (3).xlsx",
201,Alajuela,Alajuela,2020,exportaciones,2590036.181960672,"PIB,_VA_impuesto_X_M (3).xlsx",
202,San Ramón,Alajuela,2020,exportaciones,19907.111233378364,"PIB,_VA_impuesto_X_M (3).xlsx",
203,Grecia,Alajuela,2020,exportaciones,98425.91035694434,"PIB,_VA_impuesto_X_M (3).xlsx",
204,San Mateo,Alajuela,2020,exportaciones,102.81570365780033,"PIB,_VA_impuesto_X_M (3).xlsx",
205,Atenas,Alajuela,2020,exportaciones,1397.1879872458237,"PIB,_VA_impuesto_X_M (3).xlsx",
206,Naranjo,Alajuela,2020,exportaciones,3478.1512119662493,"PIB,_VA_impuesto_X_M (3).xlsx",
207,Palmares,Alajuela,2020,exportaciones,14292.678207674595,"PIB,_VA_impuesto_X_M (3).xlsx",
208,Poás,Alajuela,2020,exportaciones,3057.033272523911,"PIB,_VA_impuesto_X_M (3).xlsx",
209,Orotina,Alajuela,2020,exportaciones,1082.6635722695949,"PIB,_VA_impuesto_X_M (3).xlsx",
210,San Carlos,Alajuela,2020,exportaciones,263637.46096491424,"PIB,_VA_impuesto_X_M (3).xlsx",
211,Zarcero,Alajuela,2020,exportaciones,803.4088706177987,"PIB,_VA_impuesto_X_M (3).xlsx",
212,Sarchí,Alajuela,2020,exportaciones,11588.521821098177,"PIB,_VA_impuesto_X_M (3).xlsx",
213,Upala,Alajuela,2020,exportaciones,20671.97846005343,"PIB,_VA_impuesto_X_M (3).xlsx",
214,Los Chiles,Alajuela,2020,exportaciones,9507.54665676673,"PIB,_VA_impuesto_X_M (3).xlsx",
215,Guatuso,Alajuela,2020,exportaciones,135.11948171377372,"PIB,_VA_impuesto_X_M (3).xlsx",
216,Río Cuarto,Alajuela,2020,exportaciones,7557.848453627394,"PIB,_VA_impuesto_X_M (3).xlsx",
301,Cartago,Cartago,2020,exportaciones,644143.1245802646,"PIB,_VA_impuesto_X_M (3).xlsx",
302,Paraíso,Cartago,2020,exportaciones,31516.708614940526,"PIB,_VA_impuesto_X_M (3).xlsx",
303,La Unión,Cartago,2020,exportaciones,42786.49984116647,"PIB,_VA_impuesto_X_M (3).xlsx",
304,Jiménez,Cartago,2020,exportaciones,1262.2881872495177,"PIB,_VA_impuesto_X_M (3).xlsx",
305,Turrialba,Cartago,2020,exportaciones,17051.864097160567,"PIB,_VA_impuesto_X_M (3).xlsx",
306,Alvarado,Cartago,2020,exportaciones,13.615766850615586,"PIB,_VA_impuesto_X_M (3).xlsx",
307,Oreamuno,Cartago,2020,exportaciones,8345.808573086179,"PIB,_VA_impuesto_X_M (3).xlsx",
308,El Guarco,Cartago,2020,exportaciones,33160.72646293868,"PIB,_VA_impuesto_X_M (3).xlsx",
401,Heredia,Heredia,2020,exportaciones,600099.3864394254,"PIB,_VA_impuesto_X_M (3).xlsx",
402,Barva,Heredia,2020,exportaciones,6813.871663512109,"PIB,_VA_impuesto_X_M (3).xlsx",
403,Santo Domingo,Heredia,2020,exportaciones,12905.662588964638,"PIB,_VA_impuesto_X_M (3).xlsx",
404,Santa Bárbara,Heredia,2020,exportaciones,3502.39732530672,"PIB,_VA_impuesto_X_M (3).xlsx",
405,San Rafael,Heredia,2020,exportaciones,372.1020099302237,"PIB,_VA_impuesto_X_M (3).xlsx",
406,San Isidro,Heredia,2020,exportaciones,469.6401802627477,"PIB,_VA_impuesto_X_M (3).xlsx",
407,Belén,Heredia,2020,exportaciones,4794.969315471751,"PIB,_VA_impuesto_X_M (3).xlsx",
408,Flores,Heredia,2020,exportaciones,2247.0818025458448,"PIB,_VA_impuesto_X_M (3).xlsx",
409,San Pablo,Heredia,2020,exportaciones,32.81269821451377,"PIB,_VA_impuesto_X_M (3).xlsx",
410,Sarapiquí,Heredia,2020,exportaciones,140910.0250161713,"PIB,_VA_impuesto_X_M (3).xlsx",
501,Liberia,Guanacaste,2020,exportaciones,7906.912562068863,"PIB,_VA_impuesto_X_M (3).xlsx",
502,Nicoya,Guanacaste,2020,exportaciones,11497.131660608493,"PIB,_VA_impuesto_X_M (3).xlsx",
503,Santa Cruz,Guanacaste,2020,exportaciones,608.3619831284022,"PIB,_VA_impuesto_X_M (3).xlsx",
504,Bagaces,Guanacaste,2020,exportaciones,363.70333660201624,"PIB,_VA_impuesto_X_M (3).xlsx",
505,Carrillo,Guanacaste,2020,exportaciones,9158.892199926577,"PIB,_VA_impuesto_X_M (3).xlsx",
506,Cañas,Guanacaste,2020,exportaciones,24469.053948350338,"PIB,_VA_impuesto_X_M (3).xlsx",
507,Abangares,Guanacaste,2020,exportaciones,10400.107478827258,"PIB,_VA_impuesto_X_M (3).xlsx",
508,Tilarán,Guanacaste,2020,exportaciones,393.87244760946965,"PIB,_VA_impuesto_X_M (3).xlsx",
509,Nandayure,Guanacaste,2020,exportaciones,2775.465366432071,"PIB,_VA_impuesto_X_M (3).xlsx",
510,La Cruz,Guanacaste,2020,exportaciones,25963.921733220675,"PIB,_VA_impuesto_X_M (3).xlsx",
511,Hojancha,Guanacaste,2020,exportaciones,174.7543736892555,"PIB,_VA_impuesto_X_M (3).xlsx",
601,Puntarenas,Puntarenas,2020,exportaciones,139731.80506747408,"PIB,_VA_impuesto_X_M (3).xlsx",
602,Esparza,Puntarenas,2020,exportaciones,47840.56225215863,"PIB,_VA_impuesto_X_M (3).xlsx",
603,Buenos Aires,Puntarenas,2020,exportaciones,205.35165839376228,"PIB,_VA_impuesto_X_M (3).xlsx",
604,Montes de Oro,Puntarenas,2020,exportaciones,162.31213301229914,"PIB,_VA_impuesto_X_M (3).xlsx",
605,Osa,Puntarenas,2020,exportaciones,2238.7315575658354,"PIB,_VA_impuesto_X_M (3).xlsx",
606,Quepos,Puntarenas,2020,exportaciones,15021.183995587055,"PIB,_VA_impuesto_X_M (3).xlsx",
607,Golfito,Puntarenas,2020,exportaciones,0.0,"PIB,_VA_impuesto_X_M (3).xlsx",
608,Coto Brus,Puntarenas,2020,exportaciones,480.2871019861781,"PIB,_VA_impuesto_X_M (3).xlsx",
609,Parrita,Puntarenas,2020,exportaciones,14068.239585957559,"PIB,_VA_impuesto_X_M (3).xlsx",
610,Corredores,Puntarenas,2020,exportaciones,113340.10764331283,"PIB,_VA_impuesto_X_M (3).xlsx",
611,Garabito,Puntarenas,2020,exportaciones,30.455926545514032,"PIB,_VA_impuesto_X_M (3).xlsx",
701,Limón,Limón,2020,exportaciones,132070.54998252593,"PIB,_VA_impuesto_X_M (3).xlsx",
702,Pococí,Limón,2020,exportaciones,392876.2007475875,"PIB,_VA_impuesto_X_M (3).xlsx",
703,Siquirres,Limón,2020,exportaciones,71085.94574636186,"PIB,_VA_impuesto_X_M (3).xlsx",
704,Talamanca,Limón,2020,exportaciones,3598.921618528914,"PIB,_VA_impuesto_X_M (3).xlsx",
705,Matina,Limón,2020,exportaciones,26269.689224509664,"PIB,_VA_impuesto_X_M (3).xlsx",
706,Guácimo,Limón,2020,exportaciones,57618.709335814056,"PIB,_VA_impuesto_X_M (3).xlsx",
101,San José,San José,2021,exportaciones,1145351.9517640457,"PIB,_VA_impuesto_X_M (3).xlsx",
102,Escazú,San José,2021,exportaciones,22613.201730273286,"PIB,_VA_impuesto_X_M (3).xlsx",
103,Desamparados,San José,2021,exportaciones,45069.74981216461,"PIB,_VA_impuesto_X_M (3).xlsx",
104,Puriscal,San José,2021,exportaciones,1208.4752742850105,"PIB,_VA_impuesto_X_M (3).xlsx",
105,Tarrazú,San José,2021,exportaciones,27623.15211169284,"PIB,_VA_impuesto_X_M (3).xlsx",
106,Aserrí,San José,2021,exportaciones,6441.281254489182,"PIB,_VA_impuesto_X_M (3).xlsx",
107,Mora,San José,2021,exportaciones,8924.097147086253,"PIB,_VA_impuesto_X_M (3).xlsx",
108,Goicoechea,San José,2021,exportaciones,5388.326340077366,"PIB,_VA_impuesto_X_M (3).xlsx",
109,Santa Ana,San José,2021,exportaciones,2451.3574338541225,"PIB,_VA_impuesto_X_M (3).xlsx",
110,Alajuelita,San José,2021,exportaciones,947.291647717053,"PIB,_VA_impuesto_X_M (3).xlsx",
111,Vázquez de Coronado,San José,2021,exportaciones,1305.6414050392318,"PIB,_VA_impuesto_X_M (3).xlsx",
112,Acosta,San José,2021,exportaciones,17622.47907961698,"PIB,_VA_impuesto_X_M (3).xlsx",
113,Tibás,San José,2021,exportaciones,21095.437100806088,"PIB,_VA_impuesto_X_M (3).xlsx",
114,Moravia,San José,2021,exportaciones,24738.576028379535,"PIB,_VA_impuesto_X_M (3).xlsx",
115,Montes de Oca,San José,2021,exportaciones,6001.19935105897,"PIB,_VA_impuesto_X_M (3).xlsx",
116,Turrubares,San José,2021,exportaciones,2.6993120269632183,"PIB,_VA_impuesto_X_M (3).xlsx",
117,Dota,San José,2021,exportaciones,1465.0444539710445,"PIB,_VA_impuesto_X_M (3).xlsx",
118,Curridabat,San José,2021,exportaciones,11475.979990576165,"PIB,_VA_impuesto_X_M (3).xlsx",
119,Pérez Zeledón,San José,2021,exportaciones,12050.099017859047,"PIB,_VA_impuesto_X_M (3).xlsx",
120,León Cortés Castro,San José,2021,exportaciones,0.403828705950953,"PIB,_VA_impuesto_X_M (3).xlsx",
201,Alajuela,Alajuela,2021,exportaciones,3504415.104269257,"PIB,_VA_impuesto_X_M (3).xlsx",
202,San Ramón,Alajuela,2021,exportaciones,25930.572243351256,"PIB,_VA_impuesto_X_M (3).xlsx",
203,Grecia,Alajuela,2021,exportaciones,124195.95463318867,"PIB,_VA_impuesto_X_M (3).xlsx",
204,San Mateo,Alajuela,2021,exportaciones,205.82558403372815,"PIB,_VA_impuesto_X_M (3).xlsx",
205,Atenas,Alajuela,2021,exportaciones,1936.1004118671772,"PIB,_VA_impuesto_X_M (3).xlsx",
206,Naranjo,Alajuela,2021,exportaciones,5690.3744908843055,"PIB,_VA_impuesto_X_M (3).xlsx",
207,Palmares,Alajuela,2021,exportaciones,14573.29384619877,"PIB,_VA_impuesto_X_M (3).xlsx",
208,Poás,Alajuela,2021,exportaciones,3714.708879422396,"PIB,_VA_impuesto_X_M (3).xlsx",
209,Orotina,Alajuela,2021,exportaciones,1194.2745028350896,"PIB,_VA_impuesto_X_M (3).xlsx",
210,San Carlos,Alajuela,2021,exportaciones,282559.34012489516,"PIB,_VA_impuesto_X_M (3).xlsx",
211,Zarcero,Alajuela,2021,exportaciones,1359.6689828651993,"PIB,_VA_impuesto_X_M (3).xlsx",
212,Sarchí,Alajuela,2021,exportaciones,14704.397242982348,"PIB,_VA_impuesto_X_M (3).xlsx",
213,Upala,Alajuela,2021,exportaciones,30150.91129264552,"PIB,_VA_impuesto_X_M (3).xlsx",
214,Los Chiles,Alajuela,2021,exportaciones,15084.896619194624,"PIB,_VA_impuesto_X_M (3).xlsx",
215,Guatuso,Alajuela,2021,exportaciones,427.52518053054854,"PIB,_VA_impuesto_X_M (3).xlsx",
216,Río Cuarto,Alajuela,2021,exportaciones,7425.966054541503,"PIB,_VA_impuesto_X_M (3).xlsx",
301,Cartago,Cartago,2021,exportaciones,955063.0711676616,"PIB,_VA_impuesto_X_M (3).xlsx",
302,Paraíso,Cartago,2021,exportaciones,37426.71482632297,"PIB,_VA_impuesto_X_M (3).xlsx",
303,La Unión,Cartago,2021,exportaciones,56997.93121199182,"PIB,_VA_impuesto_X_M (3).xlsx",
304,Jiménez,Cartago,2021,exportaciones,1848.529820083352,"PIB,_VA_impuesto_X_M (3).xlsx",
305,Turrialba,Cartago,2021,exportaciones,18783.160691912442,"PIB,_VA_impuesto_X_M (3).xlsx",
306,Alvarado,Cartago,2021,exportaciones,45.29901741539555,"PIB,_VA_impuesto_X_M (3).xlsx",
307,Oreamuno,Cartago,2021,exportaciones,16604.613661998224,"PIB,_VA_impuesto_X_M (3).xlsx",
308,El Guarco,Cartago,2021,exportaciones,27185.41500630854,"PIB,_VA_impuesto_X_M (3).xlsx",
401,Heredia,Heredia,2021,exportaciones,766230.758695903,"PIB,_VA_impuesto_X_M (3).xlsx",
402,Barva,Heredia,2021,exportaciones,8761.39684371172,"PIB,_VA_impuesto_X_M (3).xlsx",
403,Santo Domingo,Heredia,2021,exportaciones,16897.20292857343,"PIB,_VA_impuesto_X_M (3).xlsx",
404,Santa Bárbara,Heredia,2021,exportaciones,5765.736103446284,"PIB,_VA_impuesto_X_M (3).xlsx",
405,San Rafael,Heredia,2021,exportaciones,268.1458138900863,"PIB,_VA_impuesto_X_M (3).xlsx",
406,San Isidro,Heredia,2021,exportaciones,986.115064270501,"PIB,_VA_impuesto_X_M (3).xlsx",
407,Belén,Heredia,2021,exportaciones,4591.786076282083,"PIB,_VA_impuesto_X_M (3).xlsx",
408,Flores,Heredia,2021,exportaciones,5977.766086634881,"PIB,_VA_impuesto_X_M (3).xlsx",
409,San Pablo,Heredia,2021,exportaciones,105.78998066682131,"PIB,_VA_impuesto_X_M (3).xlsx",
410,Sarapiquí,Heredia,2021,exportaciones,168928.83346940775,"PIB,_VA_impuesto_X_M (3).xlsx",
501,Liberia,Guanacaste,2021,exportaciones,9394.647677098399,"PIB,_VA_impuesto_X_M (3).xlsx",
502,Nicoya,Guanacaste,2021,exportaciones,13214.634534790674,"PIB,_VA_impuesto_X_M (3).xlsx",
503,Santa Cruz,Guanacaste,2021,exportaciones,964.1843639048885,"PIB,_VA_impuesto_X_M (3).xlsx",
504,Bagaces,Guanacaste,2021,exportaciones,484.2732407673332,"PIB,_VA_impuesto_X_M (3).xlsx",
505,Carrillo,Guanacaste,2021,exportaciones,7306.611579753903,"PIB,_VA_impuesto_X_M (3).xlsx",
506,Cañas,Guanacaste,2021,exportaciones,28082.457179834833,"PIB,_VA_impuesto_X_M (3).xlsx",
507,Abangares,Guanacaste,2021,exportaciones,31393.501126676114,"PIB,_VA_impuesto_X_M (3).xlsx",
508,Tilarán,Guanacaste,2021,exportaciones,269.0969367038218,"PIB,_VA_impuesto_X_M (3).xlsx",
509,Nandayure,Guanacaste,2021,exportaciones,2911.4995135853474,"PIB,_VA_impuesto_X_M (3).xlsx",
510,La Cruz,Guanacaste,2021,exportaciones,32145.167862153772,"PIB,_VA_impuesto_X_M (3).xlsx",
511,Hojancha,Guanacaste,2021,exportaciones,91.55170473818718,"PIB,_VA_impuesto_X_M (3).xlsx",
601,Puntarenas,Puntarenas,2021,exportaciones,171291.17664455934,"PIB,_VA_impuesto_X_M (3).xlsx",
602,Esparza,Puntarenas,2021,exportaciones,82787.86637115332,"PIB,_VA_impuesto_X_M (3).xlsx",
603,Buenos Aires,Puntarenas,2021,exportaciones,363.2607726056287,"PIB,_VA_impuesto_X_M (3).xlsx",
604,Montes de Oro,Puntarenas,2021,exportaciones,678.8748929828257,"PIB,_VA_impuesto_X_M (3).xlsx",
605,Osa,Puntarenas,2021,exportaciones,1017.9273277311847,"PIB,_VA_impuesto_X_M (3).xlsx",
606,Quepos,Puntarenas,2021,exportaciones,23816.72466789861,"PIB,_VA_impuesto_X_M (3).xlsx",
607,Golfito,Puntarenas,2021,exportaciones,0.0,"PIB,_VA_impuesto_X_M (3).xlsx",
608,Coto Brus,Puntarenas,2021,exportaciones,1325.3760849100097,"PIB,_VA_impuesto_X_M (3).xlsx",
609,Parrita,Puntarenas,2021,exportaciones,13900.089485985338,"PIB,_VA_impuesto_X_M (3).xlsx",
610,Corredores,Puntarenas,2021,exportaciones,185093.5061977354,"PIB,_VA_impuesto_X_M (3).xlsx",
611,Garabito,Puntarenas,2021,exportaciones,611.1779825218246,"PIB,_VA_impuesto_X_M (3).xlsx",
701,Limón,Limón,2021,exportaciones,102329.97825439449,"PIB,_VA_impuesto_X_M (3).xlsx",
702,Pococí,Limón,2021,exportaciones,466610.8495353426,"PIB,_VA_impuesto_X_M (3).xlsx",
703,Siquirres,Limón,2021,exportaciones,85988.3564764991,"PIB,_VA_impuesto_X_M (3).xlsx",
704,Talamanca,Limón,2021,exportaciones,3745.0989419509183,"PIB,_VA_impuesto_X_M (3).xlsx",
705,Matina,Limón,2021,exportaciones,35752.2888703126,"PIB,_VA_impuesto_X_M (3).xlsx",
706,Guácimo,Limón,2021,exportaciones,78912.43982180001,"PIB,_VA_impuesto_X_M (3).xlsx",
101,San José,San José,2022,exportaciones,1229599.8102806264,"PIB,_VA_impuesto_X_M (3).xlsx",
102,Escazú,San José,2022,exportaciones,57375.476690227515,"PIB,_VA_impuesto_X_M (3).xlsx",
103,Desamparados,San José,2022,exportaciones,45437.8459361553,"PIB,_VA_impuesto_X_M (3).xlsx",
104,Puriscal,San José,2022,exportaciones,1432.0070571314143,"PIB,_VA_impuesto_X_M (3).xlsx",
105,Tarrazú,San José,2022,exportaciones,35897.34271800773,"PIB,_VA_impuesto_X_M (3).xlsx",
106,Aserrí,San José,2022,exportaciones,5484.135892861678,"PIB,_VA_impuesto_X_M (3).xlsx",
107,Mora,San José,2022,exportaciones,9281.524146754036,"PIB,_VA_impuesto_X_M (3).xlsx",
108,Goicoechea,San José,2022,exportaciones,19359.21858670852,"PIB,_VA_impuesto_X_M (3).xlsx",
109,Santa Ana,San José,2022,exportaciones,22973.6739603838,"PIB,_VA_impuesto_X_M (3).xlsx",
110,Alajuelita,San José,2022,exportaciones,914.1712461356728,"PIB,_VA_impuesto_X_M (3).xlsx",
111,Vázquez de Coronado,San José,2022,exportaciones,1266.3257276860486,"PIB,_VA_impuesto_X_M (3).xlsx",
112,Acosta,San José,2022,exportaciones,17308.788722302965,"PIB,_VA_impuesto_X_M (3).xlsx",
113,Tibás,San José,2022,exportaciones,27682.581293084746,"PIB,_VA_impuesto_X_M (3).xlsx",
114,Moravia,San José,2022,exportaciones,29581.96165651321,"PIB,_VA_impuesto_X_M (3).xlsx",
115,Montes de Oca,San José,2022,exportaciones,20310.995899040456,"PIB,_VA_impuesto_X_M (3).xlsx",
116,Turrubares,San José,2022,exportaciones,3.488872387287175,"PIB,_VA_impuesto_X_M (3).xlsx",
117,Dota,San José,2022,exportaciones,4571.778722364031,"PIB,_VA_impuesto_X_M (3).xlsx",
118,Curridabat,San José,2022,exportaciones,11085.139932181359,"PIB,_VA_impuesto_X_M (3).xlsx",
119,Pérez Zeledón,San José,2022,exportaciones,16693.34012026743,"PIB,_VA_impuesto_X_M (3).xlsx",
120,León Cortés Castro,San José,2022,exportaciones,0.0,"PIB,_VA_impuesto_X_M (3).xlsx",
201,Alajuela,Alajuela,2022,exportaciones,3732599.36953864,"PIB,_VA_impuesto_X_M (3).xlsx",
202,San Ramón,Alajuela,2022,exportaciones,23743.291317057134,"PIB,_VA_impuesto_X_M (3).xlsx",
203,Grecia,Alajuela,2022,exportaciones,114173.48819785895,"PIB,_VA_impuesto_X_M (3).xlsx",
204,San Mateo,Alajuela,2022,exportaciones,229.81528181839104,"PIB,_VA_impuesto_X_M (3).xlsx",
205,Atenas,Alajuela,2022,exportaciones,1336.6858161934624,"PIB,_VA_impuesto_X_M (3).xlsx",
206,Naranjo,Alajuela,2022,exportaciones,5425.302139692912,"PIB,_VA_impuesto_X_M (3).xlsx",
207,Palmares,Alajuela,2022,exportaciones,15125.184461974013,"PIB,_VA_impuesto_X_M (3).xlsx",
208,Poás,Alajuela,2022,exportaciones,3401.1064913473297,"PIB,_VA_impuesto_X_M (3).xlsx",
209,Orotina,Alajuela,2022,exportaciones,8578.175022084488,"PIB,_VA_impuesto_X_M (3).xlsx",
210,San Carlos,Alajuela,2022,exportaciones,444837.20938627684,"PIB,_VA_impuesto_X_M (3).xlsx",
211,Zarcero,Alajuela,2022,exportaciones,3575.4324112796626,"PIB,_VA_impuesto_X_M (3).xlsx",
212,Sarchí,Alajuela,2022,exportaciones,17523.675143560842,"PIB,_VA_impuesto_X_M (3).xlsx",
213,Upala,Alajuela,2022,exportaciones,21823.32856303632,"PIB,_VA_impuesto_X_M (3).xlsx",
214,Los Chiles,Alajuela,2022,exportaciones,38123.36472875341,"PIB,_VA_impuesto_X_M (3).xlsx",
215,Guatuso,Alajuela,2022,exportaciones,200.8974312669531,"PIB,_VA_impuesto_X_M (3).xlsx",
216,Río Cuarto,Alajuela,2022,exportaciones,35603.2144056163,"PIB,_VA_impuesto_X_M (3).xlsx",
301,Cartago,Cartago,2022,exportaciones,1136139.3146859212,"PIB,_VA_impuesto_X_M (3).xlsx",
302,Paraíso,Cartago,2022,exportaciones,34993.01065509912,"PIB,_VA_impuesto_X_M (3).xlsx",
303,La Unión,Cartago,2022,exportaciones,52717.98407714095,"PIB,_VA_impuesto_X_M (3).xlsx",
304,Jiménez,Cartago,2022,exportaciones,2241.719933280187,"PIB,_VA_impuesto_X_M (3).xlsx",
305,Turrialba,Cartago,2022,exportaciones,30180.705815596815,"PIB,_VA_impuesto_X_M (3).xlsx",
306,Alvarado,Cartago,2022,exportaciones,59.67360389146896,"PIB,_VA_impuesto_X_M (3).xlsx",
307,Oreamuno,Cartago,2022,exportaciones,19969.77012144461,"PIB,_VA_impuesto_X_M (3).xlsx",
308,El Guarco,Cartago,2022,exportaciones,45738.352358599324,"PIB,_VA_impuesto_X_M (3).xlsx",
401,Heredia,Heredia,2022,exportaciones,774946.1096073011,"PIB,_VA_impuesto_X_M (3).xlsx",
402,Barva,Heredia,2022,exportaciones,8594.543895321993,"PIB,_VA_impuesto_X_M (3).xlsx",
403,Santo Domingo,Heredia,2022,exportaciones,101385.33046931536,"PIB,_VA_impuesto_X_M (3).xlsx",
404,Santa Bárbara,Heredia,2022,exportaciones,4128.172682139939,"PIB,_VA_impuesto_X_M (3).xlsx",
405,San Rafael,Heredia,2022,exportaciones,59.9987740657431,"PIB,_VA_impuesto_X_M (3).xlsx",
406,San Isidro,Heredia,2022,exportaciones,1458.0221279134764,"PIB,_VA_impuesto_X_M (3).xlsx",
407,Belén,Heredia,2022,exportaciones,257337.63163819088,"PIB,_VA_impuesto_X_M (3).xlsx",
408,Flores,Heredia,2022,exportaciones,7825.724280082924,"PIB,_VA_impuesto_X_M (3).xlsx",
409,San Pablo,Heredia,2022,exportaciones,6720.9569668194445,"PIB,_VA_impuesto_X_M (3).xlsx",
410,Sarapiquí,Heredia,2022,exportaciones,150359.92289657853,"PIB,_VA_impuesto_X_M (3).xlsx",
501,Liberia,Guanacaste,2022,exportaciones,8456.80284408737,"PIB,_VA_impuesto_X_M (3).xlsx",
502,Nicoya,Guanacaste,2022,exportaciones,10014.76748287829,"PIB,_VA_impuesto_X_M (3).xlsx",
503,Santa Cruz,Guanacaste,2022,exportaciones,700.5861714680539,"PIB,_VA_impuesto_X_M (3).xlsx",
504,Bagaces,Guanacaste,2022,exportaciones,443.0624346986931,"PIB,_VA_impuesto_X_M (3).xlsx",
505,Carrillo,Guanacaste,2022,exportaciones,3907.084465565046,"PIB,_VA_impuesto_X_M (3).xlsx",
506,Cañas,Guanacaste,2022,exportaciones,42571.72260907929,"PIB,_VA_impuesto_X_M (3).xlsx",
507,Abangares,Guanacaste,2022,exportaciones,24474.46609788418,"PIB,_VA_impuesto_X_M (3).xlsx",
508,Tilarán,Guanacaste,2022,exportaciones,80.03803288009371,"PIB,_VA_impuesto_X_M (3).xlsx",
509,Nandayure,Guanacaste,2022,exportaciones,2562.5226824292804,"PIB,_VA_impuesto_X_M (3).xlsx",
510,La Cruz,Guanacaste,2022,exportaciones,37186.67611455384,"PIB,_VA_impuesto_X_M (3).xlsx",
511,Hojancha,Guanacaste,2022,exportaciones,116.21224255682665,"PIB,_VA_impuesto_X_M (3).xlsx",
601,Puntarenas,Puntarenas,2022,exportaciones,190247.0320321127,"PIB,_VA_impuesto_X_M (3).xlsx",
602,Esparza,Puntarenas,2022,exportaciones,69509.19123521315,"PIB,_VA_impuesto_X_M (3).xlsx",
603,Buenos Aires,Puntarenas,2022,exportaciones,183.21927810281989,"PIB,_VA_impuesto_X_M (3).xlsx",
604,Montes de Oro,Puntarenas,2022,exportaciones,243.1325818825125,"PIB,_VA_impuesto_X_M (3).xlsx",
605,Osa,Puntarenas,2022,exportaciones,0.6804756540852619,"PIB,_VA_impuesto_X_M (3).xlsx",
606,Quepos,Puntarenas,2022,exportaciones,24329.682215204975,"PIB,_VA_impuesto_X_M (3).xlsx",
607,Golfito,Puntarenas,2022,exportaciones,12.183912050903018,"PIB,_VA_impuesto_X_M (3).xlsx",
608,Coto Brus,Puntarenas,2022,exportaciones,1038.8508250842137,"PIB,_VA_impuesto_X_M (3).xlsx",
609,Parrita,Puntarenas,2022,exportaciones,10545.513398846646,"PIB,_VA_impuesto_X_M (3).xlsx",
610,Corredores,Puntarenas,2022,exportaciones,219908.89365917424,"PIB,_VA_impuesto_X_M (3).xlsx",
611,Garabito,Puntarenas,2022,exportaciones,2042.12350567188,"PIB,_VA_impuesto_X_M (3).xlsx",
612,Monteverde,Puntarenas,2022,exportaciones,0.0,"PIB,_VA_impuesto_X_M (3).xlsx",
613,Puerto Jimenez,Puntarenas,2022,exportaciones,0.0,"PIB,_VA_impuesto_X_M (3).xlsx",
701,Limón,Limón,2022,exportaciones,106134.26831397654,"PIB,_VA_impuesto_X_M (3).xlsx",
702,Pococí,Limón,2022,exportaciones,530020.7429108956,"PIB,_VA_impuesto_X_M (3).xlsx",
703,Siquirres,Limón,2022,exportaciones,74828.71763259005,"PIB,_VA_impuesto_X_M (3).xlsx",
704,Talamanca,Limón,2022,exportaciones,1257.3801970067968,"PIB,_VA_impuesto_X_M (3).xlsx",
705,Matina,Limón,2022,exportaciones,20895.504643164437,"PIB,_VA_impuesto_X_M (3).xlsx",
706,Guácimo,Limón,2022,exportaciones,81578.14100694006,"PIB,_VA_impuesto_X_M (3).xlsx",
101,San José,San José,2019,importaciones,3234484.47437603,"PIB,_VA_impuesto_X_M (3).xlsx",
102,Escazú,San José,2019,importaciones,54072.95365274136,"PIB,_VA_impuesto_X_M (3).xlsx",
103,Desamparados,San José,2019,importaciones,229606.1676821319,"PIB,_VA_impuesto_X_M (3).xlsx",
104,Puriscal,San José,2019,importaciones,3367.998430227539,"PIB,_VA_impuesto_X_M (3).xlsx",
105,Tarrazú,San José,2019,importaciones,2119.1450764207257,"PIB,_VA_impuesto_X_M (3).xlsx",
106,Aserrí,San José,2019,importaciones,5729.930515813503,"PIB,_VA_impuesto_X_M (3).xlsx",
107,Mora,San José,2019,importaciones,7664.677090900179,"PIB,_VA_impuesto_X_M (3).xlsx",
108,Goicoechea,San José,2019,importaciones,84374.27198076643,"PIB,_VA_impuesto_X_M (3).xlsx",
109,Santa Ana,San José,2019,importaciones,31275.4667467694,"PIB,_VA_impuesto_X_M (3).xlsx",
110,Alajuelita,San José,2019,importaciones,20130.597786298014,"PIB,_VA_impuesto_X_M (3).xlsx",
111,Vázquez de Coronado,San José,2019,importaciones,21019.336143688524,"PIB,_VA_impuesto_X_M (3).xlsx",
112,Acosta,San José,2019,importaciones,7822.66306248163,"PIB,_VA_impuesto_X_M (3).xlsx",
113,Tibás,San José,2019,importaciones,33874.92677790662,"PIB,_VA_impuesto_X_M (3).xlsx",
114,Moravia,San José,2019,importaciones,38901.38599184886,"PIB,_VA_impuesto_X_M (3).xlsx",
115,Montes de Oca,San José,2019,importaciones,26154.474761055528,"PIB,_VA_impuesto_X_M (3).xlsx",
116,Turrubares,San José,2019,importaciones,105.96136627297074,"PIB,_VA_impuesto_X_M (3).xlsx",
117,Dota,San José,2019,importaciones,44.655014191335646,"PIB,_VA_impuesto_X_M (3).xlsx",
118,Curridabat,San José,2019,importaciones,56035.877144757265,"PIB,_VA_impuesto_X_M (3).xlsx",
119,Pérez Zeledón,San José,2019,importaciones,8462.865776421962,"PIB,_VA_impuesto_X_M (3).xlsx",
120,León Cortés Castro,San José,2019,importaciones,1953.369560077174,"PIB,_VA_impuesto_X_M (3).xlsx",
201,Alajuela,Alajuela,2019,importaciones,1997857.5108722663,"PIB,_VA_impuesto_X_M (3).xlsx",
202,San Ramón,Alajuela,2019,importaciones,23662.564048029504,"PIB,_VA_impuesto_X_M (3).xlsx",
203,Grecia,Alajuela,2019,importaciones,76174.37836149018,"PIB,_VA_impuesto_X_M (3).xlsx",
204,San Mateo,Alajuela,2019,importaciones,75.0127170487462,"PIB,_VA_impuesto_X_M (3).xlsx",
205,Atenas,Alajuela,2019,importaciones,4633.5770059399165,"PIB,_VA_impuesto_X_M (3).xlsx",
206,Naranjo,Alajuela,2019,importaciones,16416.911802690116,"PIB,_VA_impuesto_X_M (3).xlsx",
207,Palmares,Alajuela,2019,importaciones,32071.839476072095,"PIB,_VA_impuesto_X_M (3).xlsx",
208,Poás,Alajuela,2019,importaciones,4312.147173813856,"PIB,_VA_impuesto_X_M (3).xlsx",
209,Orotina,Alajuela,2019,importaciones,575.0698234169665,"PIB,_VA_impuesto_X_M (3).xlsx",
210,San Carlos,Alajuela,2019,importaciones,59418.17791202267,"PIB,_VA_impuesto_X_M (3).xlsx",
211,Zarcero,Alajuela,2019,importaciones,1471.7345753249122,"PIB,_VA_impuesto_X_M (3).xlsx",
212,Sarchí,Alajuela,2019,importaciones,2741.884854293052,"PIB,_VA_impuesto_X_M (3).xlsx",
213,Upala,Alajuela,2019,importaciones,389.15098443138675,"PIB,_VA_impuesto_X_M (3).xlsx",
214,Los Chiles,Alajuela,2019,importaciones,212.73964059167463,"PIB,_VA_impuesto_X_M (3).xlsx",
215,Guatuso,Alajuela,2019,importaciones,1649.4630086084796,"PIB,_VA_impuesto_X_M (3).xlsx",
216,Río Cuarto,Alajuela,2019,importaciones,19388.33678541922,"PIB,_VA_impuesto_X_M (3).xlsx",
301,Cartago,Cartago,2019,importaciones,502169.2967447977,"PIB,_VA_impuesto_X_M (3).xlsx",
302,Paraíso,Cartago,2019,importaciones,15186.768263024045,"PIB,_VA_impuesto_X_M (3).xlsx",
303,La Unión,Cartago,2019,importaciones,58209.924864588036,"PIB,_VA_impuesto_X_M (3).xlsx",
304,Jiménez,Cartago,2019,importaciones,874.6723682273916,"PIB,_VA_impuesto_X_M (3).xlsx",
305,Turrialba,Cartago,2019,importaciones,11297.574360358894,"PIB,_VA_impuesto_X_M (3).xlsx",
306,Alvarado,Cartago,2019,importaciones,920.0293275116559,"PIB,_VA_impuesto_X_M (3).xlsx",
307,Oreamuno,Cartago,2019,importaciones,7575.389887678762,"PIB,_VA_impuesto_X_M (3).xlsx",
308,El Guarco,Cartago,2019,importaciones,21972.019175411668,"PIB,_VA_impuesto_X_M (3).xlsx",
401,Heredia,Heredia,2019,importaciones,565426.3389363266,"PIB,_VA_impuesto_X_M (3).xlsx",
402,Barva,Heredia,2019,importaciones,15774.403166604156,"PIB,_VA_impuesto_X_M (3).xlsx",
403,Santo Domingo,Heredia,2019,importaciones,48372.68510256982,"PIB,_VA_impuesto_X_M (3).xlsx",
404,Santa Bárbara,Heredia,2019,importaciones,9989.80858880052,"PIB,_VA_impuesto_X_M (3).xlsx",
405,San Rafael,Heredia,2019,importaciones,8889.421088386292,"PIB,_VA_impuesto_X_M (3).xlsx",
406,San Isidro,Heredia,2019,importaciones,2856.711944837467,"PIB,_VA_impuesto_X_M (3).xlsx",
407,Belén,Heredia,2019,importaciones,25066.78803659241,"PIB,_VA_impuesto_X_M (3).xlsx",
408,Flores,Heredia,2019,importaciones,6868.059889195175,"PIB,_VA_impuesto_X_M (3).xlsx",
409,San Pablo,Heredia,2019,importaciones,2831.0508195679135,"PIB,_VA_impuesto_X_M (3).xlsx",
410,Sarapiquí,Heredia,2019,importaciones,11436.589230124027,"PIB,_VA_impuesto_X_M (3).xlsx",
501,Liberia,Guanacaste,2019,importaciones,24904.97972468067,"PIB,_VA_impuesto_X_M (3).xlsx",
502,Nicoya,Guanacaste,2019,importaciones,2939.7187058559193,"PIB,_VA_impuesto_X_M (3).xlsx",
503,Santa Cruz,Guanacaste,2019,importaciones,6898.838556088109,"PIB,_VA_impuesto_X_M (3).xlsx",
504,Bagaces,Guanacaste,2019,importaciones,580.5111872728659,"PIB,_VA_impuesto_X_M (3).xlsx",
505,Carrillo,Guanacaste,2019,importaciones,6446.616351473841,"PIB,_VA_impuesto_X_M (3).xlsx",
506,Cañas,Guanacaste,2019,importaciones,21064.862787739854,"PIB,_VA_impuesto_X_M (3).xlsx",
507,Abangares,Guanacaste,2019,importaciones,8735.305403567436,"PIB,_VA_impuesto_X_M (3).xlsx",
508,Tilarán,Guanacaste,2019,importaciones,3204.4975558721826,"PIB,_VA_impuesto_X_M (3).xlsx",
509,Nandayure,Guanacaste,2019,importaciones,145.62354417379495,"PIB,_VA_impuesto_X_M (3).xlsx",
510,La Cruz,Guanacaste,2019,importaciones,7126.749074133196,"PIB,_VA_impuesto_X_M (3).xlsx",
511,Hojancha,Guanacaste,2019,importaciones,111.03100712531008,"PIB,_VA_impuesto_X_M (3).xlsx",
601,Puntarenas,Puntarenas,2019,importaciones,253651.60967971655,"PIB,_VA_impuesto_X_M (3).xlsx",
602,Esparza,Puntarenas,2019,importaciones,113715.064088849,"PIB,_VA_impuesto_X_M (3).xlsx",
603,Buenos Aires,Puntarenas,2019,importaciones,482.06111977168354,"PIB,_VA_impuesto_X_M (3).xlsx",
604,Montes de Oro,Puntarenas,2019,importaciones,3064.000127352245,"PIB,_VA_impuesto_X_M (3).xlsx",
605,Osa,Puntarenas,2019,importaciones,844.570752631477,"PIB,_VA_impuesto_X_M (3).xlsx",
606,Quepos,Puntarenas,2019,importaciones,5856.405419007984,"PIB,_VA_impuesto_X_M (3).xlsx",
607,Golfito,Puntarenas,2019,importaciones,22881.50279602988,"PIB,_VA_impuesto_X_M (3).xlsx",
608,Coto Brus,Puntarenas,2019,importaciones,1085.718942275769,"PIB,_VA_impuesto_X_M (3).xlsx",
609,Parrita,Puntarenas,2019,importaciones,1126.5356034441154,"PIB,_VA_impuesto_X_M (3).xlsx",
610,Corredores,Puntarenas,2019,importaciones,10787.229817276948,"PIB,_VA_impuesto_X_M (3).xlsx",
611,Garabito,Puntarenas,2019,importaciones,5565.303668616867,"PIB,_VA_impuesto_X_M (3).xlsx",
701,Limón,Limón,2019,importaciones,1163511.4964697352,"PIB,_VA_impuesto_X_M (3).xlsx",
702,Pococí,Limón,2019,importaciones,120043.62084939843,"PIB,_VA_impuesto_X_M (3).xlsx",
703,Siquirres,Limón,2019,importaciones,70138.41275240539,"PIB,_VA_impuesto_X_M (3).xlsx",
704,Talamanca,Limón,2019,importaciones,327.77646886665286,"PIB,_VA_impuesto_X_M (3).xlsx",
705,Matina,Limón,2019,importaciones,6034.142116097193,"PIB,_VA_impuesto_X_M (3).xlsx",
706,Guácimo,Limón,2019,importaciones,23106.883381670184,"PIB,_VA_impuesto_X_M (3).xlsx",
101,San José,San José,2020,importaciones,3131747.1231555073,"PIB,_VA_impuesto_X_M (3).xlsx",
102,Escazú,San José,2020,importaciones,51073.77907631067,"PIB,_VA_impuesto_X_M (3).xlsx",
103,Desamparados,San José,2020,importaciones,238579.78057719086,"PIB,_VA_impuesto_X_M (3).xlsx",
104,Puriscal,San José,2020,importaciones,5446.69777040747,"PIB,_VA_impuesto_X_M (3).xlsx",
105,Tarrazú,San José,2020,importaciones,1798.6996451884324,"PIB,_VA_impuesto_X_M (3).xlsx",
106,Aserrí,San José,2020,importaciones,6743.210266815437,"PIB,_VA_impuesto_X_M (3).xlsx",
107,Mora,San José,2020,importaciones,6270.672548779752,"PIB,_VA_impuesto_X_M (3).xlsx",
108,Goicoechea,San José,2020,importaciones,83796.18446167714,"PIB,_VA_impuesto_X_M (3).xlsx",
109,Santa Ana,San José,2020,importaciones,28703.716180157433,"PIB,_VA_impuesto_X_M (3).xlsx",
110,Alajuelita,San José,2020,importaciones,17919.101201434874,"PIB,_VA_impuesto_X_M (3).xlsx",
111,Vázquez de Coronado,San José,2020,importaciones,20966.082669719515,"PIB,_VA_impuesto_X_M (3).xlsx",
112,Acosta,San José,2020,importaciones,6209.356466900496,"PIB,_VA_impuesto_X_M (3).xlsx",
113,Tibás,San José,2020,importaciones,31561.564839293962,"PIB,_VA_impuesto_X_M (3).xlsx",
114,Moravia,San José,2020,importaciones,35984.653217315914,"PIB,_VA_impuesto_X_M (3).xlsx",
115,Montes de Oca,San José,2020,importaciones,22134.91913850301,"PIB,_VA_impuesto_X_M (3).xlsx",
116,Turrubares,San José,2020,importaciones,4.6983465277953655,"PIB,_VA_impuesto_X_M (3).xlsx",
117,Dota,San José,2020,importaciones,7.3978057745686,"PIB,_VA_impuesto_X_M (3).xlsx",
118,Curridabat,San José,2020,importaciones,48847.14203870346,"PIB,_VA_impuesto_X_M (3).xlsx",
119,Pérez Zeledón,San José,2020,importaciones,7826.680894805877,"PIB,_VA_impuesto_X_M (3).xlsx",
120,León Cortés Castro,San José,2020,importaciones,145.23371919818948,"PIB,_VA_impuesto_X_M (3).xlsx",
201,Alajuela,Alajuela,2020,importaciones,1735586.346498404,"PIB,_VA_impuesto_X_M (3).xlsx",
202,San Ramón,Alajuela,2020,importaciones,25044.795784396018,"PIB,_VA_impuesto_X_M (3).xlsx",
203,Grecia,Alajuela,2020,importaciones,69341.19773684438,"PIB,_VA_impuesto_X_M (3).xlsx",
204,San Mateo,Alajuela,2020,importaciones,248.53512898613317,"PIB,_VA_impuesto_X_M (3).xlsx",
205,Atenas,Alajuela,2020,importaciones,4389.286161059969,"PIB,_VA_impuesto_X_M (3).xlsx",
206,Naranjo,Alajuela,2020,importaciones,17983.552610542185,"PIB,_VA_impuesto_X_M (3).xlsx",
207,Palmares,Alajuela,2020,importaciones,33906.57556111858,"PIB,_VA_impuesto_X_M (3).xlsx",
208,Poás,Alajuela,2020,importaciones,4572.079086323451,"PIB,_VA_impuesto_X_M (3).xlsx",
209,Orotina,Alajuela,2020,importaciones,597.7358953020192,"PIB,_VA_impuesto_X_M (3).xlsx",
210,San Carlos,Alajuela,2020,importaciones,54816.66904636822,"PIB,_VA_impuesto_X_M (3).xlsx",
211,Zarcero,Alajuela,2020,importaciones,1273.6332875718913,"PIB,_VA_impuesto_X_M (3).xlsx",
212,Sarchí,Alajuela,2020,importaciones,2653.7611759046754,"PIB,_VA_impuesto_X_M (3).xlsx",
213,Upala,Alajuela,2020,importaciones,196.6606552053765,"PIB,_VA_impuesto_X_M (3).xlsx",
214,Los Chiles,Alajuela,2020,importaciones,508.3101109821885,"PIB,_VA_impuesto_X_M (3).xlsx",
215,Guatuso,Alajuela,2020,importaciones,1611.625466780956,"PIB,_VA_impuesto_X_M (3).xlsx",
216,Río Cuarto,Alajuela,2020,importaciones,9514.110550008108,"PIB,_VA_impuesto_X_M (3).xlsx",
301,Cartago,Cartago,2020,importaciones,475649.7205205099,"PIB,_VA_impuesto_X_M (3).xlsx",
302,Paraíso,Cartago,2020,importaciones,8412.452206236349,"PIB,_VA_impuesto_X_M (3).xlsx",
303,La Unión,Cartago,2020,importaciones,56805.43716228584,"PIB,_VA_impuesto_X_M (3).xlsx",
304,Jiménez,Cartago,2020,importaciones,1044.0445566929632,"PIB,_VA_impuesto_X_M (3).xlsx",
305,Turrialba,Cartago,2020,importaciones,5275.452054987322,"PIB,_VA_impuesto_X_M (3).xlsx",
306,Alvarado,Cartago,2020,importaciones,1202.7290036710156,"PIB,_VA_impuesto_X_M (3).xlsx",
307,Oreamuno,Cartago,2020,importaciones,8358.837308596165,"PIB,_VA_impuesto_X_M (3).xlsx",
308,El Guarco,Cartago,2020,importaciones,19870.44962172751,"PIB,_VA_impuesto_X_M (3).xlsx",
401,Heredia,Heredia,2020,importaciones,534555.338822495,"PIB,_VA_impuesto_X_M (3).xlsx",
402,Barva,Heredia,2020,importaciones,13238.786092574775,"PIB,_VA_impuesto_X_M (3).xlsx",
403,Santo Domingo,Heredia,2020,importaciones,42354.7952738662,"PIB,_VA_impuesto_X_M (3).xlsx",
404,Santa Bárbara,Heredia,2020,importaciones,9999.749351605957,"PIB,_VA_impuesto_X_M (3).xlsx",
405,San Rafael,Heredia,2020,importaciones,8552.836440994022,"PIB,_VA_impuesto_X_M (3).xlsx",
406,San Isidro,Heredia,2020,importaciones,2970.291687048267,"PIB,_VA_impuesto_X_M (3).xlsx",
407,Belén,Heredia,2020,importaciones,28850.695954200877,"PIB,_VA_impuesto_X_M (3).xlsx",
408,Flores,Heredia,2020,importaciones,9838.36450209438,"PIB,_VA_impuesto_X_M (3).xlsx",
409,San Pablo,Heredia,2020,importaciones,2732.236593425626,"PIB,_VA_impuesto_X_M (3).xlsx",
410,Sarapiquí,Heredia,2020,importaciones,7568.634768435031,"PIB,_VA_impuesto_X_M (3).xlsx",
501,Liberia,Guanacaste,2020,importaciones,26841.888490992205,"PIB,_VA_impuesto_X_M (3).xlsx",
502,Nicoya,Guanacaste,2020,importaciones,3114.9606311250604,"PIB,_VA_impuesto_X_M (3).xlsx",
503,Santa Cruz,Guanacaste,2020,importaciones,3366.132830575369,"PIB,_VA_impuesto_X_M (3).xlsx",
504,Bagaces,Guanacaste,2020,importaciones,4024.7468340939326,"PIB,_VA_impuesto_X_M (3).xlsx",
505,Carrillo,Guanacaste,2020,importaciones,5513.913839740041,"PIB,_VA_impuesto_X_M (3).xlsx",
506,Cañas,Guanacaste,2020,importaciones,9098.308788497457,"PIB,_VA_impuesto_X_M (3).xlsx",
507,Abangares,Guanacaste,2020,importaciones,7905.726219872975,"PIB,_VA_impuesto_X_M (3).xlsx",
508,Tilarán,Guanacaste,2020,importaciones,2890.1209880492565,"PIB,_VA_impuesto_X_M (3).xlsx",
509,Nandayure,Guanacaste,2020,importaciones,343.552638025482,"PIB,_VA_impuesto_X_M (3).xlsx",
510,La Cruz,Guanacaste,2020,importaciones,2375.985232611396,"PIB,_VA_impuesto_X_M (3).xlsx",
511,Hojancha,Guanacaste,2020,importaciones,3.016627107108483,"PIB,_VA_impuesto_X_M (3).xlsx",
601,Puntarenas,Puntarenas,2020,importaciones,256129.94342227234,"PIB,_VA_impuesto_X_M (3).xlsx",
602,Esparza,Puntarenas,2020,importaciones,79469.78710239675,"PIB,_VA_impuesto_X_M (3).xlsx",
603,Buenos Aires,Puntarenas,2020,importaciones,679.0105887070746,"PIB,_VA_impuesto_X_M (3).xlsx",
604,Montes de Oro,Puntarenas,2020,importaciones,472.30253730689105,"PIB,_VA_impuesto_X_M (3).xlsx",
605,Osa,Puntarenas,2020,importaciones,296.8168680416261,"PIB,_VA_impuesto_X_M (3).xlsx",
606,Quepos,Puntarenas,2020,importaciones,5518.787755959594,"PIB,_VA_impuesto_X_M (3).xlsx",
607,Golfito,Puntarenas,2020,importaciones,16967.511767545027,"PIB,_VA_impuesto_X_M (3).xlsx",
608,Coto Brus,Puntarenas,2020,importaciones,750.6200722524425,"PIB,_VA_impuesto_X_M (3).xlsx",
609,Parrita,Puntarenas,2020,importaciones,940.4836251496704,"PIB,_VA_impuesto_X_M (3).xlsx",
610,Corredores,Puntarenas,2020,importaciones,6840.547122596657,"PIB,_VA_impuesto_X_M (3).xlsx",
611,Garabito,Puntarenas,2020,importaciones,4186.041464374201,"PIB,_VA_impuesto_X_M (3).xlsx",
701,Limón,Limón,2020,importaciones,614006.0864117283,"PIB,_VA_impuesto_X_M (3).xlsx",
702,Pococí,Limón,2020,importaciones,121436.4484777415,"PIB,_VA_impuesto_X_M (3).xlsx",
703,Siquirres,Limón,2020,importaciones,63765.195241512105,"PIB,_VA_impuesto_X_M (3).xlsx",
704,Talamanca,Limón,2020,importaciones,89.7894690489268,"PIB,_VA_impuesto_X_M (3).xlsx",
705,Matina,Limón,2020,importaciones,7531.421616762378,"PIB,_VA_impuesto_X_M (3).xlsx",
706,Guácimo,Limón,2020,importaciones,22673.31675601631,"PIB,_VA_impuesto_X_M (3).xlsx",
101,San José,San José,2021,importaciones,3939310.248575764,"PIB,_VA_impuesto_X_M (3).xlsx",
102,Escazú,San José,2021,importaciones,76985.5937498447,"PIB,_VA_impuesto_X_M (3).xlsx",
103,Desamparados,San José,2021,importaciones,296365.0743758758,"PIB,_VA_impuesto_X_M (3).xlsx",
104,Puriscal,San José,2021,importaciones,6118.3088568678195,"PIB,_VA_impuesto_X_M (3).xlsx",
105,Tarrazú,San José,2021,importaciones,1731.1749333617208,"PIB,_VA_impuesto_X_M (3).xlsx",
106,Aserrí,San José,2021,importaciones,10069.622045940081,"PIB,_VA_impuesto_X_M (3).xlsx",
107,Mora,San José,2021,importaciones,8655.824714840917,"PIB,_VA_impuesto_X_M (3).xlsx",
108,Goicoechea,San José,2021,importaciones,110782.88062695615,"PIB,_VA_impuesto_X_M (3).xlsx",
109,Santa Ana,San José,2021,importaciones,48538.12835400752,"PIB,_VA_impuesto_X_M (3).xlsx",
110,Alajuelita,San José,2021,importaciones,22294.186703671545,"PIB,_VA_impuesto_X_M (3).xlsx",
111,Vázquez de Coronado,San José,2021,importaciones,25818.68914042749,"PIB,_VA_impuesto_X_M (3).xlsx",
112,Acosta,San José,2021,importaciones,8009.283442726888,"PIB,_VA_impuesto_X_M (3).xlsx",
113,Tibás,San José,2021,importaciones,44021.119862190695,"PIB,_VA_impuesto_X_M (3).xlsx",
114,Moravia,San José,2021,importaciones,53067.15377940802,"PIB,_VA_impuesto_X_M (3).xlsx",
115,Montes de Oca,San José,2021,importaciones,25353.104298206123,"PIB,_VA_impuesto_X_M (3).xlsx",
116,Turrubares,San José,2021,importaciones,0.0,"PIB,_VA_impuesto_X_M (3).xlsx",
117,Dota,San José,2021,importaciones,48.396543392913344,"PIB,_VA_impuesto_X_M (3).xlsx",
118,Curridabat,San José,2021,importaciones,58077.83313574095,"PIB,_VA_impuesto_X_M (3).xlsx",
119,Pérez Zeledón,San José,2021,importaciones,7545.939255453821,"PIB,_VA_impuesto_X_M (3).xlsx",
120,León Cortés Castro,San José,2021,importaciones,461.4271202157323,"PIB,_VA_impuesto_X_M (3).xlsx",
201,Alajuela,Alajuela,2021,importaciones,2485137.723791931,"PIB,_VA_impuesto_X_M (3).xlsx",
202,San Ramón,Alajuela,2021,importaciones,33437.136115910354,"PIB,_VA_impuesto_X_M (3).xlsx",
203,Grecia,Alajuela,2021,importaciones,85972.43029084566,"PIB,_VA_impuesto_X_M (3).xlsx",
204,San Mateo,Alajuela,2021,importaciones,128.47735694414138,"PIB,_VA_impuesto_X_M (3).xlsx",
205,Atenas,Alajuela,2021,importaciones,3841.1836817442304,"PIB,_VA_impuesto_X_M (3).xlsx",
206,Naranjo,Alajuela,2021,importaciones,20461.788596451766,"PIB,_VA_impuesto_X_M (3).xlsx",
207,Palmares,Alajuela,2021,importaciones,46620.22254535994,"PIB,_VA_impuesto_X_M (3).xlsx",
208,Poás,Alajuela,2021,importaciones,7349.249659218327,"PIB,_VA_impuesto_X_M (3).xlsx",
209,Orotina,Alajuela,2021,importaciones,513.8737831467502,"PIB,_VA_impuesto_X_M (3).xlsx",
210,San Carlos,Alajuela,2021,importaciones,65056.58661369871,"PIB,_VA_impuesto_X_M (3).xlsx",
211,Zarcero,Alajuela,2021,importaciones,2106.0078999999537,"PIB,_VA_impuesto_X_M (3).xlsx",
212,Sarchí,Alajuela,2021,importaciones,3931.026960409396,"PIB,_VA_impuesto_X_M (3).xlsx",
213,Upala,Alajuela,2021,importaciones,284.21436258947443,"PIB,_VA_impuesto_X_M (3).xlsx",
214,Los Chiles,Alajuela,2021,importaciones,39.49495689483179,"PIB,_VA_impuesto_X_M (3).xlsx",
215,Guatuso,Alajuela,2021,importaciones,1551.9326809628567,"PIB,_VA_impuesto_X_M (3).xlsx",
216,Río Cuarto,Alajuela,2021,importaciones,7183.643928829106,"PIB,_VA_impuesto_X_M (3).xlsx",
301,Cartago,Cartago,2021,importaciones,634392.3705901448,"PIB,_VA_impuesto_X_M (3).xlsx",
302,Paraíso,Cartago,2021,importaciones,12091.057285942097,"PIB,_VA_impuesto_X_M (3).xlsx",
303,La Unión,Cartago,2021,importaciones,80157.9741539356,"PIB,_VA_impuesto_X_M (3).xlsx",
304,Jiménez,Cartago,2021,importaciones,1229.5343286649932,"PIB,_VA_impuesto_X_M (3).xlsx",
305,Turrialba,Cartago,2021,importaciones,6796.288074591774,"PIB,_VA_impuesto_X_M (3).xlsx",
306,Alvarado,Cartago,2021,importaciones,1641.8118145436533,"PIB,_VA_impuesto_X_M (3).xlsx",
307,Oreamuno,Cartago,2021,importaciones,10068.446351715196,"PIB,_VA_impuesto_X_M (3).xlsx",
308,El Guarco,Cartago,2021,importaciones,34320.28529695851,"PIB,_VA_impuesto_X_M (3).xlsx",
401,Heredia,Heredia,2021,importaciones,754882.4830457551,"PIB,_VA_impuesto_X_M (3).xlsx",
402,Barva,Heredia,2021,importaciones,17955.79340346273,"PIB,_VA_impuesto_X_M (3).xlsx",
403,Santo Domingo,Heredia,2021,importaciones,63092.13885044016,"PIB,_VA_impuesto_X_M (3).xlsx",
404,Santa Bárbara,Heredia,2021,importaciones,11184.315768718543,"PIB,_VA_impuesto_X_M (3).xlsx",
405,San Rafael,Heredia,2021,importaciones,10637.216902738763,"PIB,_VA_impuesto_X_M (3).xlsx",
406,San Isidro,Heredia,2021,importaciones,3141.7079854070093,"PIB,_VA_impuesto_X_M (3).xlsx",
407,Belén,Heredia,2021,importaciones,32925.38040990515,"PIB,_VA_impuesto_X_M (3).xlsx",
408,Flores,Heredia,2021,importaciones,13429.86930877671,"PIB,_VA_impuesto_X_M (3).xlsx",
409,San Pablo,Heredia,2021,importaciones,3518.4369615372725,"PIB,_VA_impuesto_X_M (3).xlsx",
410,Sarapiquí,Heredia,2021,importaciones,8639.71196262468,"PIB,_VA_impuesto_X_M (3).xlsx",
501,Liberia,Guanacaste,2021,importaciones,29299.39080054946,"PIB,_VA_impuesto_X_M (3).xlsx",
502,Nicoya,Guanacaste,2021,importaciones,3034.8338115985707,"PIB,_VA_impuesto_X_M (3).xlsx",
503,Santa Cruz,Guanacaste,2021,importaciones,3483.2602474913056,"PIB,_VA_impuesto_X_M (3).xlsx",
504,Bagaces,Guanacaste,2021,importaciones,4116.770948903222,"PIB,_VA_impuesto_X_M (3).xlsx",
505,Carrillo,Guanacaste,2021,importaciones,9687.643014314739,"PIB,_VA_impuesto_X_M (3).xlsx",
506,Cañas,Guanacaste,2021,importaciones,12025.244290112334,"PIB,_VA_impuesto_X_M (3).xlsx",
507,Abangares,Guanacaste,2021,importaciones,11811.38376279891,"PIB,_VA_impuesto_X_M (3).xlsx",
508,Tilarán,Guanacaste,2021,importaciones,1890.542145921564,"PIB,_VA_impuesto_X_M (3).xlsx",
509,Nandayure,Guanacaste,2021,importaciones,138.00789444941532,"PIB,_VA_impuesto_X_M (3).xlsx",
510,La Cruz,Guanacaste,2021,importaciones,2782.2727717879425,"PIB,_VA_impuesto_X_M (3).xlsx",
511,Hojancha,Guanacaste,2021,importaciones,12.286485566727574,"PIB,_VA_impuesto_X_M (3).xlsx",
601,Puntarenas,Puntarenas,2021,importaciones,343261.3334927466,"PIB,_VA_impuesto_X_M (3).xlsx",
602,Esparza,Puntarenas,2021,importaciones,194155.2186939837,"PIB,_VA_impuesto_X_M (3).xlsx",
603,Buenos Aires,Puntarenas,2021,importaciones,484.94267899935386,"PIB,_VA_impuesto_X_M (3).xlsx",
604,Montes de Oro,Puntarenas,2021,importaciones,617.6851532967291,"PIB,_VA_impuesto_X_M (3).xlsx",
605,Osa,Puntarenas,2021,importaciones,627.4315649409637,"PIB,_VA_impuesto_X_M (3).xlsx",
606,Quepos,Puntarenas,2021,importaciones,5249.314322125539,"PIB,_VA_impuesto_X_M (3).xlsx",
607,Golfito,Puntarenas,2021,importaciones,28599.418462040972,"PIB,_VA_impuesto_X_M (3).xlsx",
608,Coto Brus,Puntarenas,2021,importaciones,607.2299485436143,"PIB,_VA_impuesto_X_M (3).xlsx",
609,Parrita,Puntarenas,2021,importaciones,1328.4389538164799,"PIB,_VA_impuesto_X_M (3).xlsx",
610,Corredores,Puntarenas,2021,importaciones,9679.197221652346,"PIB,_VA_impuesto_X_M (3).xlsx",
611,Garabito,Puntarenas,2021,importaciones,6262.275071169616,"PIB,_VA_impuesto_X_M (3).xlsx",
701,Limón,Limón,2021,importaciones,1239357.085175562,"PIB,_VA_impuesto_X_M (3).xlsx",
702,Pococí,Limón,2021,importaciones,230242.03946486683,"PIB,_VA_impuesto_X_M (3).xlsx",
703,Siquirres,Limón,2021,importaciones,105544.32162126052,"PIB,_VA_impuesto_X_M (3).xlsx",
704,Talamanca,Limón,2021,importaciones,226.82333125498468,"PIB,_VA_impuesto_X_M (3).xlsx",
705,Matina,Limón,2021,importaciones,8803.493314255136,"PIB,_VA_impuesto_X_M (3).xlsx",
706,Guácimo,Limón,2021,importaciones,27487.52428176871,"PIB,_VA_impuesto_X_M (3).xlsx",
101,San José,San José,2022,importaciones,3812299.4166571377,"PIB,_VA_impuesto_X_M (3).xlsx",
102,Escazú,San José,2022,importaciones,140847.63244098623,"PIB,_VA_impuesto_X_M (3).xlsx",
103,Desamparados,San José,2022,importaciones,256448.29040249644,"PIB,_VA_impuesto_X_M (3).xlsx",
104,Puriscal,San José,2022,importaciones,7831.851834913949,"PIB,_VA_impuesto_X_M (3).xlsx",
105,Tarrazú,San José,2022,importaciones,1227.0819682412598,"PIB,_VA_impuesto_X_M (3).xlsx",
106,Aserrí,San José,2022,importaciones,8363.031405279744,"PIB,_VA_impuesto_X_M (3).xlsx",
107,Mora,San José,2022,importaciones,8460.489129233973,"PIB,_VA_impuesto_X_M (3).xlsx",
108,Goicoechea,San José,2022,importaciones,164223.57322940655,"PIB,_VA_impuesto_X_M (3).xlsx",
109,Santa Ana,San José,2022,importaciones,171383.74628948534,"PIB,_VA_impuesto_X_M (3).xlsx",
110,Alajuelita,San José,2022,importaciones,19508.639997294198,"PIB,_VA_impuesto_X_M (3).xlsx",
111,Vázquez de Coronado,San José,2022,importaciones,22825.150523134682,"PIB,_VA_impuesto_X_M (3).xlsx",
112,Acosta,San José,2022,importaciones,3962.8720193685895,"PIB,_VA_impuesto_X_M (3).xlsx",
113,Tibás,San José,2022,importaciones,67344.94870230985,"PIB,_VA_impuesto_X_M (3).xlsx",
114,Moravia,San José,2022,importaciones,48529.33869611174,"PIB,_VA_impuesto_X_M (3).xlsx",
115,Montes de Oca,San José,2022,importaciones,31434.413139424993,"PIB,_VA_impuesto_X_M (3).xlsx",
116,Turrubares,San José,2022,importaciones,158.17092498879273,"PIB,_VA_impuesto_X_M (3).xlsx",
117,Dota,San José,2022,importaciones,32.643295357966345,"PIB,_VA_impuesto_X_M (3).xlsx",
118,Curridabat,San José,2022,importaciones,132445.15759688625,"PIB,_VA_impuesto_X_M (3).xlsx",
119,Pérez Zeledón,San José,2022,importaciones,9918.302573339875,"PIB,_VA_impuesto_X_M (3).xlsx",
120,León Cortés Castro,San José,2022,importaciones,182.11425650126913,"PIB,_VA_impuesto_X_M (3).xlsx",
201,Alajuela,Alajuela,2022,importaciones,2386526.6436597113,"PIB,_VA_impuesto_X_M (3).xlsx",
202,San Ramón,Alajuela,2022,importaciones,23188.568393461966,"PIB,_VA_impuesto_X_M (3).xlsx",
203,Grecia,Alajuela,2022,importaciones,76545.61083265222,"PIB,_VA_impuesto_X_M (3).xlsx",
204,San Mateo,Alajuela,2022,importaciones,88.45175793376194,"PIB,_VA_impuesto_X_M (3).xlsx",
205,Atenas,Alajuela,2022,importaciones,6899.886421784627,"PIB,_VA_impuesto_X_M (3).xlsx",
206,Naranjo,Alajuela,2022,importaciones,18542.335202156195,"PIB,_VA_impuesto_X_M (3).xlsx",
207,Palmares,Alajuela,2022,importaciones,37845.66965595302,"PIB,_VA_impuesto_X_M (3).xlsx",
208,Poás,Alajuela,2022,importaciones,6305.888021435475,"PIB,_VA_impuesto_X_M (3).xlsx",
209,Orotina,Alajuela,2022,importaciones,18840.514208327724,"PIB,_VA_impuesto_X_M (3).xlsx",
210,San Carlos,Alajuela,2022,importaciones,64387.68950320258,"PIB,_VA_impuesto_X_M (3).xlsx",
211,Zarcero,Alajuela,2022,importaciones,1589.9080156605323,"PIB,_VA_impuesto_X_M (3).xlsx",
212,Sarchí,Alajuela,2022,importaciones,2362.6657139784,"PIB,_VA_impuesto_X_M (3).xlsx",
213,Upala,Alajuela,2022,importaciones,52.33151047902385,"PIB,_VA_impuesto_X_M (3).xlsx",
214,Los Chiles,Alajuela,2022,importaciones,10.807373220589913,"PIB,_VA_impuesto_X_M (3).xlsx",
215,Guatuso,Alajuela,2022,importaciones,970.1112797523211,"PIB,_VA_impuesto_X_M (3).xlsx",
216,Río Cuarto,Alajuela,2022,importaciones,6179.372898761899,"PIB,_VA_impuesto_X_M (3).xlsx",
301,Cartago,Cartago,2022,importaciones,728890.1351341468,"PIB,_VA_impuesto_X_M (3).xlsx",
302,Paraíso,Cartago,2022,importaciones,9432.9322020424,"PIB,_VA_impuesto_X_M (3).xlsx",
303,La Unión,Cartago,2022,importaciones,73928.12512822899,"PIB,_VA_impuesto_X_M (3).xlsx",
304,Jiménez,Cartago,2022,importaciones,730.042086803675,"PIB,_VA_impuesto_X_M (3).xlsx",
305,Turrialba,Cartago,2022,importaciones,10747.02715581648,"PIB,_VA_impuesto_X_M (3).xlsx",
306,Alvarado,Cartago,2022,importaciones,1501.6989805138403,"PIB,_VA_impuesto_X_M (3).xlsx",
307,Oreamuno,Cartago,2022,importaciones,22176.318089751625,"PIB,_VA_impuesto_X_M (3).xlsx",
308,El Guarco,Cartago,2022,importaciones,48648.34480657066,"PIB,_VA_impuesto_X_M (3).xlsx",
401,Heredia,Heredia,2022,importaciones,736138.7027077047,"PIB,_VA_impuesto_X_M (3).xlsx",
402,Barva,Heredia,2022,importaciones,20293.851206160853,"PIB,_VA_impuesto_X_M (3).xlsx",
403,Santo Domingo,Heredia,2022,importaciones,105250.96652429273,"PIB,_VA_impuesto_X_M (3).xlsx",
404,Santa Bárbara,Heredia,2022,importaciones,8920.324057309464,"PIB,_VA_impuesto_X_M (3).xlsx",
405,San Rafael,Heredia,2022,importaciones,8396.635946497532,"PIB,_VA_impuesto_X_M (3).xlsx",
406,San Isidro,Heredia,2022,importaciones,2711.918066774397,"PIB,_VA_impuesto_X_M (3).xlsx",
407,Belén,Heredia,2022,importaciones,385322.5861089791,"PIB,_VA_impuesto_X_M (3).xlsx",
408,Flores,Heredia,2022,importaciones,22094.779500797264,"PIB,_VA_impuesto_X_M (3).xlsx",
409,San Pablo,Heredia,2022,importaciones,8562.550620677297,"PIB,_VA_impuesto_X_M (3).xlsx",
410,Sarapiquí,Heredia,2022,importaciones,7549.2356379168405,"PIB,_VA_impuesto_X_M (3).xlsx",
501,Liberia,Guanacaste,2022,importaciones,30909.054927869613,"PIB,_VA_impuesto_X_M (3).xlsx",
502,Nicoya,Guanacaste,2022,importaciones,2426.9144976324046,"PIB,_VA_impuesto_X_M (3).xlsx",
503,Santa Cruz,Guanacaste,2022,importaciones,6772.875998252157,"PIB,_VA_impuesto_X_M (3).xlsx",
504,Bagaces,Guanacaste,2022,importaciones,5351.228507330525,"PIB,_VA_impuesto_X_M (3).xlsx",
505,Carrillo,Guanacaste,2022,importaciones,7620.70844015747,"PIB,_VA_impuesto_X_M (3).xlsx",
506,Cañas,Guanacaste,2022,importaciones,10325.198560283223,"PIB,_VA_impuesto_X_M (3).xlsx",
507,Abangares,Guanacaste,2022,importaciones,19670.34539381044,"PIB,_VA_impuesto_X_M (3).xlsx",
508,Tilarán,Guanacaste,2022,importaciones,2151.580858509966,"PIB,_VA_impuesto_X_M (3).xlsx",
509,Nandayure,Guanacaste,2022,importaciones,340.07348257636556,"PIB,_VA_impuesto_X_M (3).xlsx",
510,La Cruz,Guanacaste,2022,importaciones,2437.084457475819,"PIB,_VA_impuesto_X_M (3).xlsx",
511,Hojancha,Guanacaste,2022,importaciones,0.0,"PIB,_VA_impuesto_X_M (3).xlsx",
601,Puntarenas,Puntarenas,2022,importaciones,352865.41103250644,"PIB,_VA_impuesto_X_M (3).xlsx",
602,Esparza,Puntarenas,2022,importaciones,134845.9462185471,"PIB,_VA_impuesto_X_M (3).xlsx",
603,Buenos Aires,Puntarenas,2022,importaciones,163.8633635743449,"PIB,_VA_impuesto_X_M (3).xlsx",
604,Montes de Oro,Puntarenas,2022,importaciones,556.150987389827,"PIB,_VA_impuesto_X_M (3).xlsx",
605,Osa,Puntarenas,2022,importaciones,560.0901462862286,"PIB,_VA_impuesto_X_M (3).xlsx",
606,Quepos,Puntarenas,2022,importaciones,3950.667857562295,"PIB,_VA_impuesto_X_M (3).xlsx",
607,Golfito,Puntarenas,2022,importaciones,21064.723319546665,"PIB,_VA_impuesto_X_M (3).xlsx",
608,Coto Brus,Puntarenas,2022,importaciones,526.8667753221107,"PIB,_VA_impuesto_X_M (3).xlsx",
609,Parrita,Puntarenas,2022,importaciones,6165.493351816808,"PIB,_VA_impuesto_X_M (3).xlsx",
610,Corredores,Puntarenas,2022,importaciones,7391.306150302623,"PIB,_VA_impuesto_X_M (3).xlsx",
611,Garabito,Puntarenas,2022,importaciones,4325.54292947269,"PIB,_VA_impuesto_X_M (3).xlsx",
612,Monteverde,Puntarenas,2022,importaciones,0.0,"PIB,_VA_impuesto_X_M (3).xlsx",
613,Puerto Jimenez,Puntarenas,2022,importaciones,0.0,"PIB,_VA_impuesto_X_M (3).xlsx",
701,Limón,Limón,2022,importaciones,1755326.5955046555,"PIB,_VA_impuesto_X_M (3).xlsx",
702,Pococí,Limón,2022,importaciones,312992.1525532968,"PIB,_VA_impuesto_X_M (3).xlsx",
703,Siquirres,Limón,2022,importaciones,101957.38618248545,"PIB,_VA_impuesto_X_M (3).xlsx",
704,Talamanca,Limón,2022,importaciones,161.84441502725892,"PIB,_VA_impuesto_X_M (3).xlsx",
705,Matina,Limón,2022,importaciones,1358.9149565815787,"PIB,_VA_impuesto_X_M (3).xlsx",
706,Guácimo,Limón,2022,importaciones,25240.94001513856,"PIB,_VA_impuesto_X_M (3).xlsx",
