cod_canton,canton,provincia,anio,variable,valor,fuente,nota_disponibilidad
101,San José,San José,2023,icc,67.8785247802734,baseICC2023_2024.xlsx,
102,Escazú,San José,2023,icc,68.5653076171875,baseICC2023_2024.xlsx,
103,Desamparados,San José,2023,icc,53.335693359375,baseICC2023_2024.xlsx,
104,Puriscal,San José,2023,icc,42.6156234741211,baseICC2023_2024.xlsx,
105,Tarrazú,San José,2023,icc,39.0774269104004,baseICC2023_2024.xlsx,
106,Aserrí,San José,2023,icc,40.0155830383301,baseICC2023_2024.xlsx,
107,Mora,San José,2023,icc,46.069278717041,baseICC2023_2024.xlsx,
108,Goicoechea,San José,2023,icc,55.9379425048828,baseICC2023_2024.xlsx,
109,Santa Ana,San José,2023,icc,62.7193298339844,baseICC2023_2024.xlsx,
110,Alajuelita,San José,2023,icc,42.9423866271973,baseICC2023_2024.xlsx,
111,Vázquez de Coronado,San José,2023,icc,45.3432579040527,baseICC2023_2024.xlsx,
112,Acosta,San José,2023,icc,40.5022468566895,baseICC2023_2024.xlsx,
113,Tibás,San José,2023,icc,57.688648223877,baseICC2023_2024.xlsx,
114,Moravia,San José,2023,icc,58.4032821655273,baseICC2023_2024.xlsx,
115,Montes de Oca,San José,2023,icc,63.2519683837891,baseICC2023_2024.xlsx,
116,Turrubares,San José,2023,icc,35.7995643615723,baseICC2023_2024.xlsx,
117,Dota,San José,2023,icc,40.0152091979981,baseICC2023_2024.xlsx,
118,Curridabat,San José,2023,icc,64.8115386962891,baseICC2023_2024.xlsx,
119,Pérez Zeledón,San José,2023,icc,45.0533752441406,baseICC2023_2024.xlsx,
120,León Cortés Castro,San José,2023,icc,33.1595039367676,baseICC2023_2024.xlsx,
201,Alajuela,Alajuela,2023,icc,64.7925262451172,baseICC2023_2024.xlsx,
202,San Ramón,Alajuela,2023,icc,47.8563690185547,baseICC2023_2024.xlsx,
203,Grecia,Alajuela,2023,icc,52.8327140808106,baseICC2023_2024.xlsx,
204,San Mateo,Alajuela,2023,icc,47.7118148803711,baseICC2023_2024.xlsx,
205,Atenas,Alajuela,2023,icc,48.8018493652344,baseICC2023_2024.xlsx,
206,Naranjo,Alajuela,2023,icc,47.8622207641602,baseICC2023_2024.xlsx,
207,Palmares,Alajuela,2023,icc,49.7194061279297,baseICC2023_2024.xlsx,
208,Poás,Alajuela,2023,icc,47.6017761230469,baseICC2023_2024.xlsx,
209,Orotina,Alajuela,2023,icc,51.4524688720703,baseICC2023_2024.xlsx,
210,San Carlos,Alajuela,2023,icc,49.1242752075195,baseICC2023_2024.xlsx,
211,Zarcero,Alajuela,2023,icc,45.0219459533691,baseICC2023_2024.xlsx,
212,Sarchí,Alajuela,2023,icc,47.1381340026856,baseICC2023_2024.xlsx,
213,Upala,Alajuela,2023,icc,37.1216011047363,baseICC2023_2024.xlsx,
214,Los Chiles,Alajuela,2023,icc,32.7644309997559,baseICC2023_2024.xlsx,
215,Guatuso,Alajuela,2023,icc,35.583366394043,baseICC2023_2024.xlsx,
301,Cartago,Cartago,2023,icc,64.1404724121094,baseICC2023_2024.xlsx,
302,Paraíso,Cartago,2023,icc,49.0961761474609,baseICC2023_2024.xlsx,
303,La Unión,Cartago,2023,icc,52.8935775756836,baseICC2023_2024.xlsx,
304,Jiménez,Cartago,2023,icc,37.7306137084961,baseICC2023_2024.xlsx,
305,Turrialba,Cartago,2023,icc,41.1650466918945,baseICC2023_2024.xlsx,
306,Alvarado,Cartago,2023,icc,45.425422668457,baseICC2023_2024.xlsx,
307,Oreamuno,Cartago,2023,icc,46.7658576965332,baseICC2023_2024.xlsx,
308,El Guarco,Cartago,2023,icc,54.8902015686035,baseICC2023_2024.xlsx,
401,Heredia,Heredia,2023,icc,63.8569297790527,baseICC2023_2024.xlsx,
402,Barva,Heredia,2023,icc,48.3141746520996,baseICC2023_2024.xlsx,
403,Santo Domingo,Heredia,2023,icc,65.0633163452148,baseICC2023_2024.xlsx,
404,Santa Bárbara,Heredia,2023,icc,47.9204216003418,baseICC2023_2024.xlsx,
405,San Rafael,Heredia,2023,icc,49.9188537597656,baseICC2023_2024.xlsx,
406,San Isidro,Heredia,2023,icc,48.8140029907227,baseICC2023_2024.xlsx,
407,Belén,Heredia,2023,icc,74.81689453125,baseICC2023_2024.xlsx,
408,Flores,Heredia,2023,icc,56.9785614013672,baseICC2023_2024.xlsx,
409,San Pablo,Heredia,2023,icc,56.1184844970703,baseICC2023_2024.xlsx,
410,Sarapiquí,Heredia,2023,icc,36.4450149536133,baseICC2023_2024.xlsx,
501,Liberia,Guanacaste,2023,icc,50.1618461608887,baseICC2023_2024.xlsx,
502,Nicoya,Guanacaste,2023,icc,44.6452445983887,baseICC2023_2024.xlsx,
503,Santa Cruz,Guanacaste,2023,icc,47.9374465942383,baseICC2023_2024.xlsx,
504,Bagaces,Guanacaste,2023,icc,47.256290435791,baseICC2023_2024.xlsx,
505,Carrillo,Guanacaste,2023,icc,48.2445106506348,baseICC2023_2024.xlsx,
506,Cañas,Guanacaste,2023,icc,46.2684707641602,baseICC2023_2024.xlsx,
507,Abangares,Guanacaste,2023,icc,45.014762878418,baseICC2023_2024.xlsx,
508,Tilarán,Guanacaste,2023,icc,46.9824523925781,baseICC2023_2024.xlsx,
509,Nandayure,Guanacaste,2023,icc,45.8267135620117,baseICC2023_2024.xlsx,
510,La Cruz,Guanacaste,2023,icc,42.2975997924805,baseICC2023_2024.xlsx,
511,Hojancha,Guanacaste,2023,icc,44.1438522338867,baseICC2023_2024.xlsx,
601,Puntarenas,Puntarenas,2023,icc,47.4036140441895,baseICC2023_2024.xlsx,
602,Esparza,Puntarenas,2023,icc,49.5133590698242,baseICC2023_2024.xlsx,
603,Buenos Aires,Puntarenas,2023,icc,30.9002265930176,baseICC2023_2024.xlsx,
604,Montes de Oro,Puntarenas,2023,icc,43.4415054321289,baseICC2023_2024.xlsx,
605,Osa,Puntarenas,2023,icc,44.0357398986816,baseICC2023_2024.xlsx,
606,Quepos,Puntarenas,2023,icc,45.110652923584,baseICC2023_2024.xlsx,
607,Golfito,Puntarenas,2023,icc,36.8240165710449,baseICC2023_2024.xlsx,
608,Coto Brus,Puntarenas,2023,icc,40.3279991149902,baseICC2023_2024.xlsx,
609,Parrita,Puntarenas,2023,icc,38.8522148132324,baseICC2023_2024.xlsx,
610,Corredores,Puntarenas,2023,icc,34.7541351318359,baseICC2023_2024.xlsx,
611,Garabito,Puntarenas,2023,icc,50.7355422973633,baseICC2023_2024.xlsx,
701,Limón,Limón,2023,icc,37.2121925354004,baseICC2023_2024.xlsx,
702,Pococí,Limón,2023,icc,46.5076484680176,baseICC2023_2024.xlsx,
703,Siquirres,Limón,2023,icc,38.6334075927734,baseICC2023_2024.xlsx,
704,Talamanca,Limón,2023,icc,28.9172134399414,baseICC2023_2024.xlsx,
705,Matina,Limón,2023,icc,32.2575378417969,baseICC2023_2024.xlsx,
706,Guácimo,Limón,2023,icc,43.1364707946777,baseICC2023_2024.xlsx,
101,San José,San José,2024,icc,66.018798828125,baseICC2023_2024.xlsx,
102,Escazú,San José,2024,icc,71.9805374145508,baseICC2023_2024.xlsx,
103,Desamparados,San José,2024,icc,51.2223777770996,baseICC2023_2024.xlsx,
104,Puriscal,San José,2024,icc,42.2429428100586,baseICC2023_2024.xlsx,
105,Tarrazú,San José,2024,icc,39.3525924682617,baseICC2023_2024.xlsx,
106,Aserrí,San José,2024,icc,42.0841407775879,baseICC2023_2024.xlsx,
107,Mora,San José,2024,icc,47.481689453125,baseICC2023_2024.xlsx,
108,Goicoechea,San José,2024,icc,55.34326171875,baseICC2023_2024.xlsx,
109,Santa Ana,San José,2024,icc,61.8384513854981,baseICC2023_2024.xlsx,
110,Alajuelita,San José,2024,icc,44.737922668457,baseICC2023_2024.xlsx,
111,Vázquez de Coronado,San José,2024,icc,45.3937301635742,baseICC2023_2024.xlsx,
112,Acosta,San José,2024,icc,38.7364311218262,baseICC2023_2024.xlsx,
113,Tibás,San José,2024,icc,59.2566986083984,baseICC2023_2024.xlsx,
114,Moravia,San José,2024,icc,58.400936126709,baseICC2023_2024.xlsx,
115,Montes de Oca,San José,2024,icc,63.2064895629883,baseICC2023_2024.xlsx,
116,Turrubares,San José,2024,icc,34.0588302612305,baseICC2023_2024.xlsx,
117,Dota,San José,2024,icc,40.3537063598633,baseICC2023_2024.xlsx,
118,Curridabat,San José,2024,icc,63.5967254638672,baseICC2023_2024.xlsx,
119,Pérez Zeledón,San José,2024,icc,46.3677024841309,baseICC2023_2024.xlsx,
120,León Cortés Castro,San José,2024,icc,37.9387130737305,baseICC2023_2024.xlsx,
201,Alajuela,Alajuela,2024,icc,64.3559036254883,baseICC2023_2024.xlsx,
202,San Ramón,Alajuela,2024,icc,47.7991561889648,baseICC2023_2024.xlsx,
203,Grecia,Alajuela,2024,icc,54.8780860900879,baseICC2023_2024.xlsx,
204,San Mateo,Alajuela,2024,icc,47.4162979125977,baseICC2023_2024.xlsx,
205,Atenas,Alajuela,2024,icc,48.3459930419922,baseICC2023_2024.xlsx,
206,Naranjo,Alajuela,2024,icc,48.7785758972168,baseICC2023_2024.xlsx,
207,Palmares,Alajuela,2024,icc,50.1482200622559,baseICC2023_2024.xlsx,
208,Poás,Alajuela,2024,icc,48.9472160339356,baseICC2023_2024.xlsx,
209,Orotina,Alajuela,2024,icc,47.5485229492188,baseICC2023_2024.xlsx,
210,San Carlos,Alajuela,2024,icc,49.0851593017578,baseICC2023_2024.xlsx,
211,Zarcero,Alajuela,2024,icc,45.4820594787598,baseICC2023_2024.xlsx,
212,Sarchí,Alajuela,2024,icc,48.7269325256348,baseICC2023_2024.xlsx,
213,Upala,Alajuela,2024,icc,36.7429046630859,baseICC2023_2024.xlsx,
214,Los Chiles,Alajuela,2024,icc,31.7370147705078,baseICC2023_2024.xlsx,
215,Guatuso,Alajuela,2024,icc,38.5434341430664,baseICC2023_2024.xlsx,
216,Río Cuarto,Alajuela,2024,icc,45.6533203125,baseICC2023_2024.xlsx,
301,Cartago,Cartago,2024,icc,63.2738189697266,baseICC2023_2024.xlsx,
302,Paraíso,Cartago,2024,icc,50.046688079834,baseICC2023_2024.xlsx,
303,La Unión,Cartago,2024,icc,56.6459159851074,baseICC2023_2024.xlsx,
304,Jiménez,Cartago,2024,icc,40.5328254699707,baseICC2023_2024.xlsx,
305,Turrialba,Cartago,2024,icc,42.1530990600586,baseICC2023_2024.xlsx,
306,Alvarado,Cartago,2024,icc,47.4019470214844,baseICC2023_2024.xlsx,
307,Oreamuno,Cartago,2024,icc,48.0785331726074,baseICC2023_2024.xlsx,
308,El Guarco,Cartago,2024,icc,54.5577735900879,baseICC2023_2024.xlsx,
401,Heredia,Heredia,2024,icc,64.5118865966797,baseICC2023_2024.xlsx,
402,Barva,Heredia,2024,icc,50.559513092041,baseICC2023_2024.xlsx,
403,Santo Domingo,Heredia,2024,icc,64.9646682739258,baseICC2023_2024.xlsx,
404,Santa Bárbara,Heredia,2024,icc,50.5186767578125,baseICC2023_2024.xlsx,
405,San Rafael,Heredia,2024,icc,49.7838249206543,baseICC2023_2024.xlsx,
406,San Isidro,Heredia,2024,icc,49.6711196899414,baseICC2023_2024.xlsx,
407,Belén,Heredia,2024,icc,73.4033889770508,baseICC2023_2024.xlsx,
408,Flores,Heredia,2024,icc,54.4391746520996,baseICC2023_2024.xlsx,
409,San Pablo,Heredia,2024,icc,56.1625709533691,baseICC2023_2024.xlsx,
410,Sarapiquí,Heredia,2024,icc,37.8785629272461,baseICC2023_2024.xlsx,
501,Liberia,Guanacaste,2024,icc,51.1711349487305,baseICC2023_2024.xlsx,
502,Nicoya,Guanacaste,2024,icc,45.634162902832,baseICC2023_2024.xlsx,
503,Santa Cruz,Guanacaste,2024,icc,47.3688850402832,baseICC2023_2024.xlsx,
504,Bagaces,Guanacaste,2024,icc,47.3345184326172,baseICC2023_2024.xlsx,
505,Carrillo,Guanacaste,2024,icc,50.0761299133301,baseICC2023_2024.xlsx,
506,Cañas,Guanacaste,2024,icc,47.0058517456055,baseICC2023_2024.xlsx,
507,Abangares,Guanacaste,2024,icc,47.1742973327637,baseICC2023_2024.xlsx,
508,Tilarán,Guanacaste,2024,icc,46.7056541442871,baseICC2023_2024.xlsx,
509,Nandayure,Guanacaste,2024,icc,49.6835289001465,baseICC2023_2024.xlsx,
510,La Cruz,Guanacaste,2024,icc,38.9574851989746,baseICC2023_2024.xlsx,
511,Hojancha,Guanacaste,2024,icc,46.718376159668,baseICC2023_2024.xlsx,
601,Puntarenas,Puntarenas,2024,icc,46.1441040039063,baseICC2023_2024.xlsx,
602,Esparza,Puntarenas,2024,icc,51.0802459716797,baseICC2023_2024.xlsx,
603,Buenos Aires,Puntarenas,2024,icc,32.8618507385254,baseICC2023_2024.xlsx,
604,Montes de Oro,Puntarenas,2024,icc,42.6324310302734,baseICC2023_2024.xlsx,
605,Osa,Puntarenas,2024,icc,45.3524627685547,baseICC2023_2024.xlsx,
606,Quepos,Puntarenas,2024,icc,42.8447761535645,baseICC2023_2024.xlsx,
607,Golfito,Puntarenas,2024,icc,37.0788269042969,baseICC2023_2024.xlsx,
608,Coto Brus,Puntarenas,2024,icc,42.5922775268555,baseICC2023_2024.xlsx,
609,Parrita,Puntarenas,2024,icc,39.8776473999023,baseICC2023_2024.xlsx,
610,Corredores,Puntarenas,2024,icc,36.7068634033203,baseICC2023_2024.xlsx,
611,Garabito,Puntarenas,2024,icc,49.4516258239746,baseICC2023_2024.xlsx,
701,Limón,Limón,2024,icc,40.1912689208984,baseICC2023_2024.xlsx,
702,Pococí,Limón,2024,icc,45.9313354492188,baseICC2023_2024.xlsx,
703,Siquirres,Limón,2024,icc,39.6864624023438,baseICC2023_2024.xlsx,
704,Talamanca,Limón,2024,icc,30.3142890930176,baseICC2023_2024.xlsx,
705,Matina,Limón,2024,icc,34.3975486755371,baseICC2023_2024.xlsx,
706,Guácimo,Limón,2024,icc,43.2936515808106,baseICC2023_2024.xlsx,
101,San José,San José,2023,icc_rank,3,baseICC2023_2024.xlsx,
102,Escazú,San José,2023,icc_rank,2,baseICC2023_2024.xlsx,
103,Desamparados,San José,2023,icc_rank,17,baseICC2023_2024.xlsx,
104,Puriscal,San José,2023,icc_rank,59,baseICC2023_2024.xlsx,
105,Tarrazú,San José,2023,icc_rank,66,baseICC2023_2024.xlsx,
106,Aserrí,San José,2023,icc_rank,64,baseICC2023_2024.xlsx,
107,Mora,San José,2023,icc_rank,45,baseICC2023_2024.xlsx,
108,Goicoechea,San José,2023,icc_rank,15,baseICC2023_2024.xlsx,
109,Santa Ana,San José,2023,icc_rank,10,baseICC2023_2024.xlsx,
110,Alajuelita,San José,2023,icc_rank,58,baseICC2023_2024.xlsx,
111,Vázquez de Coronado,San José,2023,icc_rank,48,baseICC2023_2024.xlsx,
112,Acosta,San José,2023,icc_rank,62,baseICC2023_2024.xlsx,
113,Tibás,San José,2023,icc_rank,12,baseICC2023_2024.xlsx,
114,Moravia,San José,2023,icc_rank,11,baseICC2023_2024.xlsx,
115,Montes de Oca,San José,2023,icc_rank,9,baseICC2023_2024.xlsx,
116,Turrubares,San José,2023,icc_rank,74,baseICC2023_2024.xlsx,
117,Dota,San José,2023,icc_rank,65,baseICC2023_2024.xlsx,
118,Curridabat,San José,2023,icc_rank,5,baseICC2023_2024.xlsx,
119,Pérez Zeledón,San José,2023,icc_rank,50,baseICC2023_2024.xlsx,
120,León Cortés Castro,San José,2023,icc_rank,77,baseICC2023_2024.xlsx,
201,Alajuela,Alajuela,2023,icc_rank,6,baseICC2023_2024.xlsx,
202,San Ramón,Alajuela,2023,icc_rank,35,baseICC2023_2024.xlsx,
203,Grecia,Alajuela,2023,icc_rank,19,baseICC2023_2024.xlsx,
204,San Mateo,Alajuela,2023,icc_rank,36,baseICC2023_2024.xlsx,
205,Atenas,Alajuela,2023,icc_rank,29,baseICC2023_2024.xlsx,
206,Naranjo,Alajuela,2023,icc_rank,34,baseICC2023_2024.xlsx,
207,Palmares,Alajuela,2023,icc_rank,24,baseICC2023_2024.xlsx,
208,Poás,Alajuela,2023,icc_rank,37,baseICC2023_2024.xlsx,
209,Orotina,Alajuela,2023,icc_rank,20,baseICC2023_2024.xlsx,
210,San Carlos,Alajuela,2023,icc_rank,26,baseICC2023_2024.xlsx,
211,Zarcero,Alajuela,2023,icc_rank,51,baseICC2023_2024.xlsx,
212,Sarchí,Alajuela,2023,icc_rank,40,baseICC2023_2024.xlsx,
213,Upala,Alajuela,2023,icc_rank,71,baseICC2023_2024.xlsx,
214,Los Chiles,Alajuela,2023,icc_rank,78,baseICC2023_2024.xlsx,
215,Guatuso,Alajuela,2023,icc_rank,75,baseICC2023_2024.xlsx,
301,Cartago,Cartago,2023,icc_rank,7,baseICC2023_2024.xlsx,
302,Paraíso,Cartago,2023,icc_rank,27,baseICC2023_2024.xlsx,
303,La Unión,Cartago,2023,icc_rank,18,baseICC2023_2024.xlsx,
304,Jiménez,Cartago,2023,icc_rank,69,baseICC2023_2024.xlsx,
305,Turrialba,Cartago,2023,icc_rank,61,baseICC2023_2024.xlsx,
306,Alvarado,Cartago,2023,icc_rank,47,baseICC2023_2024.xlsx,
307,Oreamuno,Cartago,2023,icc_rank,42,baseICC2023_2024.xlsx,
308,El Guarco,Cartago,2023,icc_rank,16,baseICC2023_2024.xlsx,
401,Heredia,Heredia,2023,icc_rank,8,baseICC2023_2024.xlsx,
402,Barva,Heredia,2023,icc_rank,30,baseICC2023_2024.xlsx,
403,Santo Domingo,Heredia,2023,icc_rank,4,baseICC2023_2024.xlsx,
404,Santa Bárbara,Heredia,2023,icc_rank,33,baseICC2023_2024.xlsx,
405,San Rafael,Heredia,2023,icc_rank,23,baseICC2023_2024.xlsx,
406,San Isidro,Heredia,2023,icc_rank,28,baseICC2023_2024.xlsx,
407,Belén,Heredia,2023,icc_rank,1,baseICC2023_2024.xlsx,
408,Flores,Heredia,2023,icc_rank,13,baseICC2023_2024.xlsx,
409,San Pablo,Heredia,2023,icc_rank,14,baseICC2023_2024.xlsx,
410,Sarapiquí,Heredia,2023,icc_rank,73,baseICC2023_2024.xlsx,
501,Liberia,Guanacaste,2023,icc_rank,22,baseICC2023_2024.xlsx,
502,Nicoya,Guanacaste,2023,icc_rank,53,baseICC2023_2024.xlsx,
503,Santa Cruz,Guanacaste,2023,icc_rank,32,baseICC2023_2024.xlsx,
504,Bagaces,Guanacaste,2023,icc_rank,39,baseICC2023_2024.xlsx,
505,Carrillo,Guanacaste,2023,icc_rank,31,baseICC2023_2024.xlsx,
506,Cañas,Guanacaste,2023,icc_rank,44,baseICC2023_2024.xlsx,
507,Abangares,Guanacaste,2023,icc_rank,52,baseICC2023_2024.xlsx,
508,Tilarán,Guanacaste,2023,icc_rank,41,baseICC2023_2024.xlsx,
509,Nandayure,Guanacaste,2023,icc_rank,46,baseICC2023_2024.xlsx,
510,La Cruz,Guanacaste,2023,icc_rank,60,baseICC2023_2024.xlsx,
511,Hojancha,Guanacaste,2023,icc_rank,54,baseICC2023_2024.xlsx,
601,Puntarenas,Puntarenas,2023,icc_rank,38,baseICC2023_2024.xlsx,
602,Esparza,Puntarenas,2023,icc_rank,25,baseICC2023_2024.xlsx,
603,Buenos Aires,Puntarenas,2023,icc_rank,80,baseICC2023_2024.xlsx,
604,Montes de Oro,Puntarenas,2023,icc_rank,56,baseICC2023_2024.xlsx,
605,Osa,Puntarenas,2023,icc_rank,55,baseICC2023_2024.xlsx,
606,Quepos,Puntarenas,2023,icc_rank,49,baseICC2023_2024.xlsx,
607,Golfito,Puntarenas,2023,icc_rank,72,baseICC2023_2024.xlsx,
608,Coto Brus,Puntarenas,2023,icc_rank,63,baseICC2023_2024.xlsx,
609,Parrita,Puntarenas,2023,icc_rank,67,baseICC2023_2024.xlsx,
610,Corredores,Puntarenas,2023,icc_rank,76,baseICC2023_2024.xlsx,
611,Garabito,Puntarenas,2023,icc_rank,21,baseICC2023_2024.xlsx,
701,Limón,Limón,2023,icc_rank,70,baseICC2023_2024.xlsx,
702,Pococí,Limón,2023,icc_rank,43,baseICC2023_2024.xlsx,
703,Siquirres,Limón,2023,icc_rank,68,baseICC2023_2024.xlsx,
704,Talamanca,Limón,2023,icc_rank,81,baseICC2023_2024.xlsx,
705,Matina,Limón,2023,icc_rank,79,baseICC2023_2024.xlsx,
706,Guácimo,Limón,2023,icc_rank,57,baseICC2023_2024.xlsx,
101,San José,San José,2024,icc_rank,3,baseICC2023_2024.xlsx,
102,Escazú,San José,2024,icc_rank,2,baseICC2023_2024.xlsx,
103,Desamparados,San José,2024,icc_rank,19,baseICC2023_2024.xlsx,
104,Puriscal,San José,2024,icc_rank,61,baseICC2023_2024.xlsx,
105,Tarrazú,San José,2024,icc_rank,69,baseICC2023_2024.xlsx,
106,Aserrí,San José,2024,icc_rank,63,baseICC2023_2024.xlsx,
107,Mora,San José,2024,icc_rank,39,baseICC2023_2024.xlsx,
108,Goicoechea,San José,2024,icc_rank,15,baseICC2023_2024.xlsx,
109,Santa Ana,San José,2024,icc_rank,10,baseICC2023_2024.xlsx,
110,Alajuelita,San José,2024,icc_rank,56,baseICC2023_2024.xlsx,
111,Vázquez de Coronado,San José,2024,icc_rank,54,baseICC2023_2024.xlsx,
112,Acosta,San José,2024,icc_rank,71,baseICC2023_2024.xlsx,
113,Tibás,San José,2024,icc_rank,11,baseICC2023_2024.xlsx,
114,Moravia,San José,2024,icc_rank,12,baseICC2023_2024.xlsx,
115,Montes de Oca,San José,2024,icc_rank,9,baseICC2023_2024.xlsx,
116,Turrubares,San José,2024,icc_rank,79,baseICC2023_2024.xlsx,
117,Dota,San José,2024,icc_rank,65,baseICC2023_2024.xlsx,
118,Curridabat,San José,2024,icc_rank,7,baseICC2023_2024.xlsx,
119,Pérez Zeledón,San José,2024,icc_rank,48,baseICC2023_2024.xlsx,
120,León Cortés Castro,San José,2024,icc_rank,73,baseICC2023_2024.xlsx,
201,Alajuela,Alajuela,2024,icc_rank,6,baseICC2023_2024.xlsx,
202,San Ramón,Alajuela,2024,icc_rank,37,baseICC2023_2024.xlsx,
203,Grecia,Alajuela,2024,icc_rank,16,baseICC2023_2024.xlsx,
204,San Mateo,Alajuela,2024,icc_rank,40,baseICC2023_2024.xlsx,
205,Atenas,Alajuela,2024,icc_rank,35,baseICC2023_2024.xlsx,
206,Naranjo,Alajuela,2024,icc_rank,33,baseICC2023_2024.xlsx,
207,Palmares,Alajuela,2024,icc_rank,24,baseICC2023_2024.xlsx,
208,Poás,Alajuela,2024,icc_rank,32,baseICC2023_2024.xlsx,
209,Orotina,Alajuela,2024,icc_rank,38,baseICC2023_2024.xlsx,
210,San Carlos,Alajuela,2024,icc_rank,31,baseICC2023_2024.xlsx,
211,Zarcero,Alajuela,2024,icc_rank,53,baseICC2023_2024.xlsx,
212,Sarchí,Alajuela,2024,icc_rank,34,baseICC2023_2024.xlsx,
213,Upala,Alajuela,2024,icc_rank,76,baseICC2023_2024.xlsx,
214,Los Chiles,Alajuela,2024,icc_rank,81,baseICC2023_2024.xlsx,
215,Guatuso,Alajuela,2024,icc_rank,72,baseICC2023_2024.xlsx,
216,Río Cuarto,Alajuela,2024,icc_rank,51,baseICC2023_2024.xlsx,
301,Cartago,Cartago,2024,icc_rank,8,baseICC2023_2024.xlsx,
302,Paraíso,Cartago,2024,icc_rank,26,baseICC2023_2024.xlsx,
303,La Unión,Cartago,2024,icc_rank,13,baseICC2023_2024.xlsx,
304,Jiménez,Cartago,2024,icc_rank,64,baseICC2023_2024.xlsx,
305,Turrialba,Cartago,2024,icc_rank,62,baseICC2023_2024.xlsx,
306,Alvarado,Cartago,2024,icc_rank,41,baseICC2023_2024.xlsx,
307,Oreamuno,Cartago,2024,icc_rank,36,baseICC2023_2024.xlsx,
308,El Guarco,Cartago,2024,icc_rank,17,baseICC2023_2024.xlsx,
401,Heredia,Heredia,2024,icc_rank,5,baseICC2023_2024.xlsx,
402,Barva,Heredia,2024,icc_rank,22,baseICC2023_2024.xlsx,
403,Santo Domingo,Heredia,2024,icc_rank,4,baseICC2023_2024.xlsx,
404,Santa Bárbara,Heredia,2024,icc_rank,23,baseICC2023_2024.xlsx,
405,San Rafael,Heredia,2024,icc_rank,27,baseICC2023_2024.xlsx,
406,San Isidro,Heredia,2024,icc_rank,29,baseICC2023_2024.xlsx,
407,Belén,Heredia,2024,icc_rank,1,baseICC2023_2024.xlsx,
408,Flores,Heredia,2024,icc_rank,18,baseICC2023_2024.xlsx,
409,San Pablo,Heredia,2024,icc_rank,14,baseICC2023_2024.xlsx,
410,Sarapiquí,Heredia,2024,icc_rank,74,baseICC2023_2024.xlsx,
501,Liberia,Guanacaste,2024,icc_rank,20,baseICC2023_2024.xlsx,
502,Nicoya,Guanacaste,2024,icc_rank,52,baseICC2023_2024.xlsx,
503,Santa Cruz,Guanacaste,2024,icc_rank,42,baseICC2023_2024.xlsx,
504,Bagaces,Guanacaste,2024,icc_rank,43,baseICC2023_2024.xlsx,
505,Carrillo,Guanacaste,2024,icc_rank,25,baseICC2023_2024.xlsx,
506,Cañas,Guanacaste,2024,icc_rank,45,baseICC2023_2024.xlsx,
507,Abangares,Guanacaste,2024,icc_rank,44,baseICC2023_2024.xlsx,
508,Tilarán,Guanacaste,2024,icc_rank,47,baseICC2023_2024.xlsx,
509,Nandayure,Guanacaste,2024,icc_rank,28,baseICC2023_2024.xlsx,
510,La Cruz,Guanacaste,2024,icc_rank,70,baseICC2023_2024.xlsx,
511,Hojancha,Guanacaste,2024,icc_rank,46,baseICC2023_2024.xlsx,
601,Puntarenas,Puntarenas,2024,icc_rank,49,baseICC2023_2024.xlsx,
602,Esparza,Puntarenas,2024,icc_rank,21,baseICC2023_2024.xlsx,
603,Buenos Aires,Puntarenas,2024,icc_rank,80,baseICC2023_2024.xlsx,
604,Montes de Oro,Puntarenas,2024,icc_rank,59,baseICC2023_2024.xlsx,
605,Osa,Puntarenas,2024,icc_rank,55,baseICC2023_2024.xlsx,
606,Quepos,Puntarenas,2024,icc_rank,58,baseICC2023_2024.xlsx,
607,Golfito,Puntarenas,2024,icc_rank,75,baseICC2023_2024.xlsx,
608,Coto Brus,Puntarenas,2024,icc_rank,60,baseICC2023_2024.xlsx,
609,Parrita,Puntarenas,2024,icc_rank,67,baseICC2023_2024.xlsx,
610,Corredores,Puntarenas,2024,icc_rank,77,baseICC2023_2024.xlsx,
611,Garabito,Puntarenas,2024,icc_rank,30,baseICC2023_2024.xlsx,
701,Limón,Limón,2024,icc_rank,66,baseICC2023_2024.xlsx,
702,Pococí,Limón,2024,icc_rank,50,baseICC2023_2024.xlsx,
703,Siquirres,Limón,2024,icc_rank,68,baseICC2023_2024.xlsx,
704,Talamanca,Limón,2024,icc_rank,82,baseICC2023_2024.xlsx,
705,Matina,Limón,2024,icc_rank,78,baseICC2023_2024.xlsx,
706,Guácimo,Limón,2024,icc_rank,57,baseICC2023_2024.xlsx,
101,San José,San José,2023,icc_categ,340,baseICC2023_2024.xlsx,
102,Escazú,San José,2023,icc_categ,343,baseICC2023_2024.xlsx,
103,Desamparados,San José,2023,icc_categ,267,baseICC2023_2024.xlsx,
104,Puriscal,San José,2023,icc_categ,214,baseICC2023_2024.xlsx,
105,Tarrazú,San José,2023,icc_categ,196,baseICC2023_2024.xlsx,
106,Aserrí,San José,2023,icc_categ,201,baseICC2023_2024.xlsx,
107,Mora,San José,2023,icc_categ,231,baseICC2023_2024.xlsx,
108,Goicoechea,San José,2023,icc_categ,280,baseICC2023_2024.xlsx,
109,Santa Ana,San José,2023,icc_categ,314,baseICC2023_2024.xlsx,
110,Alajuelita,San José,2023,icc_categ,215,baseICC2023_2024.xlsx,
111,Vázquez de Coronado,San José,2023,icc_categ,227,baseICC2023_2024.xlsx,
112,Acosta,San José,2023,icc_categ,203,baseICC2023_2024.xlsx,
113,Tibás,San José,2023,icc_categ,289,baseICC2023_2024.xlsx,
114,Moravia,San José,2023,icc_categ,293,baseICC2023_2024.xlsx,
115,Montes de Oca,San José,2023,icc_categ,317,baseICC2023_2024.xlsx,
116,Turrubares,San José,2023,icc_categ,179,baseICC2023_2024.xlsx,
117,Dota,San José,2023,icc_categ,201,baseICC2023_2024.xlsx,
118,Curridabat,San José,2023,icc_categ,325,baseICC2023_2024.xlsx,
119,Pérez Zeledón,San José,2023,icc_categ,226,baseICC2023_2024.xlsx,
120,León Cortés Castro,San José,2023,icc_categ,166,baseICC2023_2024.xlsx,
201,Alajuela,Alajuela,2023,icc_categ,324,baseICC2023_2024.xlsx,
202,San Ramón,Alajuela,2023,icc_categ,240,baseICC2023_2024.xlsx,
203,Grecia,Alajuela,2023,icc_categ,265,baseICC2023_2024.xlsx,
204,San Mateo,Alajuela,2023,icc_categ,239,baseICC2023_2024.xlsx,
205,Atenas,Alajuela,2023,icc_categ,245,baseICC2023_2024.xlsx,
206,Naranjo,Alajuela,2023,icc_categ,240,baseICC2023_2024.xlsx,
207,Palmares,Alajuela,2023,icc_categ,249,baseICC2023_2024.xlsx,
208,Poás,Alajuela,2023,icc_categ,239,baseICC2023_2024.xlsx,
209,Orotina,Alajuela,2023,icc_categ,258,baseICC2023_2024.xlsx,
210,San Carlos,Alajuela,2023,icc_categ,246,baseICC2023_2024.xlsx,
211,Zarcero,Alajuela,2023,icc_categ,226,baseICC2023_2024.xlsx,
212,Sarchí,Alajuela,2023,icc_categ,236,baseICC2023_2024.xlsx,
213,Upala,Alajuela,2023,icc_categ,186,baseICC2023_2024.xlsx,
214,Los Chiles,Alajuela,2023,icc_categ,164,baseICC2023_2024.xlsx,
215,Guatuso,Alajuela,2023,icc_categ,178,baseICC2023_2024.xlsx,
301,Cartago,Cartago,2023,icc_categ,321,baseICC2023_2024.xlsx,
302,Paraíso,Cartago,2023,icc_categ,246,baseICC2023_2024.xlsx,
303,La Unión,Cartago,2023,icc_categ,265,baseICC2023_2024.xlsx,
304,Jiménez,Cartago,2023,icc_categ,189,baseICC2023_2024.xlsx,
305,Turrialba,Cartago,2023,icc_categ,206,baseICC2023_2024.xlsx,
306,Alvarado,Cartago,2023,icc_categ,228,baseICC2023_2024.xlsx,
307,Oreamuno,Cartago,2023,icc_categ,234,baseICC2023_2024.xlsx,
308,El Guarco,Cartago,2023,icc_categ,275,baseICC2023_2024.xlsx,
401,Heredia,Heredia,2023,icc_categ,320,baseICC2023_2024.xlsx,
402,Barva,Heredia,2023,icc_categ,242,baseICC2023_2024.xlsx,
403,Santo Domingo,Heredia,2023,icc_categ,326,baseICC2023_2024.xlsx,
404,Santa Bárbara,Heredia,2023,icc_categ,240,baseICC2023_2024.xlsx,
405,San Rafael,Heredia,2023,icc_categ,250,baseICC2023_2024.xlsx,
406,San Isidro,Heredia,2023,icc_categ,245,baseICC2023_2024.xlsx,
407,Belén,Heredia,2023,icc_categ,375,baseICC2023_2024.xlsx,
408,Flores,Heredia,2023,icc_categ,285,baseICC2023_2024.xlsx,
409,San Pablo,Heredia,2023,icc_categ,281,baseICC2023_2024.xlsx,
410,Sarapiquí,Heredia,2023,icc_categ,183,baseICC2023_2024.xlsx,
501,Liberia,Guanacaste,2023,icc_categ,251,baseICC2023_2024.xlsx,
502,Nicoya,Guanacaste,2023,icc_categ,224,baseICC2023_2024.xlsx,
503,Santa Cruz,Guanacaste,2023,icc_categ,240,baseICC2023_2024.xlsx,
504,Bagaces,Guanacaste,2023,icc_categ,237,baseICC2023_2024.xlsx,
505,Carrillo,Guanacaste,2023,icc_categ,242,baseICC2023_2024.xlsx,
506,Cañas,Guanacaste,2023,icc_categ,232,baseICC2023_2024.xlsx,
507,Abangares,Guanacaste,2023,icc_categ,226,baseICC2023_2024.xlsx,
508,Tilarán,Guanacaste,2023,icc_categ,235,baseICC2023_2024.xlsx,
509,Nandayure,Guanacaste,2023,icc_categ,230,baseICC2023_2024.xlsx,
510,La Cruz,Guanacaste,2023,icc_categ,212,baseICC2023_2024.xlsx,
511,Hojancha,Guanacaste,2023,icc_categ,221,baseICC2023_2024.xlsx,
601,Puntarenas,Puntarenas,2023,icc_categ,238,baseICC2023_2024.xlsx,
602,Esparza,Puntarenas,2023,icc_categ,248,baseICC2023_2024.xlsx,
603,Buenos Aires,Puntarenas,2023,icc_categ,155,baseICC2023_2024.xlsx,
604,Montes de Oro,Puntarenas,2023,icc_categ,218,baseICC2023_2024.xlsx,
605,Osa,Puntarenas,2023,icc_categ,221,baseICC2023_2024.xlsx,
606,Quepos,Puntarenas,2023,icc_categ,226,baseICC2023_2024.xlsx,
607,Golfito,Puntarenas,2023,icc_categ,185,baseICC2023_2024.xlsx,
608,Coto Brus,Puntarenas,2023,icc_categ,202,baseICC2023_2024.xlsx,
609,Parrita,Puntarenas,2023,icc_categ,195,baseICC2023_2024.xlsx,
610,Corredores,Puntarenas,2023,icc_categ,174,baseICC2023_2024.xlsx,
611,Garabito,Puntarenas,2023,icc_categ,254,baseICC2023_2024.xlsx,
701,Limón,Limón,2023,icc_categ,187,baseICC2023_2024.xlsx,
702,Pococí,Limón,2023,icc_categ,233,baseICC2023_2024.xlsx,
703,Siquirres,Limón,2023,icc_categ,194,baseICC2023_2024.xlsx,
704,Talamanca,Limón,2023,icc_categ,145,baseICC2023_2024.xlsx,
705,Matina,Limón,2023,icc_categ,162,baseICC2023_2024.xlsx,
706,Guácimo,Limón,2023,icc_categ,216,baseICC2023_2024.xlsx,
101,San José,San José,2024,icc_categ,Alto,baseICC2023_2024.xlsx,
102,Escazú,San José,2024,icc_categ,Alto,baseICC2023_2024.xlsx,
103,Desamparados,San José,2024,icc_categ,Medio,baseICC2023_2024.xlsx,
104,Puriscal,San José,2024,icc_categ,Medio,baseICC2023_2024.xlsx,
105,Tarrazú,San José,2024,icc_categ,Bajo,baseICC2023_2024.xlsx,
106,Aserrí,San José,2024,icc_categ,Medio,baseICC2023_2024.xlsx,
107,Mora,San José,2024,icc_categ,Medio,baseICC2023_2024.xlsx,
108,Goicoechea,San José,2024,icc_categ,Medio,baseICC2023_2024.xlsx,
109,Santa Ana,San José,2024,icc_categ,Alto,baseICC2023_2024.xlsx,
110,Alajuelita,San José,2024,icc_categ,Medio,baseICC2023_2024.xlsx,
111,Vázquez de Coronado,San José,2024,icc_categ,Medio,baseICC2023_2024.xlsx,
112,Acosta,San José,2024,icc_categ,Bajo,baseICC2023_2024.xlsx,
113,Tibás,San José,2024,icc_categ,Medio,baseICC2023_2024.xlsx,
114,Moravia,San José,2024,icc_categ,Medio,baseICC2023_2024.xlsx,
115,Montes de Oca,San José,2024,icc_categ,Alto,baseICC2023_2024.xlsx,
116,Turrubares,San José,2024,icc_categ,Bajo,baseICC2023_2024.xlsx,
117,Dota,San José,2024,icc_categ,Medio,baseICC2023_2024.xlsx,
118,Curridabat,San José,2024,icc_categ,Alto,baseICC2023_2024.xlsx,
119,Pérez Zeledón,San José,2024,icc_categ,Medio,baseICC2023_2024.xlsx,
120,León Cortés Castro,San José,2024,icc_categ,Bajo,baseICC2023_2024.xlsx,
201,Alajuela,Alajuela,2024,icc_categ,Alto,baseICC2023_2024.xlsx,
202,San Ramón,Alajuela,2024,icc_categ,Medio,baseICC2023_2024.xlsx,
203,Grecia,Alajuela,2024,icc_categ,Medio,baseICC2023_2024.xlsx,
204,San Mateo,Alajuela,2024,icc_categ,Medio,baseICC2023_2024.xlsx,
205,Atenas,Alajuela,2024,icc_categ,Medio,baseICC2023_2024.xlsx,
206,Naranjo,Alajuela,2024,icc_categ,Medio,baseICC2023_2024.xlsx,
207,Palmares,Alajuela,2024,icc_categ,Medio,baseICC2023_2024.xlsx,
208,Poás,Alajuela,2024,icc_categ,Medio,baseICC2023_2024.xlsx,
209,Orotina,Alajuela,2024,icc_categ,Medio,baseICC2023_2024.xlsx,
210,San Carlos,Alajuela,2024,icc_categ,Medio,baseICC2023_2024.xlsx,
211,Zarcero,Alajuela,2024,icc_categ,Medio,baseICC2023_2024.xlsx,
212,Sarchí,Alajuela,2024,icc_categ,Medio,baseICC2023_2024.xlsx,
213,Upala,Alajuela,2024,icc_categ,Bajo,baseICC2023_2024.xlsx,
214,Los Chiles,Alajuela,2024,icc_categ,Bajo,baseICC2023_2024.xlsx,
215,Guatuso,Alajuela,2024,icc_categ,Bajo,baseICC2023_2024.xlsx,
216,Río Cuarto,Alajuela,2024,icc_categ,Medio,baseICC2023_2024.xlsx,
301,Cartago,Cartago,2024,icc_categ,Alto,baseICC2023_2024.xlsx,
302,Paraíso,Cartago,2024,icc_categ,Medio,baseICC2023_2024.xlsx,
303,La Unión,Cartago,2024,icc_categ,Medio,baseICC2023_2024.xlsx,
304,Jiménez,Cartago,2024,icc_categ,Medio,baseICC2023_2024.xlsx,
305,Turrialba,Cartago,2024,icc_categ,Medio,baseICC2023_2024.xlsx,
306,Alvarado,Cartago,2024,icc_categ,Medio,baseICC2023_2024.xlsx,
307,Oreamuno,Cartago,2024,icc_categ,Medio,baseICC2023_2024.xlsx,
308,El Guarco,Cartago,2024,icc_categ,Medio,baseICC2023_2024.xlsx,
401,Heredia,Heredia,2024,icc_categ,Alto,baseICC2023_2024.xlsx,
402,Barva,Heredia,2024,icc_categ,Medio,baseICC2023_2024.xlsx,
403,Santo Domingo,Heredia,2024,icc_categ,Alto,baseICC2023_2024.xlsx,
404,Santa Bárbara,Heredia,2024,icc_categ,Medio,baseICC2023_2024.xlsx,
405,San Rafael,Heredia,2024,icc_categ,Medio,baseICC2023_2024.xlsx,
406,San Isidro,Heredia,2024,icc_categ,Medio,baseICC2023_2024.xlsx,
407,Belén,Heredia,2024,icc_categ,Alto,baseICC2023_2024.xlsx,
408,Flores,Heredia,2024,icc_categ,Medio,baseICC2023_2024.xlsx,
409,San Pablo,Heredia,2024,icc_categ,Medio,baseICC2023_2024.xlsx,
410,Sarapiquí,Heredia,2024,icc_categ,Bajo,baseICC2023_2024.xlsx,
501,Liberia,Guanacaste,2024,icc_categ,Medio,baseICC2023_2024.xlsx,
502,Nicoya,Guanacaste,2024,icc_categ,Medio,baseICC2023_2024.xlsx,
503,Santa Cruz,Guanacaste,2024,icc_categ,Medio,baseICC2023_2024.xlsx,
504,Bagaces,Guanacaste,2024,icc_categ,Medio,baseICC2023_2024.xlsx,
505,Carrillo,Guanacaste,2024,icc_categ,Medio,baseICC2023_2024.xlsx,
506,Cañas,Guanacaste,2024,icc_categ,Medio,baseICC2023_2024.xlsx,
507,Abangares,Guanacaste,2024,icc_categ,Medio,baseICC2023_2024.xlsx,
508,Tilarán,Guanacaste,2024,icc_categ,Medio,baseICC2023_2024.xlsx,
509,Nandayure,Guanacaste,2024,icc_categ,Medio,baseICC2023_2024.xlsx,
510,La Cruz,Guanacaste,2024,icc_categ,Bajo,baseICC2023_2024.xlsx,
511,Hojancha,Guanacaste,2024,icc_categ,Medio,baseICC2023_2024.xlsx,
601,Puntarenas,Puntarenas,2024,icc_categ,Medio,baseICC2023_2024.xlsx,
602,Esparza,Puntarenas,2024,icc_categ,Medio,baseICC2023_2024.xlsx,
603,Buenos Aires,Puntarenas,2024,icc_categ,Bajo,baseICC2023_2024.xlsx,
604,Montes de Oro,Puntarenas,2024,icc_categ,Medio,baseICC2023_2024.xlsx,
605,Osa,Puntarenas,2024,icc_categ,Medio,baseICC2023_2024.xlsx,
606,Quepos,Puntarenas,2024,icc_categ,Medio,baseICC2023_2024.xlsx,
607,Golfito,Puntarenas,2024,icc_categ,Bajo,baseICC2023_2024.xlsx,
608,Coto Brus,Puntarenas,2024,icc_categ,Medio,baseICC2023_2024.xlsx,
609,Parrita,Puntarenas,2024,icc_categ,Bajo,baseICC2023_2024.xlsx,
610,Corredores,Puntarenas,2024,icc_categ,Bajo,baseICC2023_2024.xlsx,
611,Garabito,Puntarenas,2024,icc_categ,Medio,baseICC2023_2024.xlsx,
701,Limón,Limón,2024,icc_categ,Medio,baseICC2023_2024.xlsx,
702,Pococí,Limón,2024,icc_categ,Medio,baseICC2023_2024.xlsx,
703,Siquirres,Limón,2024,icc_categ,Bajo,baseICC2023_2024.xlsx,
704,Talamanca,Limón,2024,icc_categ,Bajo,baseICC2023_2024.xlsx,
705,Matina,Limón,2024,icc_categ,Bajo,baseICC2023_2024.xlsx,
706,Guácimo,Limón,2024,icc_categ,Medio,baseICC2023_2024.xlsx,
101,San José,San José,2023,peconomico,73.5367431640625,baseICC2023_2024.xlsx,
102,Escazú,San José,2023,peconomico,76.3861389160156,baseICC2023_2024.xlsx,
103,Desamparados,San José,2023,peconomico,37.6236419677734,baseICC2023_2024.xlsx,
104,Puriscal,San José,2023,peconomico,28.4627914428711,baseICC2023_2024.xlsx,
105,Tarrazú,San José,2023,peconomico,35.4948616027832,baseICC2023_2024.xlsx,
106,Aserrí,San José,2023,peconomico,18.634105682373,baseICC2023_2024.xlsx,
107,Mora,San José,2023,peconomico,49.058048248291,baseICC2023_2024.xlsx,
108,Goicoechea,San José,2023,peconomico,51.6444129943848,baseICC2023_2024.xlsx,
109,Santa Ana,San José,2023,peconomico,77.7469863891602,baseICC2023_2024.xlsx,
110,Alajuelita,San José,2023,peconomico,25.4302310943604,baseICC2023_2024.xlsx,
111,Vázquez de Coronado,San José,2023,peconomico,26.1588687896729,baseICC2023_2024.xlsx,
112,Acosta,San José,2023,peconomico,30.7997055053711,baseICC2023_2024.xlsx,
113,Tibás,San José,2023,peconomico,47.1572952270508,baseICC2023_2024.xlsx,
114,Moravia,San José,2023,peconomico,52.2228889465332,baseICC2023_2024.xlsx,
115,Montes de Oca,San José,2023,peconomico,60.6420059204102,baseICC2023_2024.xlsx,
116,Turrubares,San José,2023,peconomico,16.8400363922119,baseICC2023_2024.xlsx,
117,Dota,San José,2023,peconomico,38.1483421325684,baseICC2023_2024.xlsx,
118,Curridabat,San José,2023,peconomico,67.2546081542969,baseICC2023_2024.xlsx,
119,Pérez Zeledón,San José,2023,peconomico,34.9043121337891,baseICC2023_2024.xlsx,
120,León Cortés Castro,San José,2023,peconomico,15.3721513748169,baseICC2023_2024.xlsx,
201,Alajuela,Alajuela,2023,peconomico,66.8011856079102,baseICC2023_2024.xlsx,
202,San Ramón,Alajuela,2023,peconomico,38.3724632263184,baseICC2023_2024.xlsx,
203,Grecia,Alajuela,2023,peconomico,54.4374046325684,baseICC2023_2024.xlsx,
204,San Mateo,Alajuela,2023,peconomico,43.5993423461914,baseICC2023_2024.xlsx,
205,Atenas,Alajuela,2023,peconomico,41.2937316894531,baseICC2023_2024.xlsx,
206,Naranjo,Alajuela,2023,peconomico,41.1956481933594,baseICC2023_2024.xlsx,
207,Palmares,Alajuela,2023,peconomico,44.1808433532715,baseICC2023_2024.xlsx,
208,Poás,Alajuela,2023,peconomico,41.3232727050781,baseICC2023_2024.xlsx,
209,Orotina,Alajuela,2023,peconomico,63.6861000061035,baseICC2023_2024.xlsx,
210,San Carlos,Alajuela,2023,peconomico,42.9175148010254,baseICC2023_2024.xlsx,
211,Zarcero,Alajuela,2023,peconomico,36.5624732971191,baseICC2023_2024.xlsx,
212,Sarchí,Alajuela,2023,peconomico,40.8664474487305,baseICC2023_2024.xlsx,
213,Upala,Alajuela,2023,peconomico,28.4180641174316,baseICC2023_2024.xlsx,
214,Los Chiles,Alajuela,2023,peconomico,22.3052635192871,baseICC2023_2024.xlsx,
215,Guatuso,Alajuela,2023,peconomico,18.6523513793945,baseICC2023_2024.xlsx,
301,Cartago,Cartago,2023,peconomico,70.0873260498047,baseICC2023_2024.xlsx,
302,Paraíso,Cartago,2023,peconomico,40.8186302185059,baseICC2023_2024.xlsx,
303,La Unión,Cartago,2023,peconomico,56.7210350036621,baseICC2023_2024.xlsx,
304,Jiménez,Cartago,2023,peconomico,11.7865133285522,baseICC2023_2024.xlsx,
305,Turrialba,Cartago,2023,peconomico,33.1454696655273,baseICC2023_2024.xlsx,
306,Alvarado,Cartago,2023,peconomico,41.252368927002,baseICC2023_2024.xlsx,
307,Oreamuno,Cartago,2023,peconomico,36.5619316101074,baseICC2023_2024.xlsx,
308,El Guarco,Cartago,2023,peconomico,53.1431007385254,baseICC2023_2024.xlsx,
401,Heredia,Heredia,2023,peconomico,66.3610382080078,baseICC2023_2024.xlsx,
402,Barva,Heredia,2023,peconomico,42.6902465820313,baseICC2023_2024.xlsx,
403,Santo Domingo,Heredia,2023,peconomico,66.5290832519531,baseICC2023_2024.xlsx,
404,Santa Bárbara,Heredia,2023,peconomico,42.3564071655273,baseICC2023_2024.xlsx,
405,San Rafael,Heredia,2023,peconomico,42.177848815918,baseICC2023_2024.xlsx,
406,San Isidro,Heredia,2023,peconomico,46.0070457458496,baseICC2023_2024.xlsx,
407,Belén,Heredia,2023,peconomico,100.0,baseICC2023_2024.xlsx,
408,Flores,Heredia,2023,peconomico,59.8761215209961,baseICC2023_2024.xlsx,
409,San Pablo,Heredia,2023,peconomico,60.2519073486328,baseICC2023_2024.xlsx,
410,Sarapiquí,Heredia,2023,peconomico,26.0833492279053,baseICC2023_2024.xlsx,
501,Liberia,Guanacaste,2023,peconomico,54.2546157836914,baseICC2023_2024.xlsx,
502,Nicoya,Guanacaste,2023,peconomico,44.278694152832,baseICC2023_2024.xlsx,
503,Santa Cruz,Guanacaste,2023,peconomico,53.6150588989258,baseICC2023_2024.xlsx,
504,Bagaces,Guanacaste,2023,peconomico,30.5736961364746,baseICC2023_2024.xlsx,
505,Carrillo,Guanacaste,2023,peconomico,52.5911293029785,baseICC2023_2024.xlsx,
506,Cañas,Guanacaste,2023,peconomico,44.2938690185547,baseICC2023_2024.xlsx,
507,Abangares,Guanacaste,2023,peconomico,55.8285369873047,baseICC2023_2024.xlsx,
508,Tilarán,Guanacaste,2023,peconomico,32.3164863586426,baseICC2023_2024.xlsx,
509,Nandayure,Guanacaste,2023,peconomico,42.7456741333008,baseICC2023_2024.xlsx,
510,La Cruz,Guanacaste,2023,peconomico,38.6253166198731,baseICC2023_2024.xlsx,
511,Hojancha,Guanacaste,2023,peconomico,35.6908302307129,baseICC2023_2024.xlsx,
601,Puntarenas,Puntarenas,2023,peconomico,45.7161674499512,baseICC2023_2024.xlsx,
602,Esparza,Puntarenas,2023,peconomico,49.0427627563477,baseICC2023_2024.xlsx,
603,Buenos Aires,Puntarenas,2023,peconomico,15.7957000732422,baseICC2023_2024.xlsx,
604,Montes de Oro,Puntarenas,2023,peconomico,40.0079917907715,baseICC2023_2024.xlsx,
605,Osa,Puntarenas,2023,peconomico,45.4633102416992,baseICC2023_2024.xlsx,
606,Quepos,Puntarenas,2023,peconomico,54.3962326049805,baseICC2023_2024.xlsx,
607,Golfito,Puntarenas,2023,peconomico,25.9271011352539,baseICC2023_2024.xlsx,
608,Coto Brus,Puntarenas,2023,peconomico,27.101131439209,baseICC2023_2024.xlsx,
609,Parrita,Puntarenas,2023,peconomico,46.6588592529297,baseICC2023_2024.xlsx,
610,Corredores,Puntarenas,2023,peconomico,37.6928787231445,baseICC2023_2024.xlsx,
611,Garabito,Puntarenas,2023,peconomico,66.4910354614258,baseICC2023_2024.xlsx,
701,Limón,Limón,2023,peconomico,40.5528831481934,baseICC2023_2024.xlsx,
702,Pococí,Limón,2023,peconomico,39.3611869812012,baseICC2023_2024.xlsx,
703,Siquirres,Limón,2023,peconomico,39.2968330383301,baseICC2023_2024.xlsx,
704,Talamanca,Limón,2023,peconomico,25.0411930084229,baseICC2023_2024.xlsx,
705,Matina,Limón,2023,peconomico,30.7253360748291,baseICC2023_2024.xlsx,
706,Guácimo,Limón,2023,peconomico,34.3903160095215,baseICC2023_2024.xlsx,
101,San José,San José,2024,peconomico,66.9229736328125,baseICC2023_2024.xlsx,
102,Escazú,San José,2024,peconomico,80.3993911743164,baseICC2023_2024.xlsx,
103,Desamparados,San José,2024,peconomico,28.9970951080322,baseICC2023_2024.xlsx,
104,Puriscal,San José,2024,peconomico,28.7908916473389,baseICC2023_2024.xlsx,
105,Tarrazú,San José,2024,peconomico,37.3148155212402,baseICC2023_2024.xlsx,
106,Aserrí,San José,2024,peconomico,14.5214853286743,baseICC2023_2024.xlsx,
107,Mora,San José,2024,peconomico,46.1862564086914,baseICC2023_2024.xlsx,
108,Goicoechea,San José,2024,peconomico,47.3417549133301,baseICC2023_2024.xlsx,
109,Santa Ana,San José,2024,peconomico,73.1481018066406,baseICC2023_2024.xlsx,
110,Alajuelita,San José,2024,peconomico,20.4246253967285,baseICC2023_2024.xlsx,
111,Vázquez de Coronado,San José,2024,peconomico,21.4408397674561,baseICC2023_2024.xlsx,
112,Acosta,San José,2024,peconomico,26.2957572937012,baseICC2023_2024.xlsx,
113,Tibás,San José,2024,peconomico,48.8022308349609,baseICC2023_2024.xlsx,
114,Moravia,San José,2024,peconomico,47.8428039550781,baseICC2023_2024.xlsx,
115,Montes de Oca,San José,2024,peconomico,62.5176963806152,baseICC2023_2024.xlsx,
116,Turrubares,San José,2024,peconomico,17.9073314666748,baseICC2023_2024.xlsx,
117,Dota,San José,2024,peconomico,40.8443222045898,baseICC2023_2024.xlsx,
118,Curridabat,San José,2024,peconomico,63.418586730957,baseICC2023_2024.xlsx,
119,Pérez Zeledón,San José,2024,peconomico,34.6797714233398,baseICC2023_2024.xlsx,
120,León Cortés Castro,San José,2024,peconomico,22.83078956604,baseICC2023_2024.xlsx,
201,Alajuela,Alajuela,2024,peconomico,65.461067199707,baseICC2023_2024.xlsx,
202,San Ramón,Alajuela,2024,peconomico,36.5831832885742,baseICC2023_2024.xlsx,
203,Grecia,Alajuela,2024,peconomico,54.1192932128906,baseICC2023_2024.xlsx,
204,San Mateo,Alajuela,2024,peconomico,44.6327133178711,baseICC2023_2024.xlsx,
205,Atenas,Alajuela,2024,peconomico,36.6223564147949,baseICC2023_2024.xlsx,
206,Naranjo,Alajuela,2024,peconomico,38.0448112487793,baseICC2023_2024.xlsx,
207,Palmares,Alajuela,2024,peconomico,38.6052322387695,baseICC2023_2024.xlsx,
208,Poás,Alajuela,2024,peconomico,38.8445205688477,baseICC2023_2024.xlsx,
209,Orotina,Alajuela,2024,peconomico,61.522819519043,baseICC2023_2024.xlsx,
210,San Carlos,Alajuela,2024,peconomico,44.7497253417969,baseICC2023_2024.xlsx,
211,Zarcero,Alajuela,2024,peconomico,39.9936752319336,baseICC2023_2024.xlsx,
212,Sarchí,Alajuela,2024,peconomico,41.784610748291,baseICC2023_2024.xlsx,
213,Upala,Alajuela,2024,peconomico,29.2686405181885,baseICC2023_2024.xlsx,
214,Los Chiles,Alajuela,2024,peconomico,29.0371322631836,baseICC2023_2024.xlsx,
215,Guatuso,Alajuela,2024,peconomico,23.0452480316162,baseICC2023_2024.xlsx,
216,Río Cuarto,Alajuela,2024,peconomico,40.9790115356445,baseICC2023_2024.xlsx,
301,Cartago,Cartago,2024,peconomico,68.5013732910156,baseICC2023_2024.xlsx,
302,Paraíso,Cartago,2024,peconomico,42.1005554199219,baseICC2023_2024.xlsx,
303,La Unión,Cartago,2024,peconomico,56.5631942749023,baseICC2023_2024.xlsx,
304,Jiménez,Cartago,2024,peconomico,13.8451976776123,baseICC2023_2024.xlsx,
305,Turrialba,Cartago,2024,peconomico,32.7216567993164,baseICC2023_2024.xlsx,
306,Alvarado,Cartago,2024,peconomico,37.4168701171875,baseICC2023_2024.xlsx,
307,Oreamuno,Cartago,2024,peconomico,38.2131690979004,baseICC2023_2024.xlsx,
308,El Guarco,Cartago,2024,peconomico,48.6913642883301,baseICC2023_2024.xlsx,
401,Heredia,Heredia,2024,peconomico,65.3203125,baseICC2023_2024.xlsx,
402,Barva,Heredia,2024,peconomico,42.2016944885254,baseICC2023_2024.xlsx,
403,Santo Domingo,Heredia,2024,peconomico,63.9670181274414,baseICC2023_2024.xlsx,
404,Santa Bárbara,Heredia,2024,peconomico,37.4685821533203,baseICC2023_2024.xlsx,
405,San Rafael,Heredia,2024,peconomico,33.6745872497559,baseICC2023_2024.xlsx,
406,San Isidro,Heredia,2024,peconomico,46.0770225524902,baseICC2023_2024.xlsx,
407,Belén,Heredia,2024,peconomico,99.8423843383789,baseICC2023_2024.xlsx,
408,Flores,Heredia,2024,peconomico,62.5113716125488,baseICC2023_2024.xlsx,
409,San Pablo,Heredia,2024,peconomico,55.1233406066895,baseICC2023_2024.xlsx,
410,Sarapiquí,Heredia,2024,peconomico,25.92529296875,baseICC2023_2024.xlsx,
501,Liberia,Guanacaste,2024,peconomico,52.4160766601563,baseICC2023_2024.xlsx,
502,Nicoya,Guanacaste,2024,peconomico,41.6538314819336,baseICC2023_2024.xlsx,
503,Santa Cruz,Guanacaste,2024,peconomico,49.8285293579102,baseICC2023_2024.xlsx,
504,Bagaces,Guanacaste,2024,peconomico,30.7151184082031,baseICC2023_2024.xlsx,
505,Carrillo,Guanacaste,2024,peconomico,54.5682029724121,baseICC2023_2024.xlsx,
506,Cañas,Guanacaste,2024,peconomico,41.5924491882324,baseICC2023_2024.xlsx,
507,Abangares,Guanacaste,2024,peconomico,56.1940498352051,baseICC2023_2024.xlsx,
508,Tilarán,Guanacaste,2024,peconomico,29.6103477478027,baseICC2023_2024.xlsx,
509,Nandayure,Guanacaste,2024,peconomico,47.5785140991211,baseICC2023_2024.xlsx,
510,La Cruz,Guanacaste,2024,peconomico,35.4539070129395,baseICC2023_2024.xlsx,
511,Hojancha,Guanacaste,2024,peconomico,34.562873840332,baseICC2023_2024.xlsx,
601,Puntarenas,Puntarenas,2024,peconomico,42.1153793334961,baseICC2023_2024.xlsx,
602,Esparza,Puntarenas,2024,peconomico,50.0920715332031,baseICC2023_2024.xlsx,
603,Buenos Aires,Puntarenas,2024,peconomico,23.3429470062256,baseICC2023_2024.xlsx,
604,Montes de Oro,Puntarenas,2024,peconomico,38.0946159362793,baseICC2023_2024.xlsx,
605,Osa,Puntarenas,2024,peconomico,46.4921264648438,baseICC2023_2024.xlsx,
606,Quepos,Puntarenas,2024,peconomico,48.6269493103027,baseICC2023_2024.xlsx,
607,Golfito,Puntarenas,2024,peconomico,20.2227993011475,baseICC2023_2024.xlsx,
608,Coto Brus,Puntarenas,2024,peconomico,33.2765655517578,baseICC2023_2024.xlsx,
609,Parrita,Puntarenas,2024,peconomico,44.4714241027832,baseICC2023_2024.xlsx,
610,Corredores,Puntarenas,2024,peconomico,31.3038311004639,baseICC2023_2024.xlsx,
611,Garabito,Puntarenas,2024,peconomico,64.9126663208008,baseICC2023_2024.xlsx,
701,Limón,Limón,2024,peconomico,42.0708274841309,baseICC2023_2024.xlsx,
702,Pococí,Limón,2024,peconomico,36.5769538879395,baseICC2023_2024.xlsx,
703,Siquirres,Limón,2024,peconomico,41.6461524963379,baseICC2023_2024.xlsx,
704,Talamanca,Limón,2024,peconomico,27.5066375732422,baseICC2023_2024.xlsx,
705,Matina,Limón,2024,peconomico,33.8454055786133,baseICC2023_2024.xlsx,
706,Guácimo,Limón,2024,peconomico,36.0745582580566,baseICC2023_2024.xlsx,
101,San José,San José,2023,peconomico_rank,4,baseICC2023_2024.xlsx,
102,Escazú,San José,2023,peconomico_rank,3,baseICC2023_2024.xlsx,
103,Desamparados,San José,2023,peconomico_rank,55,baseICC2023_2024.xlsx,
104,Puriscal,San José,2023,peconomico_rank,67,baseICC2023_2024.xlsx,
105,Tarrazú,San José,2023,peconomico_rank,59,baseICC2023_2024.xlsx,
106,Aserrí,San José,2023,peconomico_rank,77,baseICC2023_2024.xlsx,
107,Mora,San José,2023,peconomico_rank,25,baseICC2023_2024.xlsx,
108,Goicoechea,San José,2023,peconomico_rank,24,baseICC2023_2024.xlsx,
109,Santa Ana,San José,2023,peconomico_rank,2,baseICC2023_2024.xlsx,
110,Alajuelita,San José,2023,peconomico_rank,73,baseICC2023_2024.xlsx,
111,Vázquez de Coronado,San José,2023,peconomico_rank,70,baseICC2023_2024.xlsx,
112,Acosta,San José,2023,peconomico_rank,64,baseICC2023_2024.xlsx,
113,Tibás,San José,2023,peconomico_rank,27,baseICC2023_2024.xlsx,
114,Moravia,San José,2023,peconomico_rank,23,baseICC2023_2024.xlsx,
115,Montes de Oca,San José,2023,peconomico_rank,12,baseICC2023_2024.xlsx,
116,Turrubares,San José,2023,peconomico_rank,78,baseICC2023_2024.xlsx,
117,Dota,San José,2023,peconomico_rank,53,baseICC2023_2024.xlsx,
118,Curridabat,San José,2023,peconomico_rank,6,baseICC2023_2024.xlsx,
119,Pérez Zeledón,San José,2023,peconomico_rank,60,baseICC2023_2024.xlsx,
120,León Cortés Castro,San José,2023,peconomico_rank,80,baseICC2023_2024.xlsx,
201,Alajuela,Alajuela,2023,peconomico_rank,7,baseICC2023_2024.xlsx,
202,San Ramón,Alajuela,2023,peconomico_rank,52,baseICC2023_2024.xlsx,
203,Grecia,Alajuela,2023,peconomico_rank,17,baseICC2023_2024.xlsx,
204,San Mateo,Alajuela,2023,peconomico_rank,35,baseICC2023_2024.xlsx,
205,Atenas,Alajuela,2023,peconomico_rank,42,baseICC2023_2024.xlsx,
206,Naranjo,Alajuela,2023,peconomico_rank,44,baseICC2023_2024.xlsx,
207,Palmares,Alajuela,2023,peconomico_rank,34,baseICC2023_2024.xlsx,
208,Poás,Alajuela,2023,peconomico_rank,41,baseICC2023_2024.xlsx,
209,Orotina,Alajuela,2023,peconomico_rank,11,baseICC2023_2024.xlsx,
210,San Carlos,Alajuela,2023,peconomico_rank,36,baseICC2023_2024.xlsx,
211,Zarcero,Alajuela,2023,peconomico_rank,56,baseICC2023_2024.xlsx,
212,Sarchí,Alajuela,2023,peconomico_rank,45,baseICC2023_2024.xlsx,
213,Upala,Alajuela,2023,peconomico_rank,68,baseICC2023_2024.xlsx,
214,Los Chiles,Alajuela,2023,peconomico_rank,75,baseICC2023_2024.xlsx,
215,Guatuso,Alajuela,2023,peconomico_rank,76,baseICC2023_2024.xlsx,
301,Cartago,Cartago,2023,peconomico_rank,5,baseICC2023_2024.xlsx,
302,Paraíso,Cartago,2023,peconomico_rank,46,baseICC2023_2024.xlsx,
303,La Unión,Cartago,2023,peconomico_rank,15,baseICC2023_2024.xlsx,
304,Jiménez,Cartago,2023,peconomico_rank,81,baseICC2023_2024.xlsx,
305,Turrialba,Cartago,2023,peconomico_rank,62,baseICC2023_2024.xlsx,
306,Alvarado,Cartago,2023,peconomico_rank,43,baseICC2023_2024.xlsx,
307,Oreamuno,Cartago,2023,peconomico_rank,57,baseICC2023_2024.xlsx,
308,El Guarco,Cartago,2023,peconomico_rank,21,baseICC2023_2024.xlsx,
401,Heredia,Heredia,2023,peconomico_rank,10,baseICC2023_2024.xlsx,
402,Barva,Heredia,2023,peconomico_rank,38,baseICC2023_2024.xlsx,
403,Santo Domingo,Heredia,2023,peconomico_rank,8,baseICC2023_2024.xlsx,
404,Santa Bárbara,Heredia,2023,peconomico_rank,39,baseICC2023_2024.xlsx,
405,San Rafael,Heredia,2023,peconomico_rank,40,baseICC2023_2024.xlsx,
406,San Isidro,Heredia,2023,peconomico_rank,29,baseICC2023_2024.xlsx,
407,Belén,Heredia,2023,peconomico_rank,1,baseICC2023_2024.xlsx,
408,Flores,Heredia,2023,peconomico_rank,14,baseICC2023_2024.xlsx,
409,San Pablo,Heredia,2023,peconomico_rank,13,baseICC2023_2024.xlsx,
410,Sarapiquí,Heredia,2023,peconomico_rank,71,baseICC2023_2024.xlsx,
501,Liberia,Guanacaste,2023,peconomico_rank,19,baseICC2023_2024.xlsx,
502,Nicoya,Guanacaste,2023,peconomico_rank,33,baseICC2023_2024.xlsx,
503,Santa Cruz,Guanacaste,2023,peconomico_rank,20,baseICC2023_2024.xlsx,
504,Bagaces,Guanacaste,2023,peconomico_rank,66,baseICC2023_2024.xlsx,
505,Carrillo,Guanacaste,2023,peconomico_rank,22,baseICC2023_2024.xlsx,
506,Cañas,Guanacaste,2023,peconomico_rank,32,baseICC2023_2024.xlsx,
507,Abangares,Guanacaste,2023,peconomico_rank,16,baseICC2023_2024.xlsx,
508,Tilarán,Guanacaste,2023,peconomico_rank,63,baseICC2023_2024.xlsx,
509,Nandayure,Guanacaste,2023,peconomico_rank,37,baseICC2023_2024.xlsx,
510,La Cruz,Guanacaste,2023,peconomico_rank,51,baseICC2023_2024.xlsx,
511,Hojancha,Guanacaste,2023,peconomico_rank,58,baseICC2023_2024.xlsx,
601,Puntarenas,Puntarenas,2023,peconomico_rank,30,baseICC2023_2024.xlsx,
602,Esparza,Puntarenas,2023,peconomico_rank,26,baseICC2023_2024.xlsx,
603,Buenos Aires,Puntarenas,2023,peconomico_rank,79,baseICC2023_2024.xlsx,
604,Montes de Oro,Puntarenas,2023,peconomico_rank,48,baseICC2023_2024.xlsx,
605,Osa,Puntarenas,2023,peconomico_rank,31,baseICC2023_2024.xlsx,
606,Quepos,Puntarenas,2023,peconomico_rank,18,baseICC2023_2024.xlsx,
607,Golfito,Puntarenas,2023,peconomico_rank,72,baseICC2023_2024.xlsx,
608,Coto Brus,Puntarenas,2023,peconomico_rank,69,baseICC2023_2024.xlsx,
609,Parrita,Puntarenas,2023,peconomico_rank,28,baseICC2023_2024.xlsx,
610,Corredores,Puntarenas,2023,peconomico_rank,54,baseICC2023_2024.xlsx,
611,Garabito,Puntarenas,2023,peconomico_rank,9,baseICC2023_2024.xlsx,
701,Limón,Limón,2023,peconomico_rank,47,baseICC2023_2024.xlsx,
702,Pococí,Limón,2023,peconomico_rank,49,baseICC2023_2024.xlsx,
703,Siquirres,Limón,2023,peconomico_rank,50,baseICC2023_2024.xlsx,
704,Talamanca,Limón,2023,peconomico_rank,74,baseICC2023_2024.xlsx,
705,Matina,Limón,2023,peconomico_rank,65,baseICC2023_2024.xlsx,
706,Guácimo,Limón,2023,peconomico_rank,61,baseICC2023_2024.xlsx,
101,San José,San José,2024,peconomico_rank,5,baseICC2023_2024.xlsx,
102,Escazú,San José,2024,peconomico_rank,2,baseICC2023_2024.xlsx,
103,Desamparados,San José,2024,peconomico_rank,69,baseICC2023_2024.xlsx,
104,Puriscal,San José,2024,peconomico_rank,70,baseICC2023_2024.xlsx,
105,Tarrazú,San José,2024,peconomico_rank,52,baseICC2023_2024.xlsx,
106,Aserrí,San José,2024,peconomico_rank,81,baseICC2023_2024.xlsx,
107,Mora,San José,2024,peconomico_rank,29,baseICC2023_2024.xlsx,
108,Goicoechea,San José,2024,peconomico_rank,27,baseICC2023_2024.xlsx,
109,Santa Ana,San José,2024,peconomico_rank,3,baseICC2023_2024.xlsx,
110,Alajuelita,San José,2024,peconomico_rank,78,baseICC2023_2024.xlsx,
111,Vázquez de Coronado,San José,2024,peconomico_rank,77,baseICC2023_2024.xlsx,
112,Acosta,San José,2024,peconomico_rank,72,baseICC2023_2024.xlsx,
113,Tibás,San José,2024,peconomico_rank,22,baseICC2023_2024.xlsx,
114,Moravia,San José,2024,peconomico_rank,25,baseICC2023_2024.xlsx,
115,Montes de Oca,San José,2024,peconomico_rank,11,baseICC2023_2024.xlsx,
116,Turrubares,San José,2024,peconomico_rank,80,baseICC2023_2024.xlsx,
117,Dota,San José,2024,peconomico_rank,43,baseICC2023_2024.xlsx,
118,Curridabat,San José,2024,peconomico_rank,10,baseICC2023_2024.xlsx,
119,Pérez Zeledón,San José,2024,peconomico_rank,58,baseICC2023_2024.xlsx,
120,León Cortés Castro,San José,2024,peconomico_rank,76,baseICC2023_2024.xlsx,
201,Alajuela,Alajuela,2024,peconomico_rank,6,baseICC2023_2024.xlsx,
202,San Ramón,Alajuela,2024,peconomico_rank,54,baseICC2023_2024.xlsx,
203,Grecia,Alajuela,2024,peconomico_rank,18,baseICC2023_2024.xlsx,
204,San Mateo,Alajuela,2024,peconomico_rank,32,baseICC2023_2024.xlsx,
205,Atenas,Alajuela,2024,peconomico_rank,53,baseICC2023_2024.xlsx,
206,Naranjo,Alajuela,2024,peconomico_rank,49,baseICC2023_2024.xlsx,
207,Palmares,Alajuela,2024,peconomico_rank,46,baseICC2023_2024.xlsx,
208,Poás,Alajuela,2024,peconomico_rank,45,baseICC2023_2024.xlsx,
209,Orotina,Alajuela,2024,peconomico_rank,13,baseICC2023_2024.xlsx,
210,San Carlos,Alajuela,2024,peconomico_rank,31,baseICC2023_2024.xlsx,
211,Zarcero,Alajuela,2024,peconomico_rank,44,baseICC2023_2024.xlsx,
212,Sarchí,Alajuela,2024,peconomico_rank,38,baseICC2023_2024.xlsx,
213,Upala,Alajuela,2024,peconomico_rank,67,baseICC2023_2024.xlsx,
214,Los Chiles,Alajuela,2024,peconomico_rank,68,baseICC2023_2024.xlsx,
215,Guatuso,Alajuela,2024,peconomico_rank,75,baseICC2023_2024.xlsx,
216,Río Cuarto,Alajuela,2024,peconomico_rank,42,baseICC2023_2024.xlsx,
301,Cartago,Cartago,2024,peconomico_rank,4,baseICC2023_2024.xlsx,
302,Paraíso,Cartago,2024,peconomico_rank,36,baseICC2023_2024.xlsx,
303,La Unión,Cartago,2024,peconomico_rank,14,baseICC2023_2024.xlsx,
304,Jiménez,Cartago,2024,peconomico_rank,82,baseICC2023_2024.xlsx,
305,Turrialba,Cartago,2024,peconomico_rank,63,baseICC2023_2024.xlsx,
306,Alvarado,Cartago,2024,peconomico_rank,51,baseICC2023_2024.xlsx,
307,Oreamuno,Cartago,2024,peconomico_rank,47,baseICC2023_2024.xlsx,
308,El Guarco,Cartago,2024,peconomico_rank,23,baseICC2023_2024.xlsx,
401,Heredia,Heredia,2024,peconomico_rank,7,baseICC2023_2024.xlsx,
402,Barva,Heredia,2024,peconomico_rank,34,baseICC2023_2024.xlsx,
403,Santo Domingo,Heredia,2024,peconomico_rank,9,baseICC2023_2024.xlsx,
404,Santa Bárbara,Heredia,2024,peconomico_rank,50,baseICC2023_2024.xlsx,
405,San Rafael,Heredia,2024,peconomico_rank,61,baseICC2023_2024.xlsx,
406,San Isidro,Heredia,2024,peconomico_rank,30,baseICC2023_2024.xlsx,
407,Belén,Heredia,2024,peconomico_rank,1,baseICC2023_2024.xlsx,
408,Flores,Heredia,2024,peconomico_rank,12,baseICC2023_2024.xlsx,
409,San Pablo,Heredia,2024,peconomico_rank,16,baseICC2023_2024.xlsx,
410,Sarapiquí,Heredia,2024,peconomico_rank,73,baseICC2023_2024.xlsx,
501,Liberia,Guanacaste,2024,peconomico_rank,19,baseICC2023_2024.xlsx,
502,Nicoya,Guanacaste,2024,peconomico_rank,39,baseICC2023_2024.xlsx,
503,Santa Cruz,Guanacaste,2024,peconomico_rank,21,baseICC2023_2024.xlsx,
504,Bagaces,Guanacaste,2024,peconomico_rank,65,baseICC2023_2024.xlsx,
505,Carrillo,Guanacaste,2024,peconomico_rank,17,baseICC2023_2024.xlsx,
506,Cañas,Guanacaste,2024,peconomico_rank,41,baseICC2023_2024.xlsx,
507,Abangares,Guanacaste,2024,peconomico_rank,15,baseICC2023_2024.xlsx,
508,Tilarán,Guanacaste,2024,peconomico_rank,66,baseICC2023_2024.xlsx,
509,Nandayure,Guanacaste,2024,peconomico_rank,26,baseICC2023_2024.xlsx,
510,La Cruz,Guanacaste,2024,peconomico_rank,57,baseICC2023_2024.xlsx,
511,Hojancha,Guanacaste,2024,peconomico_rank,59,baseICC2023_2024.xlsx,
601,Puntarenas,Puntarenas,2024,peconomico_rank,35,baseICC2023_2024.xlsx,
602,Esparza,Puntarenas,2024,peconomico_rank,20,baseICC2023_2024.xlsx,
603,Buenos Aires,Puntarenas,2024,peconomico_rank,74,baseICC2023_2024.xlsx,
604,Montes de Oro,Puntarenas,2024,peconomico_rank,48,baseICC2023_2024.xlsx,
605,Osa,Puntarenas,2024,peconomico_rank,28,baseICC2023_2024.xlsx,
606,Quepos,Puntarenas,2024,peconomico_rank,24,baseICC2023_2024.xlsx,
607,Golfito,Puntarenas,2024,peconomico_rank,79,baseICC2023_2024.xlsx,
608,Coto Brus,Puntarenas,2024,peconomico_rank,62,baseICC2023_2024.xlsx,
609,Parrita,Puntarenas,2024,peconomico_rank,33,baseICC2023_2024.xlsx,
610,Corredores,Puntarenas,2024,peconomico_rank,64,baseICC2023_2024.xlsx,
611,Garabito,Puntarenas,2024,peconomico_rank,8,baseICC2023_2024.xlsx,
701,Limón,Limón,2024,peconomico_rank,37,baseICC2023_2024.xlsx,
702,Pococí,Limón,2024,peconomico_rank,55,baseICC2023_2024.xlsx,
703,Siquirres,Limón,2024,peconomico_rank,40,baseICC2023_2024.xlsx,
704,Talamanca,Limón,2024,peconomico_rank,71,baseICC2023_2024.xlsx,
705,Matina,Limón,2024,peconomico_rank,60,baseICC2023_2024.xlsx,
706,Guácimo,Limón,2024,peconomico_rank,56,baseICC2023_2024.xlsx,
101,San José,San José,2023,peconomico_categ,368,baseICC2023_2024.xlsx,
102,Escazú,San José,2023,peconomico_categ,382,baseICC2023_2024.xlsx,
103,Desamparados,San José,2023,peconomico_categ,189,baseICC2023_2024.xlsx,
104,Puriscal,San José,2023,peconomico_categ,143,baseICC2023_2024.xlsx,
105,Tarrazú,San José,2023,peconomico_categ,178,baseICC2023_2024.xlsx,
106,Aserrí,San José,2023,peconomico_categ,94,baseICC2023_2024.xlsx,
107,Mora,San José,2023,peconomico_categ,246,baseICC2023_2024.xlsx,
108,Goicoechea,San José,2023,peconomico_categ,259,baseICC2023_2024.xlsx,
109,Santa Ana,San José,2023,peconomico_categ,389,baseICC2023_2024.xlsx,
110,Alajuelita,San José,2023,peconomico_categ,128,baseICC2023_2024.xlsx,
111,Vázquez de Coronado,San José,2023,peconomico_categ,131,baseICC2023_2024.xlsx,
112,Acosta,San José,2023,peconomico_categ,154,baseICC2023_2024.xlsx,
113,Tibás,San José,2023,peconomico_categ,236,baseICC2023_2024.xlsx,
114,Moravia,San José,2023,peconomico_categ,262,baseICC2023_2024.xlsx,
115,Montes de Oca,San José,2023,peconomico_categ,304,baseICC2023_2024.xlsx,
116,Turrubares,San José,2023,peconomico_categ,85,baseICC2023_2024.xlsx,
117,Dota,San José,2023,peconomico_categ,191,baseICC2023_2024.xlsx,
118,Curridabat,San José,2023,peconomico_categ,337,baseICC2023_2024.xlsx,
119,Pérez Zeledón,San José,2023,peconomico_categ,175,baseICC2023_2024.xlsx,
120,León Cortés Castro,San José,2023,peconomico_categ,77,baseICC2023_2024.xlsx,
201,Alajuela,Alajuela,2023,peconomico_categ,335,baseICC2023_2024.xlsx,
202,San Ramón,Alajuela,2023,peconomico_categ,192,baseICC2023_2024.xlsx,
203,Grecia,Alajuela,2023,peconomico_categ,273,baseICC2023_2024.xlsx,
204,San Mateo,Alajuela,2023,peconomico_categ,218,baseICC2023_2024.xlsx,
205,Atenas,Alajuela,2023,peconomico_categ,207,baseICC2023_2024.xlsx,
206,Naranjo,Alajuela,2023,peconomico_categ,206,baseICC2023_2024.xlsx,
207,Palmares,Alajuela,2023,peconomico_categ,221,baseICC2023_2024.xlsx,
208,Poás,Alajuela,2023,peconomico_categ,207,baseICC2023_2024.xlsx,
209,Orotina,Alajuela,2023,peconomico_categ,319,baseICC2023_2024.xlsx,
210,San Carlos,Alajuela,2023,peconomico_categ,215,baseICC2023_2024.xlsx,
211,Zarcero,Alajuela,2023,peconomico_categ,183,baseICC2023_2024.xlsx,
212,Sarchí,Alajuela,2023,peconomico_categ,205,baseICC2023_2024.xlsx,
213,Upala,Alajuela,2023,peconomico_categ,143,baseICC2023_2024.xlsx,
214,Los Chiles,Alajuela,2023,peconomico_categ,112,baseICC2023_2024.xlsx,
215,Guatuso,Alajuela,2023,peconomico_categ,94,baseICC2023_2024.xlsx,
301,Cartago,Cartago,2023,peconomico_categ,351,baseICC2023_2024.xlsx,
302,Paraíso,Cartago,2023,peconomico_categ,205,baseICC2023_2024.xlsx,
303,La Unión,Cartago,2023,peconomico_categ,284,baseICC2023_2024.xlsx,
304,Jiménez,Cartago,2023,peconomico_categ,59,baseICC2023_2024.xlsx,
305,Turrialba,Cartago,2023,peconomico_categ,166,baseICC2023_2024.xlsx,
306,Alvarado,Cartago,2023,peconomico_categ,207,baseICC2023_2024.xlsx,
307,Oreamuno,Cartago,2023,peconomico_categ,183,baseICC2023_2024.xlsx,
308,El Guarco,Cartago,2023,peconomico_categ,266,baseICC2023_2024.xlsx,
401,Heredia,Heredia,2023,peconomico_categ,332,baseICC2023_2024.xlsx,
402,Barva,Heredia,2023,peconomico_categ,214,baseICC2023_2024.xlsx,
403,Santo Domingo,Heredia,2023,peconomico_categ,333,baseICC2023_2024.xlsx,
404,Santa Bárbara,Heredia,2023,peconomico_categ,212,baseICC2023_2024.xlsx,
405,San Rafael,Heredia,2023,peconomico_categ,211,baseICC2023_2024.xlsx,
406,San Isidro,Heredia,2023,peconomico_categ,231,baseICC2023_2024.xlsx,
407,Belén,Heredia,2023,peconomico_categ,500,baseICC2023_2024.xlsx,
408,Flores,Heredia,2023,peconomico_categ,300,baseICC2023_2024.xlsx,
409,San Pablo,Heredia,2023,peconomico_categ,302,baseICC2023_2024.xlsx,
410,Sarapiquí,Heredia,2023,peconomico_categ,131,baseICC2023_2024.xlsx,
501,Liberia,Guanacaste,2023,peconomico_categ,272,baseICC2023_2024.xlsx,
502,Nicoya,Guanacaste,2023,peconomico_categ,222,baseICC2023_2024.xlsx,
503,Santa Cruz,Guanacaste,2023,peconomico_categ,269,baseICC2023_2024.xlsx,
504,Bagaces,Guanacaste,2023,peconomico_categ,153,baseICC2023_2024.xlsx,
505,Carrillo,Guanacaste,2023,peconomico_categ,263,baseICC2023_2024.xlsx,
506,Cañas,Guanacaste,2023,peconomico_categ,222,baseICC2023_2024.xlsx,
507,Abangares,Guanacaste,2023,peconomico_categ,280,baseICC2023_2024.xlsx,
508,Tilarán,Guanacaste,2023,peconomico_categ,162,baseICC2023_2024.xlsx,
509,Nandayure,Guanacaste,2023,peconomico_categ,214,baseICC2023_2024.xlsx,
510,La Cruz,Guanacaste,2023,peconomico_categ,194,baseICC2023_2024.xlsx,
511,Hojancha,Guanacaste,2023,peconomico_categ,179,baseICC2023_2024.xlsx,
601,Puntarenas,Puntarenas,2023,peconomico_categ,229,baseICC2023_2024.xlsx,
602,Esparza,Puntarenas,2023,peconomico_categ,246,baseICC2023_2024.xlsx,
603,Buenos Aires,Puntarenas,2023,peconomico_categ,79,baseICC2023_2024.xlsx,
604,Montes de Oro,Puntarenas,2023,peconomico_categ,201,baseICC2023_2024.xlsx,
605,Osa,Puntarenas,2023,peconomico_categ,228,baseICC2023_2024.xlsx,
606,Quepos,Puntarenas,2023,peconomico_categ,272,baseICC2023_2024.xlsx,
607,Golfito,Puntarenas,2023,peconomico_categ,130,baseICC2023_2024.xlsx,
608,Coto Brus,Puntarenas,2023,peconomico_categ,136,baseICC2023_2024.xlsx,
609,Parrita,Puntarenas,2023,peconomico_categ,234,baseICC2023_2024.xlsx,
610,Corredores,Puntarenas,2023,peconomico_categ,189,baseICC2023_2024.xlsx,
611,Garabito,Puntarenas,2023,peconomico_categ,333,baseICC2023_2024.xlsx,
701,Limón,Limón,2023,peconomico_categ,203,baseICC2023_2024.xlsx,
702,Pococí,Limón,2023,peconomico_categ,197,baseICC2023_2024.xlsx,
703,Siquirres,Limón,2023,peconomico_categ,197,baseICC2023_2024.xlsx,
704,Talamanca,Limón,2023,peconomico_categ,126,baseICC2023_2024.xlsx,
705,Matina,Limón,2023,peconomico_categ,154,baseICC2023_2024.xlsx,
706,Guácimo,Limón,2023,peconomico_categ,172,baseICC2023_2024.xlsx,
101,San José,San José,2024,peconomico_categ,Alto,baseICC2023_2024.xlsx,
102,Escazú,San José,2024,peconomico_categ,Muy alto,baseICC2023_2024.xlsx,
103,Desamparados,San José,2024,peconomico_categ,Bajo,baseICC2023_2024.xlsx,
104,Puriscal,San José,2024,peconomico_categ,Bajo,baseICC2023_2024.xlsx,
105,Tarrazú,San José,2024,peconomico_categ,Bajo,baseICC2023_2024.xlsx,
106,Aserrí,San José,2024,peconomico_categ,Muy Bajo,baseICC2023_2024.xlsx,
107,Mora,San José,2024,peconomico_categ,Medio,baseICC2023_2024.xlsx,
108,Goicoechea,San José,2024,peconomico_categ,Medio,baseICC2023_2024.xlsx,
109,Santa Ana,San José,2024,peconomico_categ,Alto,baseICC2023_2024.xlsx,
110,Alajuelita,San José,2024,peconomico_categ,Bajo,baseICC2023_2024.xlsx,
111,Vázquez de Coronado,San José,2024,peconomico_categ,Bajo,baseICC2023_2024.xlsx,
112,Acosta,San José,2024,peconomico_categ,Bajo,baseICC2023_2024.xlsx,
113,Tibás,San José,2024,peconomico_categ,Medio,baseICC2023_2024.xlsx,
114,Moravia,San José,2024,peconomico_categ,Medio,baseICC2023_2024.xlsx,
115,Montes de Oca,San José,2024,peconomico_categ,Alto,baseICC2023_2024.xlsx,
116,Turrubares,San José,2024,peconomico_categ,Muy Bajo,baseICC2023_2024.xlsx,
117,Dota,San José,2024,peconomico_categ,Medio,baseICC2023_2024.xlsx,
118,Curridabat,San José,2024,peconomico_categ,Alto,baseICC2023_2024.xlsx,
119,Pérez Zeledón,San José,2024,peconomico_categ,Bajo,baseICC2023_2024.xlsx,
120,León Cortés Castro,San José,2024,peconomico_categ,Bajo,baseICC2023_2024.xlsx,
201,Alajuela,Alajuela,2024,peconomico_categ,Alto,baseICC2023_2024.xlsx,
202,San Ramón,Alajuela,2024,peconomico_categ,Bajo,baseICC2023_2024.xlsx,
203,Grecia,Alajuela,2024,peconomico_categ,Medio,baseICC2023_2024.xlsx,
204,San Mateo,Alajuela,2024,peconomico_categ,Medio,baseICC2023_2024.xlsx,
205,Atenas,Alajuela,2024,peconomico_categ,Bajo,baseICC2023_2024.xlsx,
206,Naranjo,Alajuela,2024,peconomico_categ,Bajo,baseICC2023_2024.xlsx,
207,Palmares,Alajuela,2024,peconomico_categ,Bajo,baseICC2023_2024.xlsx,
208,Poás,Alajuela,2024,peconomico_categ,Bajo,baseICC2023_2024.xlsx,
209,Orotina,Alajuela,2024,peconomico_categ,Alto,baseICC2023_2024.xlsx,
210,San Carlos,Alajuela,2024,peconomico_categ,Medio,baseICC2023_2024.xlsx,
211,Zarcero,Alajuela,2024,peconomico_categ,Bajo,baseICC2023_2024.xlsx,
212,Sarchí,Alajuela,2024,peconomico_categ,Medio,baseICC2023_2024.xlsx,
213,Upala,Alajuela,2024,peconomico_categ,Bajo,baseICC2023_2024.xlsx,
214,Los Chiles,Alajuela,2024,peconomico_categ,Bajo,baseICC2023_2024.xlsx,
215,Guatuso,Alajuela,2024,peconomico_categ,Bajo,baseICC2023_2024.xlsx,
216,Río Cuarto,Alajuela,2024,peconomico_categ,Medio,baseICC2023_2024.xlsx,
301,Cartago,Cartago,2024,peconomico_categ,Alto,baseICC2023_2024.xlsx,
302,Paraíso,Cartago,2024,peconomico_categ,Medio,baseICC2023_2024.xlsx,
303,La Unión,Cartago,2024,peconomico_categ,Medio,baseICC2023_2024.xlsx,
304,Jiménez,Cartago,2024,peconomico_categ,Muy Bajo,baseICC2023_2024.xlsx,
305,Turrialba,Cartago,2024,peconomico_categ,Bajo,baseICC2023_2024.xlsx,
306,Alvarado,Cartago,2024,peconomico_categ,Bajo,baseICC2023_2024.xlsx,
307,Oreamuno,Cartago,2024,peconomico_categ,Bajo,baseICC2023_2024.xlsx,
308,El Guarco,Cartago,2024,peconomico_categ,Medio,baseICC2023_2024.xlsx,
401,Heredia,Heredia,2024,peconomico_categ,Alto,baseICC2023_2024.xlsx,
402,Barva,Heredia,2024,peconomico_categ,Medio,baseICC2023_2024.xlsx,
403,Santo Domingo,Heredia,2024,peconomico_categ,Alto,baseICC2023_2024.xlsx,
404,Santa Bárbara,Heredia,2024,peconomico_categ,Bajo,baseICC2023_2024.xlsx,
405,San Rafael,Heredia,2024,peconomico_categ,Bajo,baseICC2023_2024.xlsx,
406,San Isidro,Heredia,2024,peconomico_categ,Medio,baseICC2023_2024.xlsx,
407,Belén,Heredia,2024,peconomico_categ,Muy alto,baseICC2023_2024.xlsx,
408,Flores,Heredia,2024,peconomico_categ,Alto,baseICC2023_2024.xlsx,
409,San Pablo,Heredia,2024,peconomico_categ,Medio,baseICC2023_2024.xlsx,
410,Sarapiquí,Heredia,2024,peconomico_categ,Bajo,baseICC2023_2024.xlsx,
501,Liberia,Guanacaste,2024,peconomico_categ,Medio,baseICC2023_2024.xlsx,
502,Nicoya,Guanacaste,2024,peconomico_categ,Medio,baseICC2023_2024.xlsx,
503,Santa Cruz,Guanacaste,2024,peconomico_categ,Medio,baseICC2023_2024.xlsx,
504,Bagaces,Guanacaste,2024,peconomico_categ,Bajo,baseICC2023_2024.xlsx,
505,Carrillo,Guanacaste,2024,peconomico_categ,Medio,baseICC2023_2024.xlsx,
506,Cañas,Guanacaste,2024,peconomico_categ,Medio,baseICC2023_2024.xlsx,
507,Abangares,Guanacaste,2024,peconomico_categ,Medio,baseICC2023_2024.xlsx,
508,Tilarán,Guanacaste,2024,peconomico_categ,Bajo,baseICC2023_2024.xlsx,
509,Nandayure,Guanacaste,2024,peconomico_categ,Medio,baseICC2023_2024.xlsx,
510,La Cruz,Guanacaste,2024,peconomico_categ,Bajo,baseICC2023_2024.xlsx,
511,Hojancha,Guanacaste,2024,peconomico_categ,Bajo,baseICC2023_2024.xlsx,
601,Puntarenas,Puntarenas,2024,peconomico_categ,Medio,baseICC2023_2024.xlsx,
602,Esparza,Puntarenas,2024,peconomico_categ,Medio,baseICC2023_2024.xlsx,
603,Buenos Aires,Puntarenas,2024,peconomico_categ,Bajo,baseICC2023_2024.xlsx,
604,Montes de Oro,Puntarenas,2024,peconomico_categ,Bajo,baseICC2023_2024.xlsx,
605,Osa,Puntarenas,2024,peconomico_categ,Medio,baseICC2023_2024.xlsx,
606,Quepos,Puntarenas,2024,peconomico_categ,Medio,baseICC2023_2024.xlsx,
607,Golfito,Puntarenas,2024,peconomico_categ,Bajo,baseICC2023_2024.xlsx,
608,Coto Brus,Puntarenas,2024,peconomico_categ,Bajo,baseICC2023_2024.xlsx,
609,Parrita,Puntarenas,2024,peconomico_categ,Medio,baseICC2023_2024.xlsx,
610,Corredores,Puntarenas,2024,peconomico_categ,Bajo,baseICC2023_2024.xlsx,
611,Garabito,Puntarenas,2024,peconomico_categ,Alto,baseICC2023_2024.xlsx,
701,Limón,Limón,2024,peconomico_categ,Medio,baseICC2023_2024.xlsx,
702,Pococí,Limón,2024,peconomico_categ,Bajo,baseICC2023_2024.xlsx,
703,Siquirres,Limón,2024,peconomico_categ,Medio,baseICC2023_2024.xlsx,
704,Talamanca,Limón,2024,peconomico_categ,Bajo,baseICC2023_2024.xlsx,
705,Matina,Limón,2024,peconomico_categ,Bajo,baseICC2023_2024.xlsx,
706,Guácimo,Limón,2024,peconomico_categ,Bajo,baseICC2023_2024.xlsx,
101,San José,San José,2023,pgobierno,65.5801773071289,baseICC2023_2024.xlsx,
102,Escazú,San José,2023,pgobierno,77.2152481079102,baseICC2023_2024.xlsx,
103,Desamparados,San José,2023,pgobierno,38.3745765686035,baseICC2023_2024.xlsx,
104,Puriscal,San José,2023,pgobierno,41.5505294799805,baseICC2023_2024.xlsx,
105,Tarrazú,San José,2023,pgobierno,50.4586524963379,baseICC2023_2024.xlsx,
106,Aserrí,San José,2023,pgobierno,33.5093498229981,baseICC2023_2024.xlsx,
107,Mora,San José,2023,pgobierno,48.3654899597168,baseICC2023_2024.xlsx,
108,Goicoechea,San José,2023,pgobierno,44.4274253845215,baseICC2023_2024.xlsx,
109,Santa Ana,San José,2023,pgobierno,61.6775894165039,baseICC2023_2024.xlsx,
110,Alajuelita,San José,2023,pgobierno,29.3867511749268,baseICC2023_2024.xlsx,
111,Vázquez de Coronado,San José,2023,pgobierno,39.1098213195801,baseICC2023_2024.xlsx,
112,Acosta,San José,2023,pgobierno,45.8693656921387,baseICC2023_2024.xlsx,
113,Tibás,San José,2023,pgobierno,50.0699920654297,baseICC2023_2024.xlsx,
114,Moravia,San José,2023,pgobierno,43.157112121582,baseICC2023_2024.xlsx,
115,Montes de Oca,San José,2023,pgobierno,39.8668251037598,baseICC2023_2024.xlsx,
116,Turrubares,San José,2023,pgobierno,61.5214195251465,baseICC2023_2024.xlsx,
117,Dota,San José,2023,pgobierno,57.6138534545898,baseICC2023_2024.xlsx,
118,Curridabat,San José,2023,pgobierno,58.9948654174805,baseICC2023_2024.xlsx,
119,Pérez Zeledón,San José,2023,pgobierno,39.6321601867676,baseICC2023_2024.xlsx,
120,León Cortés Castro,San José,2023,pgobierno,46.0619010925293,baseICC2023_2024.xlsx,
201,Alajuela,Alajuela,2023,pgobierno,58.0855865478516,baseICC2023_2024.xlsx,
202,San Ramón,Alajuela,2023,pgobierno,41.5388984680176,baseICC2023_2024.xlsx,
203,Grecia,Alajuela,2023,pgobierno,45.2035140991211,baseICC2023_2024.xlsx,
204,San Mateo,Alajuela,2023,pgobierno,59.4963531494141,baseICC2023_2024.xlsx,
205,Atenas,Alajuela,2023,pgobierno,46.5288200378418,baseICC2023_2024.xlsx,
206,Naranjo,Alajuela,2023,pgobierno,41.2729530334473,baseICC2023_2024.xlsx,
207,Palmares,Alajuela,2023,pgobierno,38.9366340637207,baseICC2023_2024.xlsx,
208,Poás,Alajuela,2023,pgobierno,44.8132667541504,baseICC2023_2024.xlsx,
209,Orotina,Alajuela,2023,pgobierno,52.3713798522949,baseICC2023_2024.xlsx,
210,San Carlos,Alajuela,2023,pgobierno,39.2449836730957,baseICC2023_2024.xlsx,
211,Zarcero,Alajuela,2023,pgobierno,56.2905235290527,baseICC2023_2024.xlsx,
212,Sarchí,Alajuela,2023,pgobierno,44.5435638427734,baseICC2023_2024.xlsx,
213,Upala,Alajuela,2023,pgobierno,31.5689258575439,baseICC2023_2024.xlsx,
214,Los Chiles,Alajuela,2023,pgobierno,28.5414943695068,baseICC2023_2024.xlsx,
215,Guatuso,Alajuela,2023,pgobierno,41.4514579772949,baseICC2023_2024.xlsx,
301,Cartago,Cartago,2023,pgobierno,52.5797500610352,baseICC2023_2024.xlsx,
302,Paraíso,Cartago,2023,pgobierno,44.0242500305176,baseICC2023_2024.xlsx,
303,La Unión,Cartago,2023,pgobierno,41.2653770446777,baseICC2023_2024.xlsx,
304,Jiménez,Cartago,2023,pgobierno,47.5402717590332,baseICC2023_2024.xlsx,
305,Turrialba,Cartago,2023,pgobierno,38.0070381164551,baseICC2023_2024.xlsx,
306,Alvarado,Cartago,2023,pgobierno,40.1981887817383,baseICC2023_2024.xlsx,
307,Oreamuno,Cartago,2023,pgobierno,38.9683456420898,baseICC2023_2024.xlsx,
308,El Guarco,Cartago,2023,pgobierno,41.8364791870117,baseICC2023_2024.xlsx,
401,Heredia,Heredia,2023,pgobierno,44.3373947143555,baseICC2023_2024.xlsx,
402,Barva,Heredia,2023,pgobierno,43.1925354003906,baseICC2023_2024.xlsx,
403,Santo Domingo,Heredia,2023,pgobierno,43.1780815124512,baseICC2023_2024.xlsx,
404,Santa Bárbara,Heredia,2023,pgobierno,39.9241218566895,baseICC2023_2024.xlsx,
405,San Rafael,Heredia,2023,pgobierno,43.3102264404297,baseICC2023_2024.xlsx,
406,San Isidro,Heredia,2023,pgobierno,46.7649879455566,baseICC2023_2024.xlsx,
407,Belén,Heredia,2023,pgobierno,68.0160980224609,baseICC2023_2024.xlsx,
408,Flores,Heredia,2023,pgobierno,49.2187232971191,baseICC2023_2024.xlsx,
409,San Pablo,Heredia,2023,pgobierno,52.221321105957,baseICC2023_2024.xlsx,
410,Sarapiquí,Heredia,2023,pgobierno,23.3113574981689,baseICC2023_2024.xlsx,
501,Liberia,Guanacaste,2023,pgobierno,37.6040840148926,baseICC2023_2024.xlsx,
502,Nicoya,Guanacaste,2023,pgobierno,43.8706321716309,baseICC2023_2024.xlsx,
503,Santa Cruz,Guanacaste,2023,pgobierno,51.37109375,baseICC2023_2024.xlsx,
504,Bagaces,Guanacaste,2023,pgobierno,41.8437652587891,baseICC2023_2024.xlsx,
505,Carrillo,Guanacaste,2023,pgobierno,44.8062896728516,baseICC2023_2024.xlsx,
506,Cañas,Guanacaste,2023,pgobierno,42.8040771484375,baseICC2023_2024.xlsx,
507,Abangares,Guanacaste,2023,pgobierno,47.4028015136719,baseICC2023_2024.xlsx,
508,Tilarán,Guanacaste,2023,pgobierno,54.6892967224121,baseICC2023_2024.xlsx,
509,Nandayure,Guanacaste,2023,pgobierno,48.1177520751953,baseICC2023_2024.xlsx,
510,La Cruz,Guanacaste,2023,pgobierno,41.7690124511719,baseICC2023_2024.xlsx,
511,Hojancha,Guanacaste,2023,pgobierno,55.4130172729492,baseICC2023_2024.xlsx,
601,Puntarenas,Puntarenas,2023,pgobierno,40.2923812866211,baseICC2023_2024.xlsx,
602,Esparza,Puntarenas,2023,pgobierno,50.4829978942871,baseICC2023_2024.xlsx,
603,Buenos Aires,Puntarenas,2023,pgobierno,34.1045646667481,baseICC2023_2024.xlsx,
604,Montes de Oro,Puntarenas,2023,pgobierno,49.1216125488281,baseICC2023_2024.xlsx,
605,Osa,Puntarenas,2023,pgobierno,53.2396621704102,baseICC2023_2024.xlsx,
606,Quepos,Puntarenas,2023,pgobierno,52.3845596313477,baseICC2023_2024.xlsx,
607,Golfito,Puntarenas,2023,pgobierno,30.8161563873291,baseICC2023_2024.xlsx,
608,Coto Brus,Puntarenas,2023,pgobierno,36.594352722168,baseICC2023_2024.xlsx,
609,Parrita,Puntarenas,2023,pgobierno,45.0253219604492,baseICC2023_2024.xlsx,
610,Corredores,Puntarenas,2023,pgobierno,26.9780158996582,baseICC2023_2024.xlsx,
611,Garabito,Puntarenas,2023,pgobierno,63.6386833190918,baseICC2023_2024.xlsx,
701,Limón,Limón,2023,pgobierno,36.8790969848633,baseICC2023_2024.xlsx,
702,Pococí,Limón,2023,pgobierno,29.9273490905762,baseICC2023_2024.xlsx,
703,Siquirres,Limón,2023,pgobierno,29.6020126342773,baseICC2023_2024.xlsx,
704,Talamanca,Limón,2023,pgobierno,42.0021286010742,baseICC2023_2024.xlsx,
705,Matina,Limón,2023,pgobierno,47.2874259948731,baseICC2023_2024.xlsx,
706,Guácimo,Limón,2023,pgobierno,38.3662986755371,baseICC2023_2024.xlsx,
101,San José,San José,2024,pgobierno,62.7404441833496,baseICC2023_2024.xlsx,
102,Escazú,San José,2024,pgobierno,75.2723922729492,baseICC2023_2024.xlsx,
103,Desamparados,San José,2024,pgobierno,29.9387969970703,baseICC2023_2024.xlsx,
104,Puriscal,San José,2024,pgobierno,41.9205513000488,baseICC2023_2024.xlsx,
105,Tarrazú,San José,2024,pgobierno,43.9865684509277,baseICC2023_2024.xlsx,
106,Aserrí,San José,2024,pgobierno,28.4631938934326,baseICC2023_2024.xlsx,
107,Mora,San José,2024,pgobierno,46.092658996582,baseICC2023_2024.xlsx,
108,Goicoechea,San José,2024,pgobierno,41.739933013916,baseICC2023_2024.xlsx,
109,Santa Ana,San José,2024,pgobierno,56.7758140563965,baseICC2023_2024.xlsx,
110,Alajuelita,San José,2024,pgobierno,24.0748481750488,baseICC2023_2024.xlsx,
111,Vázquez de Coronado,San José,2024,pgobierno,38.0925369262695,baseICC2023_2024.xlsx,
112,Acosta,San José,2024,pgobierno,39.7263374328613,baseICC2023_2024.xlsx,
113,Tibás,San José,2024,pgobierno,43.2316780090332,baseICC2023_2024.xlsx,
114,Moravia,San José,2024,pgobierno,44.6375007629395,baseICC2023_2024.xlsx,
115,Montes de Oca,San José,2024,pgobierno,41.4951553344727,baseICC2023_2024.xlsx,
116,Turrubares,San José,2024,pgobierno,56.1760520935059,baseICC2023_2024.xlsx,
117,Dota,San José,2024,pgobierno,53.4667053222656,baseICC2023_2024.xlsx,
118,Curridabat,San José,2024,pgobierno,58.7737197875977,baseICC2023_2024.xlsx,
119,Pérez Zeledón,San José,2024,pgobierno,34.3094215393066,baseICC2023_2024.xlsx,
120,León Cortés Castro,San José,2024,pgobierno,50.2789878845215,baseICC2023_2024.xlsx,
201,Alajuela,Alajuela,2024,pgobierno,62.1443252563477,baseICC2023_2024.xlsx,
202,San Ramón,Alajuela,2024,pgobierno,37.3118705749512,baseICC2023_2024.xlsx,
203,Grecia,Alajuela,2024,pgobierno,43.0611228942871,baseICC2023_2024.xlsx,
204,San Mateo,Alajuela,2024,pgobierno,57.0005035400391,baseICC2023_2024.xlsx,
205,Atenas,Alajuela,2024,pgobierno,46.4777297973633,baseICC2023_2024.xlsx,
206,Naranjo,Alajuela,2024,pgobierno,44.4853019714356,baseICC2023_2024.xlsx,
207,Palmares,Alajuela,2024,pgobierno,39.9338226318359,baseICC2023_2024.xlsx,
208,Poás,Alajuela,2024,pgobierno,42.0578994750977,baseICC2023_2024.xlsx,
209,Orotina,Alajuela,2024,pgobierno,49.5650787353516,baseICC2023_2024.xlsx,
210,San Carlos,Alajuela,2024,pgobierno,40.6245651245117,baseICC2023_2024.xlsx,
211,Zarcero,Alajuela,2024,pgobierno,50.8875007629395,baseICC2023_2024.xlsx,
212,Sarchí,Alajuela,2024,pgobierno,50.8842964172363,baseICC2023_2024.xlsx,
213,Upala,Alajuela,2024,pgobierno,24.7111301422119,baseICC2023_2024.xlsx,
214,Los Chiles,Alajuela,2024,pgobierno,29.8115043640137,baseICC2023_2024.xlsx,
215,Guatuso,Alajuela,2024,pgobierno,44.1120300292969,baseICC2023_2024.xlsx,
216,Río Cuarto,Alajuela,2024,pgobierno,44.777027130127,baseICC2023_2024.xlsx,
301,Cartago,Cartago,2024,pgobierno,48.4743003845215,baseICC2023_2024.xlsx,
302,Paraíso,Cartago,2024,pgobierno,41.2262687683106,baseICC2023_2024.xlsx,
303,La Unión,Cartago,2024,pgobierno,47.4261932373047,baseICC2023_2024.xlsx,
304,Jiménez,Cartago,2024,pgobierno,48.2109146118164,baseICC2023_2024.xlsx,
305,Turrialba,Cartago,2024,pgobierno,40.0769958496094,baseICC2023_2024.xlsx,
306,Alvarado,Cartago,2024,pgobierno,44.9540824890137,baseICC2023_2024.xlsx,
307,Oreamuno,Cartago,2024,pgobierno,39.9299354553223,baseICC2023_2024.xlsx,
308,El Guarco,Cartago,2024,pgobierno,37.9678688049316,baseICC2023_2024.xlsx,
401,Heredia,Heredia,2024,pgobierno,49.9690895080566,baseICC2023_2024.xlsx,
402,Barva,Heredia,2024,pgobierno,43.7698669433594,baseICC2023_2024.xlsx,
403,Santo Domingo,Heredia,2024,pgobierno,48.5773506164551,baseICC2023_2024.xlsx,
404,Santa Bárbara,Heredia,2024,pgobierno,47.8962745666504,baseICC2023_2024.xlsx,
405,San Rafael,Heredia,2024,pgobierno,43.232723236084,baseICC2023_2024.xlsx,
406,San Isidro,Heredia,2024,pgobierno,49.1961936950684,baseICC2023_2024.xlsx,
407,Belén,Heredia,2024,pgobierno,69.6760101318359,baseICC2023_2024.xlsx,
408,Flores,Heredia,2024,pgobierno,52.1104927062988,baseICC2023_2024.xlsx,
409,San Pablo,Heredia,2024,pgobierno,53.446174621582,baseICC2023_2024.xlsx,
410,Sarapiquí,Heredia,2024,pgobierno,28.553150177002,baseICC2023_2024.xlsx,
501,Liberia,Guanacaste,2024,pgobierno,35.8137664794922,baseICC2023_2024.xlsx,
502,Nicoya,Guanacaste,2024,pgobierno,38.4294090270996,baseICC2023_2024.xlsx,
503,Santa Cruz,Guanacaste,2024,pgobierno,45.1854553222656,baseICC2023_2024.xlsx,
504,Bagaces,Guanacaste,2024,pgobierno,40.0733299255371,baseICC2023_2024.xlsx,
505,Carrillo,Guanacaste,2024,pgobierno,43.4139633178711,baseICC2023_2024.xlsx,
506,Cañas,Guanacaste,2024,pgobierno,40.1028213500977,baseICC2023_2024.xlsx,
507,Abangares,Guanacaste,2024,pgobierno,48.6973609924316,baseICC2023_2024.xlsx,
508,Tilarán,Guanacaste,2024,pgobierno,46.8388252258301,baseICC2023_2024.xlsx,
509,Nandayure,Guanacaste,2024,pgobierno,63.5642471313477,baseICC2023_2024.xlsx,
510,La Cruz,Guanacaste,2024,pgobierno,38.9720115661621,baseICC2023_2024.xlsx,
511,Hojancha,Guanacaste,2024,pgobierno,56.7751426696777,baseICC2023_2024.xlsx,
601,Puntarenas,Puntarenas,2024,pgobierno,35.5564689636231,baseICC2023_2024.xlsx,
602,Esparza,Puntarenas,2024,pgobierno,49.512882232666,baseICC2023_2024.xlsx,
603,Buenos Aires,Puntarenas,2024,pgobierno,31.7948913574219,baseICC2023_2024.xlsx,
604,Montes de Oro,Puntarenas,2024,pgobierno,48.6265525817871,baseICC2023_2024.xlsx,
605,Osa,Puntarenas,2024,pgobierno,50.2726974487305,baseICC2023_2024.xlsx,
606,Quepos,Puntarenas,2024,pgobierno,47.3491134643555,baseICC2023_2024.xlsx,
607,Golfito,Puntarenas,2024,pgobierno,31.1286773681641,baseICC2023_2024.xlsx,
608,Coto Brus,Puntarenas,2024,pgobierno,33.719669342041,baseICC2023_2024.xlsx,
609,Parrita,Puntarenas,2024,pgobierno,41.3822135925293,baseICC2023_2024.xlsx,
610,Corredores,Puntarenas,2024,pgobierno,28.7666187286377,baseICC2023_2024.xlsx,
611,Garabito,Puntarenas,2024,pgobierno,45.1880302429199,baseICC2023_2024.xlsx,
701,Limón,Limón,2024,pgobierno,37.364315032959,baseICC2023_2024.xlsx,
702,Pococí,Limón,2024,pgobierno,34.2172660827637,baseICC2023_2024.xlsx,
703,Siquirres,Limón,2024,pgobierno,27.9975166320801,baseICC2023_2024.xlsx,
704,Talamanca,Limón,2024,pgobierno,35.0207366943359,baseICC2023_2024.xlsx,
705,Matina,Limón,2024,pgobierno,36.7426147460938,baseICC2023_2024.xlsx,
706,Guácimo,Limón,2024,pgobierno,34.0355110168457,baseICC2023_2024.xlsx,
101,San José,San José,2023,pgobierno_rank,3,baseICC2023_2024.xlsx,
102,Escazú,San José,2023,pgobierno_rank,1,baseICC2023_2024.xlsx,
103,Desamparados,San José,2023,pgobierno_rank,66,baseICC2023_2024.xlsx,
104,Puriscal,San José,2023,pgobierno_rank,52,baseICC2023_2024.xlsx,
105,Tarrazú,San José,2023,pgobierno_rank,21,baseICC2023_2024.xlsx,
106,Aserrí,San José,2023,pgobierno_rank,73,baseICC2023_2024.xlsx,
107,Mora,San José,2023,pgobierno_rank,25,baseICC2023_2024.xlsx,
108,Goicoechea,San José,2023,pgobierno_rank,39,baseICC2023_2024.xlsx,
109,Santa Ana,San José,2023,pgobierno_rank,5,baseICC2023_2024.xlsx,
110,Alajuelita,San José,2023,pgobierno_rank,78,baseICC2023_2024.xlsx,
111,Vázquez de Coronado,San José,2023,pgobierno_rank,63,baseICC2023_2024.xlsx,
112,Acosta,San José,2023,pgobierno_rank,33,baseICC2023_2024.xlsx,
113,Tibás,San José,2023,pgobierno_rank,22,baseICC2023_2024.xlsx,
114,Moravia,San José,2023,pgobierno_rank,46,baseICC2023_2024.xlsx,
115,Montes de Oca,San José,2023,pgobierno_rank,60,baseICC2023_2024.xlsx,
116,Turrubares,San José,2023,pgobierno_rank,6,baseICC2023_2024.xlsx,
117,Dota,San José,2023,pgobierno_rank,10,baseICC2023_2024.xlsx,
118,Curridabat,San José,2023,pgobierno_rank,8,baseICC2023_2024.xlsx,
119,Pérez Zeledón,San José,2023,pgobierno_rank,61,baseICC2023_2024.xlsx,
120,León Cortés Castro,San José,2023,pgobierno_rank,32,baseICC2023_2024.xlsx,
201,Alajuela,Alajuela,2023,pgobierno_rank,9,baseICC2023_2024.xlsx,
202,San Ramón,Alajuela,2023,pgobierno_rank,53,baseICC2023_2024.xlsx,
203,Grecia,Alajuela,2023,pgobierno_rank,34,baseICC2023_2024.xlsx,
204,San Mateo,Alajuela,2023,pgobierno_rank,7,baseICC2023_2024.xlsx,
205,Atenas,Alajuela,2023,pgobierno_rank,31,baseICC2023_2024.xlsx,
206,Naranjo,Alajuela,2023,pgobierno_rank,55,baseICC2023_2024.xlsx,
207,Palmares,Alajuela,2023,pgobierno_rank,65,baseICC2023_2024.xlsx,
208,Poás,Alajuela,2023,pgobierno_rank,36,baseICC2023_2024.xlsx,
209,Orotina,Alajuela,2023,pgobierno_rank,17,baseICC2023_2024.xlsx,
210,San Carlos,Alajuela,2023,pgobierno_rank,62,baseICC2023_2024.xlsx,
211,Zarcero,Alajuela,2023,pgobierno_rank,11,baseICC2023_2024.xlsx,
212,Sarchí,Alajuela,2023,pgobierno_rank,38,baseICC2023_2024.xlsx,
213,Upala,Alajuela,2023,pgobierno_rank,74,baseICC2023_2024.xlsx,
214,Los Chiles,Alajuela,2023,pgobierno_rank,79,baseICC2023_2024.xlsx,
215,Guatuso,Alajuela,2023,pgobierno_rank,54,baseICC2023_2024.xlsx,
301,Cartago,Cartago,2023,pgobierno_rank,15,baseICC2023_2024.xlsx,
302,Paraíso,Cartago,2023,pgobierno_rank,41,baseICC2023_2024.xlsx,
303,La Unión,Cartago,2023,pgobierno_rank,56,baseICC2023_2024.xlsx,
304,Jiménez,Cartago,2023,pgobierno_rank,27,baseICC2023_2024.xlsx,
305,Turrialba,Cartago,2023,pgobierno_rank,68,baseICC2023_2024.xlsx,
306,Alvarado,Cartago,2023,pgobierno_rank,58,baseICC2023_2024.xlsx,
307,Oreamuno,Cartago,2023,pgobierno_rank,64,baseICC2023_2024.xlsx,
308,El Guarco,Cartago,2023,pgobierno_rank,50,baseICC2023_2024.xlsx,
401,Heredia,Heredia,2023,pgobierno_rank,40,baseICC2023_2024.xlsx,
402,Barva,Heredia,2023,pgobierno_rank,44,baseICC2023_2024.xlsx,
403,Santo Domingo,Heredia,2023,pgobierno_rank,45,baseICC2023_2024.xlsx,
404,Santa Bárbara,Heredia,2023,pgobierno_rank,59,baseICC2023_2024.xlsx,
405,San Rafael,Heredia,2023,pgobierno_rank,43,baseICC2023_2024.xlsx,
406,San Isidro,Heredia,2023,pgobierno_rank,30,baseICC2023_2024.xlsx,
407,Belén,Heredia,2023,pgobierno_rank,2,baseICC2023_2024.xlsx,
408,Flores,Heredia,2023,pgobierno_rank,23,baseICC2023_2024.xlsx,
409,San Pablo,Heredia,2023,pgobierno_rank,18,baseICC2023_2024.xlsx,
410,Sarapiquí,Heredia,2023,pgobierno_rank,81,baseICC2023_2024.xlsx,
501,Liberia,Guanacaste,2023,pgobierno_rank,69,baseICC2023_2024.xlsx,
502,Nicoya,Guanacaste,2023,pgobierno_rank,42,baseICC2023_2024.xlsx,
503,Santa Cruz,Guanacaste,2023,pgobierno_rank,19,baseICC2023_2024.xlsx,
504,Bagaces,Guanacaste,2023,pgobierno_rank,49,baseICC2023_2024.xlsx,
505,Carrillo,Guanacaste,2023,pgobierno_rank,37,baseICC2023_2024.xlsx,
506,Cañas,Guanacaste,2023,pgobierno_rank,47,baseICC2023_2024.xlsx,
507,Abangares,Guanacaste,2023,pgobierno_rank,28,baseICC2023_2024.xlsx,
508,Tilarán,Guanacaste,2023,pgobierno_rank,13,baseICC2023_2024.xlsx,
509,Nandayure,Guanacaste,2023,pgobierno_rank,26,baseICC2023_2024.xlsx,
510,La Cruz,Guanacaste,2023,pgobierno_rank,51,baseICC2023_2024.xlsx,
511,Hojancha,Guanacaste,2023,pgobierno_rank,12,baseICC2023_2024.xlsx,
601,Puntarenas,Puntarenas,2023,pgobierno_rank,57,baseICC2023_2024.xlsx,
602,Esparza,Puntarenas,2023,pgobierno_rank,20,baseICC2023_2024.xlsx,
603,Buenos Aires,Puntarenas,2023,pgobierno_rank,72,baseICC2023_2024.xlsx,
604,Montes de Oro,Puntarenas,2023,pgobierno_rank,24,baseICC2023_2024.xlsx,
605,Osa,Puntarenas,2023,pgobierno_rank,14,baseICC2023_2024.xlsx,
606,Quepos,Puntarenas,2023,pgobierno_rank,16,baseICC2023_2024.xlsx,
607,Golfito,Puntarenas,2023,pgobierno_rank,75,baseICC2023_2024.xlsx,
608,Coto Brus,Puntarenas,2023,pgobierno_rank,71,baseICC2023_2024.xlsx,
609,Parrita,Puntarenas,2023,pgobierno_rank,35,baseICC2023_2024.xlsx,
610,Corredores,Puntarenas,2023,pgobierno_rank,80,baseICC2023_2024.xlsx,
611,Garabito,Puntarenas,2023,pgobierno_rank,4,baseICC2023_2024.xlsx,
701,Limón,Limón,2023,pgobierno_rank,70,baseICC2023_2024.xlsx,
702,Pococí,Limón,2023,pgobierno_rank,76,baseICC2023_2024.xlsx,
703,Siquirres,Limón,2023,pgobierno_rank,77,baseICC2023_2024.xlsx,
704,Talamanca,Limón,2023,pgobierno_rank,48,baseICC2023_2024.xlsx,
705,Matina,Limón,2023,pgobierno_rank,29,baseICC2023_2024.xlsx,
706,Guácimo,Limón,2023,pgobierno_rank,67,baseICC2023_2024.xlsx,
101,San José,San José,2024,pgobierno_rank,4,baseICC2023_2024.xlsx,
102,Escazú,San José,2024,pgobierno_rank,1,baseICC2023_2024.xlsx,
103,Desamparados,San José,2024,pgobierno_rank,75,baseICC2023_2024.xlsx,
104,Puriscal,San José,2024,pgobierno_rank,47,baseICC2023_2024.xlsx,
105,Tarrazú,San José,2024,pgobierno_rank,40,baseICC2023_2024.xlsx,
106,Aserrí,San José,2024,pgobierno_rank,79,baseICC2023_2024.xlsx,
107,Mora,San José,2024,pgobierno_rank,32,baseICC2023_2024.xlsx,
108,Goicoechea,San José,2024,pgobierno_rank,48,baseICC2023_2024.xlsx,
109,Santa Ana,San José,2024,pgobierno_rank,8,baseICC2023_2024.xlsx,
110,Alajuelita,San José,2024,pgobierno_rank,82,baseICC2023_2024.xlsx,
111,Vázquez de Coronado,San José,2024,pgobierno_rank,61,baseICC2023_2024.xlsx,
112,Acosta,San José,2024,pgobierno_rank,58,baseICC2023_2024.xlsx,
113,Tibás,San José,2024,pgobierno_rank,44,baseICC2023_2024.xlsx,
114,Moravia,San José,2024,pgobierno_rank,37,baseICC2023_2024.xlsx,
115,Montes de Oca,San José,2024,pgobierno_rank,49,baseICC2023_2024.xlsx,
116,Turrubares,San José,2024,pgobierno_rank,10,baseICC2023_2024.xlsx,
117,Dota,San José,2024,pgobierno_rank,11,baseICC2023_2024.xlsx,
118,Curridabat,San José,2024,pgobierno_rank,6,baseICC2023_2024.xlsx,
119,Pérez Zeledón,San José,2024,pgobierno_rank,69,baseICC2023_2024.xlsx,
120,León Cortés Castro,San José,2024,pgobierno_rank,16,baseICC2023_2024.xlsx,
201,Alajuela,Alajuela,2024,pgobierno_rank,5,baseICC2023_2024.xlsx,
202,San Ramón,Alajuela,2024,pgobierno_rank,64,baseICC2023_2024.xlsx,
203,Grecia,Alajuela,2024,pgobierno_rank,45,baseICC2023_2024.xlsx,
204,San Mateo,Alajuela,2024,pgobierno_rank,7,baseICC2023_2024.xlsx,
205,Atenas,Alajuela,2024,pgobierno_rank,31,baseICC2023_2024.xlsx,
206,Naranjo,Alajuela,2024,pgobierno_rank,38,baseICC2023_2024.xlsx,
207,Palmares,Alajuela,2024,pgobierno_rank,56,baseICC2023_2024.xlsx,
208,Poás,Alajuela,2024,pgobierno_rank,46,baseICC2023_2024.xlsx,
209,Orotina,Alajuela,2024,pgobierno_rank,19,baseICC2023_2024.xlsx,
210,San Carlos,Alajuela,2024,pgobierno_rank,52,baseICC2023_2024.xlsx,
211,Zarcero,Alajuela,2024,pgobierno_rank,14,baseICC2023_2024.xlsx,
212,Sarchí,Alajuela,2024,pgobierno_rank,15,baseICC2023_2024.xlsx,
213,Upala,Alajuela,2024,pgobierno_rank,81,baseICC2023_2024.xlsx,
214,Los Chiles,Alajuela,2024,pgobierno_rank,76,baseICC2023_2024.xlsx,
215,Guatuso,Alajuela,2024,pgobierno_rank,39,baseICC2023_2024.xlsx,
216,Río Cuarto,Alajuela,2024,pgobierno_rank,36,baseICC2023_2024.xlsx,
301,Cartago,Cartago,2024,pgobierno_rank,25,baseICC2023_2024.xlsx,
302,Paraíso,Cartago,2024,pgobierno_rank,51,baseICC2023_2024.xlsx,
303,La Unión,Cartago,2024,pgobierno_rank,28,baseICC2023_2024.xlsx,
304,Jiménez,Cartago,2024,pgobierno_rank,26,baseICC2023_2024.xlsx,
305,Turrialba,Cartago,2024,pgobierno_rank,54,baseICC2023_2024.xlsx,
306,Alvarado,Cartago,2024,pgobierno_rank,35,baseICC2023_2024.xlsx,
307,Oreamuno,Cartago,2024,pgobierno_rank,57,baseICC2023_2024.xlsx,
308,El Guarco,Cartago,2024,pgobierno_rank,62,baseICC2023_2024.xlsx,
401,Heredia,Heredia,2024,pgobierno_rank,18,baseICC2023_2024.xlsx,
402,Barva,Heredia,2024,pgobierno_rank,41,baseICC2023_2024.xlsx,
403,Santo Domingo,Heredia,2024,pgobierno_rank,24,baseICC2023_2024.xlsx,
404,Santa Bárbara,Heredia,2024,pgobierno_rank,27,baseICC2023_2024.xlsx,
405,San Rafael,Heredia,2024,pgobierno_rank,43,baseICC2023_2024.xlsx,
406,San Isidro,Heredia,2024,pgobierno_rank,21,baseICC2023_2024.xlsx,
407,Belén,Heredia,2024,pgobierno_rank,2,baseICC2023_2024.xlsx,
408,Flores,Heredia,2024,pgobierno_rank,13,baseICC2023_2024.xlsx,
409,San Pablo,Heredia,2024,pgobierno_rank,12,baseICC2023_2024.xlsx,
410,Sarapiquí,Heredia,2024,pgobierno_rank,78,baseICC2023_2024.xlsx,
501,Liberia,Guanacaste,2024,pgobierno_rank,66,baseICC2023_2024.xlsx,
502,Nicoya,Guanacaste,2024,pgobierno_rank,60,baseICC2023_2024.xlsx,
503,Santa Cruz,Guanacaste,2024,pgobierno_rank,34,baseICC2023_2024.xlsx,
504,Bagaces,Guanacaste,2024,pgobierno_rank,55,baseICC2023_2024.xlsx,
505,Carrillo,Guanacaste,2024,pgobierno_rank,42,baseICC2023_2024.xlsx,
506,Cañas,Guanacaste,2024,pgobierno_rank,53,baseICC2023_2024.xlsx,
507,Abangares,Guanacaste,2024,pgobierno_rank,22,baseICC2023_2024.xlsx,
508,Tilarán,Guanacaste,2024,pgobierno_rank,30,baseICC2023_2024.xlsx,
509,Nandayure,Guanacaste,2024,pgobierno_rank,3,baseICC2023_2024.xlsx,
510,La Cruz,Guanacaste,2024,pgobierno_rank,59,baseICC2023_2024.xlsx,
511,Hojancha,Guanacaste,2024,pgobierno_rank,9,baseICC2023_2024.xlsx,
601,Puntarenas,Puntarenas,2024,pgobierno_rank,67,baseICC2023_2024.xlsx,
602,Esparza,Puntarenas,2024,pgobierno_rank,20,baseICC2023_2024.xlsx,
603,Buenos Aires,Puntarenas,2024,pgobierno_rank,73,baseICC2023_2024.xlsx,
604,Montes de Oro,Puntarenas,2024,pgobierno_rank,23,baseICC2023_2024.xlsx,
605,Osa,Puntarenas,2024,pgobierno_rank,17,baseICC2023_2024.xlsx,
606,Quepos,Puntarenas,2024,pgobierno_rank,29,baseICC2023_2024.xlsx,
607,Golfito,Puntarenas,2024,pgobierno_rank,74,baseICC2023_2024.xlsx,
608,Coto Brus,Puntarenas,2024,pgobierno_rank,72,baseICC2023_2024.xlsx,
609,Parrita,Puntarenas,2024,pgobierno_rank,50,baseICC2023_2024.xlsx,
610,Corredores,Puntarenas,2024,pgobierno_rank,77,baseICC2023_2024.xlsx,
611,Garabito,Puntarenas,2024,pgobierno_rank,33,baseICC2023_2024.xlsx,
701,Limón,Limón,2024,pgobierno_rank,63,baseICC2023_2024.xlsx,
702,Pococí,Limón,2024,pgobierno_rank,70,baseICC2023_2024.xlsx,
703,Siquirres,Limón,2024,pgobierno_rank,80,baseICC2023_2024.xlsx,
704,Talamanca,Limón,2024,pgobierno_rank,68,baseICC2023_2024.xlsx,
705,Matina,Limón,2024,pgobierno_rank,65,baseICC2023_2024.xlsx,
706,Guácimo,Limón,2024,pgobierno_rank,71,baseICC2023_2024.xlsx,
101,San José,San José,2023,pgobierno_categ,328,baseICC2023_2024.xlsx,
102,Escazú,San José,2023,pgobierno_categ,387,baseICC2023_2024.xlsx,
103,Desamparados,San José,2023,pgobierno_categ,192,baseICC2023_2024.xlsx,
104,Puriscal,San José,2023,pgobierno_categ,208,baseICC2023_2024.xlsx,
105,Tarrazú,San José,2023,pgobierno_categ,253,baseICC2023_2024.xlsx,
106,Aserrí,San José,2023,pgobierno_categ,168,baseICC2023_2024.xlsx,
107,Mora,San José,2023,pgobierno_categ,242,baseICC2023_2024.xlsx,
108,Goicoechea,San José,2023,pgobierno_categ,223,baseICC2023_2024.xlsx,
109,Santa Ana,San José,2023,pgobierno_categ,309,baseICC2023_2024.xlsx,
110,Alajuelita,San José,2023,pgobierno_categ,147,baseICC2023_2024.xlsx,
111,Vázquez de Coronado,San José,2023,pgobierno_categ,196,baseICC2023_2024.xlsx,
112,Acosta,San José,2023,pgobierno_categ,230,baseICC2023_2024.xlsx,
113,Tibás,San José,2023,pgobierno_categ,251,baseICC2023_2024.xlsx,
114,Moravia,San José,2023,pgobierno_categ,216,baseICC2023_2024.xlsx,
115,Montes de Oca,San José,2023,pgobierno_categ,200,baseICC2023_2024.xlsx,
116,Turrubares,San José,2023,pgobierno_categ,308,baseICC2023_2024.xlsx,
117,Dota,San José,2023,pgobierno_categ,289,baseICC2023_2024.xlsx,
118,Curridabat,San José,2023,pgobierno_categ,295,baseICC2023_2024.xlsx,
119,Pérez Zeledón,San José,2023,pgobierno_categ,199,baseICC2023_2024.xlsx,
120,León Cortés Castro,San José,2023,pgobierno_categ,231,baseICC2023_2024.xlsx,
201,Alajuela,Alajuela,2023,pgobierno_categ,291,baseICC2023_2024.xlsx,
202,San Ramón,Alajuela,2023,pgobierno_categ,208,baseICC2023_2024.xlsx,
203,Grecia,Alajuela,2023,pgobierno_categ,227,baseICC2023_2024.xlsx,
204,San Mateo,Alajuela,2023,pgobierno_categ,298,baseICC2023_2024.xlsx,
205,Atenas,Alajuela,2023,pgobierno_categ,233,baseICC2023_2024.xlsx,
206,Naranjo,Alajuela,2023,pgobierno_categ,207,baseICC2023_2024.xlsx,
207,Palmares,Alajuela,2023,pgobierno_categ,195,baseICC2023_2024.xlsx,
208,Poás,Alajuela,2023,pgobierno_categ,225,baseICC2023_2024.xlsx,
209,Orotina,Alajuela,2023,pgobierno_categ,262,baseICC2023_2024.xlsx,
210,San Carlos,Alajuela,2023,pgobierno_categ,197,baseICC2023_2024.xlsx,
211,Zarcero,Alajuela,2023,pgobierno_categ,282,baseICC2023_2024.xlsx,
212,Sarchí,Alajuela,2023,pgobierno_categ,223,baseICC2023_2024.xlsx,
213,Upala,Alajuela,2023,pgobierno_categ,158,baseICC2023_2024.xlsx,
214,Los Chiles,Alajuela,2023,pgobierno_categ,143,baseICC2023_2024.xlsx,
215,Guatuso,Alajuela,2023,pgobierno_categ,208,baseICC2023_2024.xlsx,
301,Cartago,Cartago,2023,pgobierno_categ,263,baseICC2023_2024.xlsx,
302,Paraíso,Cartago,2023,pgobierno_categ,221,baseICC2023_2024.xlsx,
303,La Unión,Cartago,2023,pgobierno_categ,207,baseICC2023_2024.xlsx,
304,Jiménez,Cartago,2023,pgobierno_categ,238,baseICC2023_2024.xlsx,
305,Turrialba,Cartago,2023,pgobierno_categ,191,baseICC2023_2024.xlsx,
306,Alvarado,Cartago,2023,pgobierno_categ,201,baseICC2023_2024.xlsx,
307,Oreamuno,Cartago,2023,pgobierno_categ,195,baseICC2023_2024.xlsx,
308,El Guarco,Cartago,2023,pgobierno_categ,210,baseICC2023_2024.xlsx,
401,Heredia,Heredia,2023,pgobierno_categ,222,baseICC2023_2024.xlsx,
402,Barva,Heredia,2023,pgobierno_categ,216,baseICC2023_2024.xlsx,
403,Santo Domingo,Heredia,2023,pgobierno_categ,216,baseICC2023_2024.xlsx,
404,Santa Bárbara,Heredia,2023,pgobierno_categ,200,baseICC2023_2024.xlsx,
405,San Rafael,Heredia,2023,pgobierno_categ,217,baseICC2023_2024.xlsx,
406,San Isidro,Heredia,2023,pgobierno_categ,234,baseICC2023_2024.xlsx,
407,Belén,Heredia,2023,pgobierno_categ,341,baseICC2023_2024.xlsx,
408,Flores,Heredia,2023,pgobierno_categ,247,baseICC2023_2024.xlsx,
409,San Pablo,Heredia,2023,pgobierno_categ,262,baseICC2023_2024.xlsx,
410,Sarapiquí,Heredia,2023,pgobierno_categ,117,baseICC2023_2024.xlsx,
501,Liberia,Guanacaste,2023,pgobierno_categ,189,baseICC2023_2024.xlsx,
502,Nicoya,Guanacaste,2023,pgobierno_categ,220,baseICC2023_2024.xlsx,
503,Santa Cruz,Guanacaste,2023,pgobierno_categ,257,baseICC2023_2024.xlsx,
504,Bagaces,Guanacaste,2023,pgobierno_categ,210,baseICC2023_2024.xlsx,
505,Carrillo,Guanacaste,2023,pgobierno_categ,225,baseICC2023_2024.xlsx,
506,Cañas,Guanacaste,2023,pgobierno_categ,215,baseICC2023_2024.xlsx,
507,Abangares,Guanacaste,2023,pgobierno_categ,238,baseICC2023_2024.xlsx,
508,Tilarán,Guanacaste,2023,pgobierno_categ,274,baseICC2023_2024.xlsx,
509,Nandayure,Guanacaste,2023,pgobierno_categ,241,baseICC2023_2024.xlsx,
510,La Cruz,Guanacaste,2023,pgobierno_categ,209,baseICC2023_2024.xlsx,
511,Hojancha,Guanacaste,2023,pgobierno_categ,278,baseICC2023_2024.xlsx,
601,Puntarenas,Puntarenas,2023,pgobierno_categ,202,baseICC2023_2024.xlsx,
602,Esparza,Puntarenas,2023,pgobierno_categ,253,baseICC2023_2024.xlsx,
603,Buenos Aires,Puntarenas,2023,pgobierno_categ,171,baseICC2023_2024.xlsx,
604,Montes de Oro,Puntarenas,2023,pgobierno_categ,246,baseICC2023_2024.xlsx,
605,Osa,Puntarenas,2023,pgobierno_categ,267,baseICC2023_2024.xlsx,
606,Quepos,Puntarenas,2023,pgobierno_categ,262,baseICC2023_2024.xlsx,
607,Golfito,Puntarenas,2023,pgobierno_categ,155,baseICC2023_2024.xlsx,
608,Coto Brus,Puntarenas,2023,pgobierno_categ,183,baseICC2023_2024.xlsx,
609,Parrita,Puntarenas,2023,pgobierno_categ,226,baseICC2023_2024.xlsx,
610,Corredores,Puntarenas,2023,pgobierno_categ,135,baseICC2023_2024.xlsx,
611,Garabito,Puntarenas,2023,pgobierno_categ,319,baseICC2023_2024.xlsx,
701,Limón,Limón,2023,pgobierno_categ,185,baseICC2023_2024.xlsx,
702,Pococí,Limón,2023,pgobierno_categ,150,baseICC2023_2024.xlsx,
703,Siquirres,Limón,2023,pgobierno_categ,149,baseICC2023_2024.xlsx,
704,Talamanca,Limón,2023,pgobierno_categ,211,baseICC2023_2024.xlsx,
705,Matina,Limón,2023,pgobierno_categ,237,baseICC2023_2024.xlsx,
706,Guácimo,Limón,2023,pgobierno_categ,192,baseICC2023_2024.xlsx,
101,San José,San José,2024,pgobierno_categ,Alto,baseICC2023_2024.xlsx,
102,Escazú,San José,2024,pgobierno_categ,Alto,baseICC2023_2024.xlsx,
103,Desamparados,San José,2024,pgobierno_categ,Bajo,baseICC2023_2024.xlsx,
104,Puriscal,San José,2024,pgobierno_categ,Medio,baseICC2023_2024.xlsx,
105,Tarrazú,San José,2024,pgobierno_categ,Medio,baseICC2023_2024.xlsx,
106,Aserrí,San José,2024,pgobierno_categ,Bajo,baseICC2023_2024.xlsx,
107,Mora,San José,2024,pgobierno_categ,Medio,baseICC2023_2024.xlsx,
108,Goicoechea,San José,2024,pgobierno_categ,Medio,baseICC2023_2024.xlsx,
109,Santa Ana,San José,2024,pgobierno_categ,Medio,baseICC2023_2024.xlsx,
110,Alajuelita,San José,2024,pgobierno_categ,Bajo,baseICC2023_2024.xlsx,
111,Vázquez de Coronado,San José,2024,pgobierno_categ,Bajo,baseICC2023_2024.xlsx,
112,Acosta,San José,2024,pgobierno_categ,Bajo,baseICC2023_2024.xlsx,
113,Tibás,San José,2024,pgobierno_categ,Medio,baseICC2023_2024.xlsx,
114,Moravia,San José,2024,pgobierno_categ,Medio,baseICC2023_2024.xlsx,
115,Montes de Oca,San José,2024,pgobierno_categ,Medio,baseICC2023_2024.xlsx,
116,Turrubares,San José,2024,pgobierno_categ,Medio,baseICC2023_2024.xlsx,
117,Dota,San José,2024,pgobierno_categ,Medio,baseICC2023_2024.xlsx,
118,Curridabat,San José,2024,pgobierno_categ,Medio,baseICC2023_2024.xlsx,
119,Pérez Zeledón,San José,2024,pgobierno_categ,Bajo,baseICC2023_2024.xlsx,
120,León Cortés Castro,San José,2024,pgobierno_categ,Medio,baseICC2023_2024.xlsx,
201,Alajuela,Alajuela,2024,pgobierno_categ,Alto,baseICC2023_2024.xlsx,
202,San Ramón,Alajuela,2024,pgobierno_categ,Bajo,baseICC2023_2024.xlsx,
203,Grecia,Alajuela,2024,pgobierno_categ,Medio,baseICC2023_2024.xlsx,
204,San Mateo,Alajuela,2024,pgobierno_categ,Medio,baseICC2023_2024.xlsx,
205,Atenas,Alajuela,2024,pgobierno_categ,Medio,baseICC2023_2024.xlsx,
206,Naranjo,Alajuela,2024,pgobierno_categ,Medio,baseICC2023_2024.xlsx,
207,Palmares,Alajuela,2024,pgobierno_categ,Bajo,baseICC2023_2024.xlsx,
208,Poás,Alajuela,2024,pgobierno_categ,Medio,baseICC2023_2024.xlsx,
209,Orotina,Alajuela,2024,pgobierno_categ,Medio,baseICC2023_2024.xlsx,
210,San Carlos,Alajuela,2024,pgobierno_categ,Medio,baseICC2023_2024.xlsx,
211,Zarcero,Alajuela,2024,pgobierno_categ,Medio,baseICC2023_2024.xlsx,
212,Sarchí,Alajuela,2024,pgobierno_categ,Medio,baseICC2023_2024.xlsx,
213,Upala,Alajuela,2024,pgobierno_categ,Bajo,baseICC2023_2024.xlsx,
214,Los Chiles,Alajuela,2024,pgobierno_categ,Bajo,baseICC2023_2024.xlsx,
215,Guatuso,Alajuela,2024,pgobierno_categ,Medio,baseICC2023_2024.xlsx,
216,Río Cuarto,Alajuela,2024,pgobierno_categ,Medio,baseICC2023_2024.xlsx,
301,Cartago,Cartago,2024,pgobierno_categ,Medio,baseICC2023_2024.xlsx,
302,Paraíso,Cartago,2024,pgobierno_categ,Medio,baseICC2023_2024.xlsx,
303,La Unión,Cartago,2024,pgobierno_categ,Medio,baseICC2023_2024.xlsx,
304,Jiménez,Cartago,2024,pgobierno_categ,Medio,baseICC2023_2024.xlsx,
305,Turrialba,Cartago,2024,pgobierno_categ,Medio,baseICC2023_2024.xlsx,
306,Alvarado,Cartago,2024,pgobierno_categ,Medio,baseICC2023_2024.xlsx,
307,Oreamuno,Cartago,2024,pgobierno_categ,Bajo,baseICC2023_2024.xlsx,
308,El Guarco,Cartago,2024,pgobierno_categ,Bajo,baseICC2023_2024.xlsx,
401,Heredia,Heredia,2024,pgobierno_categ,Medio,baseICC2023_2024.xlsx,
402,Barva,Heredia,2024,pgobierno_categ,Medio,baseICC2023_2024.xlsx,
403,Santo Domingo,Heredia,2024,pgobierno_categ,Medio,baseICC2023_2024.xlsx,
404,Santa Bárbara,Heredia,2024,pgobierno_categ,Medio,baseICC2023_2024.xlsx,
405,San Rafael,Heredia,2024,pgobierno_categ,Medio,baseICC2023_2024.xlsx,
406,San Isidro,Heredia,2024,pgobierno_categ,Medio,baseICC2023_2024.xlsx,
407,Belén,Heredia,2024,pgobierno_categ,Alto,baseICC2023_2024.xlsx,
408,Flores,Heredia,2024,pgobierno_categ,Medio,baseICC2023_2024.xlsx,
409,San Pablo,Heredia,2024,pgobierno_categ,Medio,baseICC2023_2024.xlsx,
410,Sarapiquí,Heredia,2024,pgobierno_categ,Bajo,baseICC2023_2024.xlsx,
501,Liberia,Guanacaste,2024,pgobierno_categ,Bajo,baseICC2023_2024.xlsx,
502,Nicoya,Guanacaste,2024,pgobierno_categ,Bajo,baseICC2023_2024.xlsx,
503,Santa Cruz,Guanacaste,2024,pgobierno_categ,Medio,baseICC2023_2024.xlsx,
504,Bagaces,Guanacaste,2024,pgobierno_categ,Medio,baseICC2023_2024.xlsx,
505,Carrillo,Guanacaste,2024,pgobierno_categ,Medio,baseICC2023_2024.xlsx,
506,Cañas,Guanacaste,2024,pgobierno_categ,Medio,baseICC2023_2024.xlsx,
507,Abangares,Guanacaste,2024,pgobierno_categ,Medio,baseICC2023_2024.xlsx,
508,Tilarán,Guanacaste,2024,pgobierno_categ,Medio,baseICC2023_2024.xlsx,
509,Nandayure,Guanacaste,2024,pgobierno_categ,Alto,baseICC2023_2024.xlsx,
510,La Cruz,Guanacaste,2024,pgobierno_categ,Bajo,baseICC2023_2024.xlsx,
511,Hojancha,Guanacaste,2024,pgobierno_categ,Medio,baseICC2023_2024.xlsx,
601,Puntarenas,Puntarenas,2024,pgobierno_categ,Bajo,baseICC2023_2024.xlsx,
602,Esparza,Puntarenas,2024,pgobierno_categ,Medio,baseICC2023_2024.xlsx,
603,Buenos Aires,Puntarenas,2024,pgobierno_categ,Bajo,baseICC2023_2024.xlsx,
604,Montes de Oro,Puntarenas,2024,pgobierno_categ,Medio,baseICC2023_2024.xlsx,
605,Osa,Puntarenas,2024,pgobierno_categ,Medio,baseICC2023_2024.xlsx,
606,Quepos,Puntarenas,2024,pgobierno_categ,Medio,baseICC2023_2024.xlsx,
607,Golfito,Puntarenas,2024,pgobierno_categ,Bajo,baseICC2023_2024.xlsx,
608,Coto Brus,Puntarenas,2024,pgobierno_categ,Bajo,baseICC2023_2024.xlsx,
609,Parrita,Puntarenas,2024,pgobierno_categ,Medio,baseICC2023_2024.xlsx,
610,Corredores,Puntarenas,2024,pgobierno_categ,Bajo,baseICC2023_2024.xlsx,
611,Garabito,Puntarenas,2024,pgobierno_categ,Medio,baseICC2023_2024.xlsx,
701,Limón,Limón,2024,pgobierno_categ,Bajo,baseICC2023_2024.xlsx,
702,Pococí,Limón,2024,pgobierno_categ,Bajo,baseICC2023_2024.xlsx,
703,Siquirres,Limón,2024,pgobierno_categ,Bajo,baseICC2023_2024.xlsx,
704,Talamanca,Limón,2024,pgobierno_categ,Bajo,baseICC2023_2024.xlsx,
705,Matina,Limón,2024,pgobierno_categ,Bajo,baseICC2023_2024.xlsx,
706,Guácimo,Limón,2024,pgobierno_categ,Bajo,baseICC2023_2024.xlsx,
101,San José,San José,2023,pempresarial,72.1952209472656,baseICC2023_2024.xlsx,
102,Escazú,San José,2023,pempresarial,64.6555328369141,baseICC2023_2024.xlsx,
103,Desamparados,San José,2023,pempresarial,32.2860908508301,baseICC2023_2024.xlsx,
104,Puriscal,San José,2023,pempresarial,27.3558521270752,baseICC2023_2024.xlsx,
105,Tarrazú,San José,2023,pempresarial,7.25765943527222,baseICC2023_2024.xlsx,
106,Aserrí,San José,2023,pempresarial,25.4049644470215,baseICC2023_2024.xlsx,
107,Mora,San José,2023,pempresarial,33.1707077026367,baseICC2023_2024.xlsx,
108,Goicoechea,San José,2023,pempresarial,38.2478103637695,baseICC2023_2024.xlsx,
109,Santa Ana,San José,2023,pempresarial,48.2049064636231,baseICC2023_2024.xlsx,
110,Alajuelita,San José,2023,pempresarial,25.1405086517334,baseICC2023_2024.xlsx,
111,Vázquez de Coronado,San José,2023,pempresarial,28.4328804016113,baseICC2023_2024.xlsx,
112,Acosta,San José,2023,pempresarial,26.8150825500488,baseICC2023_2024.xlsx,
113,Tibás,San José,2023,pempresarial,51.8285179138184,baseICC2023_2024.xlsx,
114,Moravia,San José,2023,pempresarial,38.557014465332,baseICC2023_2024.xlsx,
115,Montes de Oca,San José,2023,pempresarial,54.9282379150391,baseICC2023_2024.xlsx,
116,Turrubares,San José,2023,pempresarial,25.1835155487061,baseICC2023_2024.xlsx,
117,Dota,San José,2023,pempresarial,23.7056636810303,baseICC2023_2024.xlsx,
118,Curridabat,San José,2023,pempresarial,52.1744842529297,baseICC2023_2024.xlsx,
119,Pérez Zeledón,San José,2023,pempresarial,26.9369564056397,baseICC2023_2024.xlsx,
120,León Cortés Castro,San José,2023,pempresarial,2.0041606426239,baseICC2023_2024.xlsx,
201,Alajuela,Alajuela,2023,pempresarial,48.1089210510254,baseICC2023_2024.xlsx,
202,San Ramón,Alajuela,2023,pempresarial,30.6319141387939,baseICC2023_2024.xlsx,
203,Grecia,Alajuela,2023,pempresarial,31.1068210601807,baseICC2023_2024.xlsx,
204,San Mateo,Alajuela,2023,pempresarial,28.4082736968994,baseICC2023_2024.xlsx,
205,Atenas,Alajuela,2023,pempresarial,31.8416347503662,baseICC2023_2024.xlsx,
206,Naranjo,Alajuela,2023,pempresarial,29.47216796875,baseICC2023_2024.xlsx,
207,Palmares,Alajuela,2023,pempresarial,32.6750450134277,baseICC2023_2024.xlsx,
208,Poás,Alajuela,2023,pempresarial,31.0982685089111,baseICC2023_2024.xlsx,
209,Orotina,Alajuela,2023,pempresarial,34.9205131530762,baseICC2023_2024.xlsx,
210,San Carlos,Alajuela,2023,pempresarial,32.9235954284668,baseICC2023_2024.xlsx,
211,Zarcero,Alajuela,2023,pempresarial,31.480094909668,baseICC2023_2024.xlsx,
212,Sarchí,Alajuela,2023,pempresarial,29.0333862304688,baseICC2023_2024.xlsx,
213,Upala,Alajuela,2023,pempresarial,26.0655422210693,baseICC2023_2024.xlsx,
214,Los Chiles,Alajuela,2023,pempresarial,26.4480571746826,baseICC2023_2024.xlsx,
215,Guatuso,Alajuela,2023,pempresarial,25.7642307281494,baseICC2023_2024.xlsx,
301,Cartago,Cartago,2023,pempresarial,39.1397209167481,baseICC2023_2024.xlsx,
302,Paraíso,Cartago,2023,pempresarial,31.4375896453857,baseICC2023_2024.xlsx,
303,La Unión,Cartago,2023,pempresarial,34.7331962585449,baseICC2023_2024.xlsx,
304,Jiménez,Cartago,2023,pempresarial,24.7699928283691,baseICC2023_2024.xlsx,
305,Turrialba,Cartago,2023,pempresarial,28.6421222686768,baseICC2023_2024.xlsx,
306,Alvarado,Cartago,2023,pempresarial,27.7087230682373,baseICC2023_2024.xlsx,
307,Oreamuno,Cartago,2023,pempresarial,29.1873874664307,baseICC2023_2024.xlsx,
308,El Guarco,Cartago,2023,pempresarial,35.6433372497559,baseICC2023_2024.xlsx,
401,Heredia,Heredia,2023,pempresarial,49.7226905822754,baseICC2023_2024.xlsx,
402,Barva,Heredia,2023,pempresarial,31.7981185913086,baseICC2023_2024.xlsx,
403,Santo Domingo,Heredia,2023,pempresarial,53.3515663146973,baseICC2023_2024.xlsx,
404,Santa Bárbara,Heredia,2023,pempresarial,29.2655696868897,baseICC2023_2024.xlsx,
405,San Rafael,Heredia,2023,pempresarial,29.5124034881592,baseICC2023_2024.xlsx,
406,San Isidro,Heredia,2023,pempresarial,31.2744159698486,baseICC2023_2024.xlsx,
407,Belén,Heredia,2023,pempresarial,71.4651412963867,baseICC2023_2024.xlsx,
408,Flores,Heredia,2023,pempresarial,39.5854339599609,baseICC2023_2024.xlsx,
409,San Pablo,Heredia,2023,pempresarial,38.2165336608887,baseICC2023_2024.xlsx,
410,Sarapiquí,Heredia,2023,pempresarial,27.9145336151123,baseICC2023_2024.xlsx,
501,Liberia,Guanacaste,2023,pempresarial,30.7070636749268,baseICC2023_2024.xlsx,
502,Nicoya,Guanacaste,2023,pempresarial,30.3825416564941,baseICC2023_2024.xlsx,
503,Santa Cruz,Guanacaste,2023,pempresarial,33.2676277160645,baseICC2023_2024.xlsx,
504,Bagaces,Guanacaste,2023,pempresarial,28.3109092712402,baseICC2023_2024.xlsx,
505,Carrillo,Guanacaste,2023,pempresarial,29.8382225036621,baseICC2023_2024.xlsx,
506,Cañas,Guanacaste,2023,pempresarial,29.0509624481201,baseICC2023_2024.xlsx,
507,Abangares,Guanacaste,2023,pempresarial,28.266731262207,baseICC2023_2024.xlsx,
508,Tilarán,Guanacaste,2023,pempresarial,28.6756935119629,baseICC2023_2024.xlsx,
509,Nandayure,Guanacaste,2023,pempresarial,30.064001083374,baseICC2023_2024.xlsx,
510,La Cruz,Guanacaste,2023,pempresarial,30.1815338134766,baseICC2023_2024.xlsx,
511,Hojancha,Guanacaste,2023,pempresarial,28.7511520385742,baseICC2023_2024.xlsx,
601,Puntarenas,Puntarenas,2023,pempresarial,30.129451751709,baseICC2023_2024.xlsx,
602,Esparza,Puntarenas,2023,pempresarial,29.5546741485596,baseICC2023_2024.xlsx,
603,Buenos Aires,Puntarenas,2023,pempresarial,24.7865982055664,baseICC2023_2024.xlsx,
604,Montes de Oro,Puntarenas,2023,pempresarial,28.8067226409912,baseICC2023_2024.xlsx,
605,Osa,Puntarenas,2023,pempresarial,31.765007019043,baseICC2023_2024.xlsx,
606,Quepos,Puntarenas,2023,pempresarial,33.7522697448731,baseICC2023_2024.xlsx,
607,Golfito,Puntarenas,2023,pempresarial,28.6829051971436,baseICC2023_2024.xlsx,
608,Coto Brus,Puntarenas,2023,pempresarial,26.9095706939697,baseICC2023_2024.xlsx,
609,Parrita,Puntarenas,2023,pempresarial,29.7338733673096,baseICC2023_2024.xlsx,
610,Corredores,Puntarenas,2023,pempresarial,16.5614013671875,baseICC2023_2024.xlsx,
611,Garabito,Puntarenas,2023,pempresarial,34.5733528137207,baseICC2023_2024.xlsx,
701,Limón,Limón,2023,pempresarial,28.1793880462647,baseICC2023_2024.xlsx,
702,Pococí,Limón,2023,pempresarial,32.1603050231934,baseICC2023_2024.xlsx,
703,Siquirres,Limón,2023,pempresarial,30.6178874969482,baseICC2023_2024.xlsx,
704,Talamanca,Limón,2023,pempresarial,26.662992477417,baseICC2023_2024.xlsx,
705,Matina,Limón,2023,pempresarial,27.5873394012451,baseICC2023_2024.xlsx,
706,Guácimo,Limón,2023,pempresarial,32.3060073852539,baseICC2023_2024.xlsx,
101,San José,San José,2024,pempresarial,67.3998107910156,baseICC2023_2024.xlsx,
102,Escazú,San José,2024,pempresarial,66.0081176757813,baseICC2023_2024.xlsx,
103,Desamparados,San José,2024,pempresarial,32.7069091796875,baseICC2023_2024.xlsx,
104,Puriscal,San José,2024,pempresarial,27.8627490997314,baseICC2023_2024.xlsx,
105,Tarrazú,San José,2024,pempresarial,10.1666135787964,baseICC2023_2024.xlsx,
106,Aserrí,San José,2024,pempresarial,31.0251388549805,baseICC2023_2024.xlsx,
107,Mora,San José,2024,pempresarial,31.9052257537842,baseICC2023_2024.xlsx,
108,Goicoechea,San José,2024,pempresarial,35.3497772216797,baseICC2023_2024.xlsx,
109,Santa Ana,San José,2024,pempresarial,47.5933036804199,baseICC2023_2024.xlsx,
110,Alajuelita,San José,2024,pempresarial,43.9773101806641,baseICC2023_2024.xlsx,
111,Vázquez de Coronado,San José,2024,pempresarial,31.0071048736572,baseICC2023_2024.xlsx,
112,Acosta,San José,2024,pempresarial,25.1691818237305,baseICC2023_2024.xlsx,
113,Tibás,San José,2024,pempresarial,52.9902801513672,baseICC2023_2024.xlsx,
114,Moravia,San José,2024,pempresarial,38.9689712524414,baseICC2023_2024.xlsx,
115,Montes de Oca,San José,2024,pempresarial,53.4399528503418,baseICC2023_2024.xlsx,
116,Turrubares,San José,2024,pempresarial,25.5841827392578,baseICC2023_2024.xlsx,
117,Dota,San José,2024,pempresarial,25.8927307128906,baseICC2023_2024.xlsx,
118,Curridabat,San José,2024,pempresarial,47.530403137207,baseICC2023_2024.xlsx,
119,Pérez Zeledón,San José,2024,pempresarial,27.9404850006104,baseICC2023_2024.xlsx,
120,León Cortés Castro,San José,2024,pempresarial,2.84511876106262,baseICC2023_2024.xlsx,
201,Alajuela,Alajuela,2024,pempresarial,36.131763458252,baseICC2023_2024.xlsx,
202,San Ramón,Alajuela,2024,pempresarial,29.9735946655273,baseICC2023_2024.xlsx,
203,Grecia,Alajuela,2024,pempresarial,31.1036052703857,baseICC2023_2024.xlsx,
204,San Mateo,Alajuela,2024,pempresarial,30.1202507019043,baseICC2023_2024.xlsx,
205,Atenas,Alajuela,2024,pempresarial,32.2395095825195,baseICC2023_2024.xlsx,
206,Naranjo,Alajuela,2024,pempresarial,30.4735717773438,baseICC2023_2024.xlsx,
207,Palmares,Alajuela,2024,pempresarial,33.9277305603027,baseICC2023_2024.xlsx,
208,Poás,Alajuela,2024,pempresarial,35.3251800537109,baseICC2023_2024.xlsx,
209,Orotina,Alajuela,2024,pempresarial,33.327392578125,baseICC2023_2024.xlsx,
210,San Carlos,Alajuela,2024,pempresarial,33.4512825012207,baseICC2023_2024.xlsx,
211,Zarcero,Alajuela,2024,pempresarial,32.0482597351074,baseICC2023_2024.xlsx,
212,Sarchí,Alajuela,2024,pempresarial,30.9960556030273,baseICC2023_2024.xlsx,
213,Upala,Alajuela,2024,pempresarial,25.9322242736816,baseICC2023_2024.xlsx,
214,Los Chiles,Alajuela,2024,pempresarial,27.9251804351807,baseICC2023_2024.xlsx,
215,Guatuso,Alajuela,2024,pempresarial,29.1552410125732,baseICC2023_2024.xlsx,
216,Río Cuarto,Alajuela,2024,pempresarial,49.0108261108398,baseICC2023_2024.xlsx,
301,Cartago,Cartago,2024,pempresarial,33.7567825317383,baseICC2023_2024.xlsx,
302,Paraíso,Cartago,2024,pempresarial,34.5010643005371,baseICC2023_2024.xlsx,
303,La Unión,Cartago,2024,pempresarial,35.2814979553223,baseICC2023_2024.xlsx,
304,Jiménez,Cartago,2024,pempresarial,25.769359588623,baseICC2023_2024.xlsx,
305,Turrialba,Cartago,2024,pempresarial,28.2091674804688,baseICC2023_2024.xlsx,
306,Alvarado,Cartago,2024,pempresarial,27.1421184539795,baseICC2023_2024.xlsx,
307,Oreamuno,Cartago,2024,pempresarial,31.0072765350342,baseICC2023_2024.xlsx,
308,El Guarco,Cartago,2024,pempresarial,29.8360691070557,baseICC2023_2024.xlsx,
401,Heredia,Heredia,2024,pempresarial,41.0757484436035,baseICC2023_2024.xlsx,
402,Barva,Heredia,2024,pempresarial,33.2185287475586,baseICC2023_2024.xlsx,
403,Santo Domingo,Heredia,2024,pempresarial,42.0177268981934,baseICC2023_2024.xlsx,
404,Santa Bárbara,Heredia,2024,pempresarial,29.8598556518555,baseICC2023_2024.xlsx,
405,San Rafael,Heredia,2024,pempresarial,31.6759796142578,baseICC2023_2024.xlsx,
406,San Isidro,Heredia,2024,pempresarial,33.6687774658203,baseICC2023_2024.xlsx,
407,Belén,Heredia,2024,pempresarial,57.7506103515625,baseICC2023_2024.xlsx,
408,Flores,Heredia,2024,pempresarial,40.7632522583008,baseICC2023_2024.xlsx,
409,San Pablo,Heredia,2024,pempresarial,37.7153015136719,baseICC2023_2024.xlsx,
410,Sarapiquí,Heredia,2024,pempresarial,27.8954029083252,baseICC2023_2024.xlsx,
501,Liberia,Guanacaste,2024,pempresarial,30.3047332763672,baseICC2023_2024.xlsx,
502,Nicoya,Guanacaste,2024,pempresarial,31.0766792297363,baseICC2023_2024.xlsx,
503,Santa Cruz,Guanacaste,2024,pempresarial,33.6630935668945,baseICC2023_2024.xlsx,
504,Bagaces,Guanacaste,2024,pempresarial,29.3716888427734,baseICC2023_2024.xlsx,
505,Carrillo,Guanacaste,2024,pempresarial,30.7782211303711,baseICC2023_2024.xlsx,
506,Cañas,Guanacaste,2024,pempresarial,30.4792613983154,baseICC2023_2024.xlsx,
507,Abangares,Guanacaste,2024,pempresarial,27.8121643066406,baseICC2023_2024.xlsx,
508,Tilarán,Guanacaste,2024,pempresarial,28.6467323303223,baseICC2023_2024.xlsx,
509,Nandayure,Guanacaste,2024,pempresarial,32.5333976745606,baseICC2023_2024.xlsx,
510,La Cruz,Guanacaste,2024,pempresarial,25.4864883422852,baseICC2023_2024.xlsx,
511,Hojancha,Guanacaste,2024,pempresarial,31.5686168670654,baseICC2023_2024.xlsx,
601,Puntarenas,Puntarenas,2024,pempresarial,29.8536224365234,baseICC2023_2024.xlsx,
602,Esparza,Puntarenas,2024,pempresarial,35.4990959167481,baseICC2023_2024.xlsx,
603,Buenos Aires,Puntarenas,2024,pempresarial,25.610294342041,baseICC2023_2024.xlsx,
604,Montes de Oro,Puntarenas,2024,pempresarial,29.805700302124,baseICC2023_2024.xlsx,
605,Osa,Puntarenas,2024,pempresarial,32.734992980957,baseICC2023_2024.xlsx,
606,Quepos,Puntarenas,2024,pempresarial,32.1187324523926,baseICC2023_2024.xlsx,
607,Golfito,Puntarenas,2024,pempresarial,28.5340614318848,baseICC2023_2024.xlsx,
608,Coto Brus,Puntarenas,2024,pempresarial,27.8721141815186,baseICC2023_2024.xlsx,
609,Parrita,Puntarenas,2024,pempresarial,30.0530128479004,baseICC2023_2024.xlsx,
610,Corredores,Puntarenas,2024,pempresarial,17.67311668396,baseICC2023_2024.xlsx,
611,Garabito,Puntarenas,2024,pempresarial,35.7811813354492,baseICC2023_2024.xlsx,
701,Limón,Limón,2024,pempresarial,30.2391471862793,baseICC2023_2024.xlsx,
702,Pococí,Limón,2024,pempresarial,31.1844310760498,baseICC2023_2024.xlsx,
703,Siquirres,Limón,2024,pempresarial,29.7112216949463,baseICC2023_2024.xlsx,
704,Talamanca,Limón,2024,pempresarial,27.6830272674561,baseICC2023_2024.xlsx,
705,Matina,Limón,2024,pempresarial,33.1884765625,baseICC2023_2024.xlsx,
706,Guácimo,Limón,2024,pempresarial,36.7418098449707,baseICC2023_2024.xlsx,
101,San José,San José,2023,pempresarial_rank,1,baseICC2023_2024.xlsx,
102,Escazú,San José,2023,pempresarial_rank,3,baseICC2023_2024.xlsx,
103,Desamparados,San José,2023,pempresarial_rank,26,baseICC2023_2024.xlsx,
104,Puriscal,San José,2023,pempresarial_rank,65,baseICC2023_2024.xlsx,
105,Tarrazú,San José,2023,pempresarial_rank,80,baseICC2023_2024.xlsx,
106,Aserrí,San José,2023,pempresarial_rank,73,baseICC2023_2024.xlsx,
107,Mora,San José,2023,pempresarial_rank,22,baseICC2023_2024.xlsx,
108,Goicoechea,San José,2023,pempresarial_rank,14,baseICC2023_2024.xlsx,
109,Santa Ana,San José,2023,pempresarial_rank,9,baseICC2023_2024.xlsx,
110,Alajuelita,San José,2023,pempresarial_rank,75,baseICC2023_2024.xlsx,
111,Vázquez de Coronado,San José,2023,pempresarial_rank,57,baseICC2023_2024.xlsx,
112,Acosta,San José,2023,pempresarial_rank,68,baseICC2023_2024.xlsx,
113,Tibás,San José,2023,pempresarial_rank,7,baseICC2023_2024.xlsx,
114,Moravia,San José,2023,pempresarial_rank,13,baseICC2023_2024.xlsx,
115,Montes de Oca,San José,2023,pempresarial_rank,4,baseICC2023_2024.xlsx,
116,Turrubares,San José,2023,pempresarial_rank,74,baseICC2023_2024.xlsx,
117,Dota,San José,2023,pempresarial_rank,78,baseICC2023_2024.xlsx,
118,Curridabat,San José,2023,pempresarial_rank,6,baseICC2023_2024.xlsx,
119,Pérez Zeledón,San José,2023,pempresarial_rank,66,baseICC2023_2024.xlsx,
120,León Cortés Castro,San José,2023,pempresarial_rank,81,baseICC2023_2024.xlsx,
201,Alajuela,Alajuela,2023,pempresarial_rank,10,baseICC2023_2024.xlsx,
202,San Ramón,Alajuela,2023,pempresarial_rank,37,baseICC2023_2024.xlsx,
203,Grecia,Alajuela,2023,pempresarial_rank,34,baseICC2023_2024.xlsx,
204,San Mateo,Alajuela,2023,pempresarial_rank,58,baseICC2023_2024.xlsx,
205,Atenas,Alajuela,2023,pempresarial_rank,28,baseICC2023_2024.xlsx,
206,Naranjo,Alajuela,2023,pempresarial_rank,47,baseICC2023_2024.xlsx,
207,Palmares,Alajuela,2023,pempresarial_rank,24,baseICC2023_2024.xlsx,
208,Poás,Alajuela,2023,pempresarial_rank,35,baseICC2023_2024.xlsx,
209,Orotina,Alajuela,2023,pempresarial_rank,17,baseICC2023_2024.xlsx,
210,San Carlos,Alajuela,2023,pempresarial_rank,23,baseICC2023_2024.xlsx,
211,Zarcero,Alajuela,2023,pempresarial_rank,31,baseICC2023_2024.xlsx,
212,Sarchí,Alajuela,2023,pempresarial_rank,51,baseICC2023_2024.xlsx,
213,Upala,Alajuela,2023,pempresarial_rank,71,baseICC2023_2024.xlsx,
214,Los Chiles,Alajuela,2023,pempresarial_rank,70,baseICC2023_2024.xlsx,
215,Guatuso,Alajuela,2023,pempresarial_rank,72,baseICC2023_2024.xlsx,
301,Cartago,Cartago,2023,pempresarial_rank,12,baseICC2023_2024.xlsx,
302,Paraíso,Cartago,2023,pempresarial_rank,32,baseICC2023_2024.xlsx,
303,La Unión,Cartago,2023,pempresarial_rank,18,baseICC2023_2024.xlsx,
304,Jiménez,Cartago,2023,pempresarial_rank,77,baseICC2023_2024.xlsx,
305,Turrialba,Cartago,2023,pempresarial_rank,56,baseICC2023_2024.xlsx,
306,Alvarado,Cartago,2023,pempresarial_rank,63,baseICC2023_2024.xlsx,
307,Oreamuno,Cartago,2023,pempresarial_rank,49,baseICC2023_2024.xlsx,
308,El Guarco,Cartago,2023,pempresarial_rank,16,baseICC2023_2024.xlsx,
401,Heredia,Heredia,2023,pempresarial_rank,8,baseICC2023_2024.xlsx,
402,Barva,Heredia,2023,pempresarial_rank,29,baseICC2023_2024.xlsx,
403,Santo Domingo,Heredia,2023,pempresarial_rank,5,baseICC2023_2024.xlsx,
404,Santa Bárbara,Heredia,2023,pempresarial_rank,48,baseICC2023_2024.xlsx,
405,San Rafael,Heredia,2023,pempresarial_rank,46,baseICC2023_2024.xlsx,
406,San Isidro,Heredia,2023,pempresarial_rank,33,baseICC2023_2024.xlsx,
407,Belén,Heredia,2023,pempresarial_rank,2,baseICC2023_2024.xlsx,
408,Flores,Heredia,2023,pempresarial_rank,11,baseICC2023_2024.xlsx,
409,San Pablo,Heredia,2023,pempresarial_rank,15,baseICC2023_2024.xlsx,
410,Sarapiquí,Heredia,2023,pempresarial_rank,62,baseICC2023_2024.xlsx,
501,Liberia,Guanacaste,2023,pempresarial_rank,36,baseICC2023_2024.xlsx,
502,Nicoya,Guanacaste,2023,pempresarial_rank,39,baseICC2023_2024.xlsx,
503,Santa Cruz,Guanacaste,2023,pempresarial_rank,21,baseICC2023_2024.xlsx,
504,Bagaces,Guanacaste,2023,pempresarial_rank,59,baseICC2023_2024.xlsx,
505,Carrillo,Guanacaste,2023,pempresarial_rank,43,baseICC2023_2024.xlsx,
506,Cañas,Guanacaste,2023,pempresarial_rank,50,baseICC2023_2024.xlsx,
507,Abangares,Guanacaste,2023,pempresarial_rank,60,baseICC2023_2024.xlsx,
508,Tilarán,Guanacaste,2023,pempresarial_rank,55,baseICC2023_2024.xlsx,
509,Nandayure,Guanacaste,2023,pempresarial_rank,42,baseICC2023_2024.xlsx,
510,La Cruz,Guanacaste,2023,pempresarial_rank,40,baseICC2023_2024.xlsx,
511,Hojancha,Guanacaste,2023,pempresarial_rank,53,baseICC2023_2024.xlsx,
601,Puntarenas,Puntarenas,2023,pempresarial_rank,41,baseICC2023_2024.xlsx,
602,Esparza,Puntarenas,2023,pempresarial_rank,45,baseICC2023_2024.xlsx,
603,Buenos Aires,Puntarenas,2023,pempresarial_rank,76,baseICC2023_2024.xlsx,
604,Montes de Oro,Puntarenas,2023,pempresarial_rank,52,baseICC2023_2024.xlsx,
605,Osa,Puntarenas,2023,pempresarial_rank,30,baseICC2023_2024.xlsx,
606,Quepos,Puntarenas,2023,pempresarial_rank,20,baseICC2023_2024.xlsx,
607,Golfito,Puntarenas,2023,pempresarial_rank,54,baseICC2023_2024.xlsx,
608,Coto Brus,Puntarenas,2023,pempresarial_rank,67,baseICC2023_2024.xlsx,
609,Parrita,Puntarenas,2023,pempresarial_rank,44,baseICC2023_2024.xlsx,
610,Corredores,Puntarenas,2023,pempresarial_rank,79,baseICC2023_2024.xlsx,
611,Garabito,Puntarenas,2023,pempresarial_rank,19,baseICC2023_2024.xlsx,
701,Limón,Limón,2023,pempresarial_rank,61,baseICC2023_2024.xlsx,
702,Pococí,Limón,2023,pempresarial_rank,27,baseICC2023_2024.xlsx,
703,Siquirres,Limón,2023,pempresarial_rank,38,baseICC2023_2024.xlsx,
704,Talamanca,Limón,2023,pempresarial_rank,69,baseICC2023_2024.xlsx,
705,Matina,Limón,2023,pempresarial_rank,64,baseICC2023_2024.xlsx,
706,Guácimo,Limón,2023,pempresarial_rank,25,baseICC2023_2024.xlsx,
101,San José,San José,2024,pempresarial_rank,1,baseICC2023_2024.xlsx,
102,Escazú,San José,2024,pempresarial_rank,2,baseICC2023_2024.xlsx,
103,Desamparados,San José,2024,pempresarial_rank,32,baseICC2023_2024.xlsx,
104,Puriscal,San José,2024,pempresarial_rank,69,baseICC2023_2024.xlsx,
105,Tarrazú,San José,2024,pempresarial_rank,81,baseICC2023_2024.xlsx,
106,Aserrí,San José,2024,pempresarial_rank,43,baseICC2023_2024.xlsx,
107,Mora,San José,2024,pempresarial_rank,37,baseICC2023_2024.xlsx,
108,Goicoechea,San José,2024,pempresarial_rank,19,baseICC2023_2024.xlsx,
109,Santa Ana,San José,2024,pempresarial_rank,7,baseICC2023_2024.xlsx,
110,Alajuelita,San José,2024,pempresarial_rank,9,baseICC2023_2024.xlsx,
111,Vázquez de Coronado,San José,2024,pempresarial_rank,45,baseICC2023_2024.xlsx,
112,Acosta,San José,2024,pempresarial_rank,79,baseICC2023_2024.xlsx,
113,Tibás,San José,2024,pempresarial_rank,5,baseICC2023_2024.xlsx,
114,Moravia,San José,2024,pempresarial_rank,13,baseICC2023_2024.xlsx,
115,Montes de Oca,San José,2024,pempresarial_rank,4,baseICC2023_2024.xlsx,
116,Turrubares,San José,2024,pempresarial_rank,77,baseICC2023_2024.xlsx,
117,Dota,San José,2024,pempresarial_rank,74,baseICC2023_2024.xlsx,
118,Curridabat,San José,2024,pempresarial_rank,8,baseICC2023_2024.xlsx,
119,Pérez Zeledón,San José,2024,pempresarial_rank,65,baseICC2023_2024.xlsx,
120,León Cortés Castro,San José,2024,pempresarial_rank,82,baseICC2023_2024.xlsx,
201,Alajuela,Alajuela,2024,pempresarial_rank,16,baseICC2023_2024.xlsx,
202,San Ramón,Alajuela,2024,pempresarial_rank,54,baseICC2023_2024.xlsx,
203,Grecia,Alajuela,2024,pempresarial_rank,41,baseICC2023_2024.xlsx,
204,San Mateo,Alajuela,2024,pempresarial_rank,52,baseICC2023_2024.xlsx,
205,Atenas,Alajuela,2024,pempresarial_rank,34,baseICC2023_2024.xlsx,
206,Naranjo,Alajuela,2024,pempresarial_rank,49,baseICC2023_2024.xlsx,
207,Palmares,Alajuela,2024,pempresarial_rank,23,baseICC2023_2024.xlsx,
208,Poás,Alajuela,2024,pempresarial_rank,20,baseICC2023_2024.xlsx,
209,Orotina,Alajuela,2024,pempresarial_rank,28,baseICC2023_2024.xlsx,
210,San Carlos,Alajuela,2024,pempresarial_rank,27,baseICC2023_2024.xlsx,
211,Zarcero,Alajuela,2024,pempresarial_rank,36,baseICC2023_2024.xlsx,
212,Sarchí,Alajuela,2024,pempresarial_rank,46,baseICC2023_2024.xlsx,
213,Upala,Alajuela,2024,pempresarial_rank,73,baseICC2023_2024.xlsx,
214,Los Chiles,Alajuela,2024,pempresarial_rank,66,baseICC2023_2024.xlsx,
215,Guatuso,Alajuela,2024,pempresarial_rank,61,baseICC2023_2024.xlsx,
216,Río Cuarto,Alajuela,2024,pempresarial_rank,6,baseICC2023_2024.xlsx,
301,Cartago,Cartago,2024,pempresarial_rank,24,baseICC2023_2024.xlsx,
302,Paraíso,Cartago,2024,pempresarial_rank,22,baseICC2023_2024.xlsx,
303,La Unión,Cartago,2024,pempresarial_rank,21,baseICC2023_2024.xlsx,
304,Jiménez,Cartago,2024,pempresarial_rank,75,baseICC2023_2024.xlsx,
305,Turrialba,Cartago,2024,pempresarial_rank,64,baseICC2023_2024.xlsx,
306,Alvarado,Cartago,2024,pempresarial_rank,72,baseICC2023_2024.xlsx,
307,Oreamuno,Cartago,2024,pempresarial_rank,44,baseICC2023_2024.xlsx,
308,El Guarco,Cartago,2024,pempresarial_rank,57,baseICC2023_2024.xlsx,
401,Heredia,Heredia,2024,pempresarial_rank,11,baseICC2023_2024.xlsx,
402,Barva,Heredia,2024,pempresarial_rank,29,baseICC2023_2024.xlsx,
403,Santo Domingo,Heredia,2024,pempresarial_rank,10,baseICC2023_2024.xlsx,
404,Santa Bárbara,Heredia,2024,pempresarial_rank,55,baseICC2023_2024.xlsx,
405,San Rafael,Heredia,2024,pempresarial_rank,38,baseICC2023_2024.xlsx,
406,San Isidro,Heredia,2024,pempresarial_rank,25,baseICC2023_2024.xlsx,
407,Belén,Heredia,2024,pempresarial_rank,3,baseICC2023_2024.xlsx,
408,Flores,Heredia,2024,pempresarial_rank,12,baseICC2023_2024.xlsx,
409,San Pablo,Heredia,2024,pempresarial_rank,14,baseICC2023_2024.xlsx,
410,Sarapiquí,Heredia,2024,pempresarial_rank,67,baseICC2023_2024.xlsx,
501,Liberia,Guanacaste,2024,pempresarial_rank,50,baseICC2023_2024.xlsx,
502,Nicoya,Guanacaste,2024,pempresarial_rank,42,baseICC2023_2024.xlsx,
503,Santa Cruz,Guanacaste,2024,pempresarial_rank,26,baseICC2023_2024.xlsx,
504,Bagaces,Guanacaste,2024,pempresarial_rank,60,baseICC2023_2024.xlsx,
505,Carrillo,Guanacaste,2024,pempresarial_rank,47,baseICC2023_2024.xlsx,
506,Cañas,Guanacaste,2024,pempresarial_rank,48,baseICC2023_2024.xlsx,
507,Abangares,Guanacaste,2024,pempresarial_rank,70,baseICC2023_2024.xlsx,
508,Tilarán,Guanacaste,2024,pempresarial_rank,62,baseICC2023_2024.xlsx,
509,Nandayure,Guanacaste,2024,pempresarial_rank,33,baseICC2023_2024.xlsx,
510,La Cruz,Guanacaste,2024,pempresarial_rank,78,baseICC2023_2024.xlsx,
511,Hojancha,Guanacaste,2024,pempresarial_rank,39,baseICC2023_2024.xlsx,
601,Puntarenas,Puntarenas,2024,pempresarial_rank,56,baseICC2023_2024.xlsx,
602,Esparza,Puntarenas,2024,pempresarial_rank,18,baseICC2023_2024.xlsx,
603,Buenos Aires,Puntarenas,2024,pempresarial_rank,76,baseICC2023_2024.xlsx,
604,Montes de Oro,Puntarenas,2024,pempresarial_rank,58,baseICC2023_2024.xlsx,
605,Osa,Puntarenas,2024,pempresarial_rank,31,baseICC2023_2024.xlsx,
606,Quepos,Puntarenas,2024,pempresarial_rank,35,baseICC2023_2024.xlsx,
607,Golfito,Puntarenas,2024,pempresarial_rank,63,baseICC2023_2024.xlsx,
608,Coto Brus,Puntarenas,2024,pempresarial_rank,68,baseICC2023_2024.xlsx,
609,Parrita,Puntarenas,2024,pempresarial_rank,53,baseICC2023_2024.xlsx,
610,Corredores,Puntarenas,2024,pempresarial_rank,80,baseICC2023_2024.xlsx,
611,Garabito,Puntarenas,2024,pempresarial_rank,17,baseICC2023_2024.xlsx,
701,Limón,Limón,2024,pempresarial_rank,51,baseICC2023_2024.xlsx,
702,Pococí,Limón,2024,pempresarial_rank,40,baseICC2023_2024.xlsx,
703,Siquirres,Limón,2024,pempresarial_rank,59,baseICC2023_2024.xlsx,
704,Talamanca,Limón,2024,pempresarial_rank,71,baseICC2023_2024.xlsx,
705,Matina,Limón,2024,pempresarial_rank,30,baseICC2023_2024.xlsx,
706,Guácimo,Limón,2024,pempresarial_rank,15,baseICC2023_2024.xlsx,
101,San José,San José,2023,pempresarial_categ,361,baseICC2023_2024.xlsx,
102,Escazú,San José,2023,pempresarial_categ,324,baseICC2023_2024.xlsx,
103,Desamparados,San José,2023,pempresarial_categ,162,baseICC2023_2024.xlsx,
104,Puriscal,San José,2023,pempresarial_categ,137,baseICC2023_2024.xlsx,
105,Tarrazú,San José,2023,pempresarial_categ,37,baseICC2023_2024.xlsx,
106,Aserrí,San José,2023,pempresarial_categ,128,baseICC2023_2024.xlsx,
107,Mora,San José,2023,pempresarial_categ,166,baseICC2023_2024.xlsx,
108,Goicoechea,San José,2023,pempresarial_categ,192,baseICC2023_2024.xlsx,
109,Santa Ana,San José,2023,pempresarial_categ,242,baseICC2023_2024.xlsx,
110,Alajuelita,San José,2023,pempresarial_categ,126,baseICC2023_2024.xlsx,
111,Vázquez de Coronado,San José,2023,pempresarial_categ,143,baseICC2023_2024.xlsx,
112,Acosta,San José,2023,pempresarial_categ,135,baseICC2023_2024.xlsx,
113,Tibás,San José,2023,pempresarial_categ,260,baseICC2023_2024.xlsx,
114,Moravia,San José,2023,pempresarial_categ,193,baseICC2023_2024.xlsx,
115,Montes de Oca,San José,2023,pempresarial_categ,275,baseICC2023_2024.xlsx,
116,Turrubares,San José,2023,pempresarial_categ,126,baseICC2023_2024.xlsx,
117,Dota,San José,2023,pempresarial_categ,119,baseICC2023_2024.xlsx,
118,Curridabat,San José,2023,pempresarial_categ,261,baseICC2023_2024.xlsx,
119,Pérez Zeledón,San José,2023,pempresarial_categ,135,baseICC2023_2024.xlsx,
120,León Cortés Castro,San José,2023,pempresarial_categ,11,baseICC2023_2024.xlsx,
201,Alajuela,Alajuela,2023,pempresarial_categ,241,baseICC2023_2024.xlsx,
202,San Ramón,Alajuela,2023,pempresarial_categ,154,baseICC2023_2024.xlsx,
203,Grecia,Alajuela,2023,pempresarial_categ,156,baseICC2023_2024.xlsx,
204,San Mateo,Alajuela,2023,pempresarial_categ,143,baseICC2023_2024.xlsx,
205,Atenas,Alajuela,2023,pempresarial_categ,160,baseICC2023_2024.xlsx,
206,Naranjo,Alajuela,2023,pempresarial_categ,148,baseICC2023_2024.xlsx,
207,Palmares,Alajuela,2023,pempresarial_categ,164,baseICC2023_2024.xlsx,
208,Poás,Alajuela,2023,pempresarial_categ,156,baseICC2023_2024.xlsx,
209,Orotina,Alajuela,2023,pempresarial_categ,175,baseICC2023_2024.xlsx,
210,San Carlos,Alajuela,2023,pempresarial_categ,165,baseICC2023_2024.xlsx,
211,Zarcero,Alajuela,2023,pempresarial_categ,158,baseICC2023_2024.xlsx,
212,Sarchí,Alajuela,2023,pempresarial_categ,146,baseICC2023_2024.xlsx,
213,Upala,Alajuela,2023,pempresarial_categ,131,baseICC2023_2024.xlsx,
214,Los Chiles,Alajuela,2023,pempresarial_categ,133,baseICC2023_2024.xlsx,
215,Guatuso,Alajuela,2023,pempresarial_categ,129,baseICC2023_2024.xlsx,
301,Cartago,Cartago,2023,pempresarial_categ,196,baseICC2023_2024.xlsx,
302,Paraíso,Cartago,2023,pempresarial_categ,158,baseICC2023_2024.xlsx,
303,La Unión,Cartago,2023,pempresarial_categ,174,baseICC2023_2024.xlsx,
304,Jiménez,Cartago,2023,pempresarial_categ,124,baseICC2023_2024.xlsx,
305,Turrialba,Cartago,2023,pempresarial_categ,144,baseICC2023_2024.xlsx,
306,Alvarado,Cartago,2023,pempresarial_categ,139,baseICC2023_2024.xlsx,
307,Oreamuno,Cartago,2023,pempresarial_categ,146,baseICC2023_2024.xlsx,
308,El Guarco,Cartago,2023,pempresarial_categ,179,baseICC2023_2024.xlsx,
401,Heredia,Heredia,2023,pempresarial_categ,249,baseICC2023_2024.xlsx,
402,Barva,Heredia,2023,pempresarial_categ,159,baseICC2023_2024.xlsx,
403,Santo Domingo,Heredia,2023,pempresarial_categ,267,baseICC2023_2024.xlsx,
404,Santa Bárbara,Heredia,2023,pempresarial_categ,147,baseICC2023_2024.xlsx,
405,San Rafael,Heredia,2023,pempresarial_categ,148,baseICC2023_2024.xlsx,
406,San Isidro,Heredia,2023,pempresarial_categ,157,baseICC2023_2024.xlsx,
407,Belén,Heredia,2023,pempresarial_categ,358,baseICC2023_2024.xlsx,
408,Flores,Heredia,2023,pempresarial_categ,198,baseICC2023_2024.xlsx,
409,San Pablo,Heredia,2023,pempresarial_categ,192,baseICC2023_2024.xlsx,
410,Sarapiquí,Heredia,2023,pempresarial_categ,140,baseICC2023_2024.xlsx,
501,Liberia,Guanacaste,2023,pempresarial_categ,154,baseICC2023_2024.xlsx,
502,Nicoya,Guanacaste,2023,pempresarial_categ,152,baseICC2023_2024.xlsx,
503,Santa Cruz,Guanacaste,2023,pempresarial_categ,167,baseICC2023_2024.xlsx,
504,Bagaces,Guanacaste,2023,pempresarial_categ,142,baseICC2023_2024.xlsx,
505,Carrillo,Guanacaste,2023,pempresarial_categ,150,baseICC2023_2024.xlsx,
506,Cañas,Guanacaste,2023,pempresarial_categ,146,baseICC2023_2024.xlsx,
507,Abangares,Guanacaste,2023,pempresarial_categ,142,baseICC2023_2024.xlsx,
508,Tilarán,Guanacaste,2023,pempresarial_categ,144,baseICC2023_2024.xlsx,
509,Nandayure,Guanacaste,2023,pempresarial_categ,151,baseICC2023_2024.xlsx,
510,La Cruz,Guanacaste,2023,pempresarial_categ,151,baseICC2023_2024.xlsx,
511,Hojancha,Guanacaste,2023,pempresarial_categ,144,baseICC2023_2024.xlsx,
601,Puntarenas,Puntarenas,2023,pempresarial_categ,151,baseICC2023_2024.xlsx,
602,Esparza,Puntarenas,2023,pempresarial_categ,148,baseICC2023_2024.xlsx,
603,Buenos Aires,Puntarenas,2023,pempresarial_categ,124,baseICC2023_2024.xlsx,
604,Montes de Oro,Puntarenas,2023,pempresarial_categ,145,baseICC2023_2024.xlsx,
605,Osa,Puntarenas,2023,pempresarial_categ,159,baseICC2023_2024.xlsx,
606,Quepos,Puntarenas,2023,pempresarial_categ,169,baseICC2023_2024.xlsx,
607,Golfito,Puntarenas,2023,pempresarial_categ,144,baseICC2023_2024.xlsx,
608,Coto Brus,Puntarenas,2023,pempresarial_categ,135,baseICC2023_2024.xlsx,
609,Parrita,Puntarenas,2023,pempresarial_categ,149,baseICC2023_2024.xlsx,
610,Corredores,Puntarenas,2023,pempresarial_categ,83,baseICC2023_2024.xlsx,
611,Garabito,Puntarenas,2023,pempresarial_categ,173,baseICC2023_2024.xlsx,
701,Limón,Limón,2023,pempresarial_categ,141,baseICC2023_2024.xlsx,
702,Pococí,Limón,2023,pempresarial_categ,161,baseICC2023_2024.xlsx,
703,Siquirres,Limón,2023,pempresarial_categ,154,baseICC2023_2024.xlsx,
704,Talamanca,Limón,2023,pempresarial_categ,134,baseICC2023_2024.xlsx,
705,Matina,Limón,2023,pempresarial_categ,138,baseICC2023_2024.xlsx,
706,Guácimo,Limón,2023,pempresarial_categ,162,baseICC2023_2024.xlsx,
101,San José,San José,2024,pempresarial_categ,Alto,baseICC2023_2024.xlsx,
102,Escazú,San José,2024,pempresarial_categ,Alto,baseICC2023_2024.xlsx,
103,Desamparados,San José,2024,pempresarial_categ,Bajo,baseICC2023_2024.xlsx,
104,Puriscal,San José,2024,pempresarial_categ,Bajo,baseICC2023_2024.xlsx,
105,Tarrazú,San José,2024,pempresarial_categ,Muy Bajo,baseICC2023_2024.xlsx,
106,Aserrí,San José,2024,pempresarial_categ,Bajo,baseICC2023_2024.xlsx,
107,Mora,San José,2024,pempresarial_categ,Bajo,baseICC2023_2024.xlsx,
108,Goicoechea,San José,2024,pempresarial_categ,Bajo,baseICC2023_2024.xlsx,
109,Santa Ana,San José,2024,pempresarial_categ,Medio,baseICC2023_2024.xlsx,
110,Alajuelita,San José,2024,pempresarial_categ,Medio,baseICC2023_2024.xlsx,
111,Vázquez de Coronado,San José,2024,pempresarial_categ,Bajo,baseICC2023_2024.xlsx,
112,Acosta,San José,2024,pempresarial_categ,Bajo,baseICC2023_2024.xlsx,
113,Tibás,San José,2024,pempresarial_categ,Medio,baseICC2023_2024.xlsx,
114,Moravia,San José,2024,pempresarial_categ,Bajo,baseICC2023_2024.xlsx,
115,Montes de Oca,San José,2024,pempresarial_categ,Medio,baseICC2023_2024.xlsx,
116,Turrubares,San José,2024,pempresarial_categ,Bajo,baseICC2023_2024.xlsx,
117,Dota,San José,2024,pempresarial_categ,Bajo,baseICC2023_2024.xlsx,
118,Curridabat,San José,2024,pempresarial_categ,Medio,baseICC2023_2024.xlsx,
119,Pérez Zeledón,San José,2024,pempresarial_categ,Bajo,baseICC2023_2024.xlsx,
120,León Cortés Castro,San José,2024,pempresarial_categ,Muy Bajo,baseICC2023_2024.xlsx,
201,Alajuela,Alajuela,2024,pempresarial_categ,Bajo,baseICC2023_2024.xlsx,
202,San Ramón,Alajuela,2024,pempresarial_categ,Bajo,baseICC2023_2024.xlsx,
203,Grecia,Alajuela,2024,pempresarial_categ,Bajo,baseICC2023_2024.xlsx,
204,San Mateo,Alajuela,2024,pempresarial_categ,Bajo,baseICC2023_2024.xlsx,
205,Atenas,Alajuela,2024,pempresarial_categ,Bajo,baseICC2023_2024.xlsx,
206,Naranjo,Alajuela,2024,pempresarial_categ,Bajo,baseICC2023_2024.xlsx,
207,Palmares,Alajuela,2024,pempresarial_categ,Bajo,baseICC2023_2024.xlsx,
208,Poás,Alajuela,2024,pempresarial_categ,Bajo,baseICC2023_2024.xlsx,
209,Orotina,Alajuela,2024,pempresarial_categ,Bajo,baseICC2023_2024.xlsx,
210,San Carlos,Alajuela,2024,pempresarial_categ,Bajo,baseICC2023_2024.xlsx,
211,Zarcero,Alajuela,2024,pempresarial_categ,Bajo,baseICC2023_2024.xlsx,
212,Sarchí,Alajuela,2024,pempresarial_categ,Bajo,baseICC2023_2024.xlsx,
213,Upala,Alajuela,2024,pempresarial_categ,Bajo,baseICC2023_2024.xlsx,
214,Los Chiles,Alajuela,2024,pempresarial_categ,Bajo,baseICC2023_2024.xlsx,
215,Guatuso,Alajuela,2024,pempresarial_categ,Bajo,baseICC2023_2024.xlsx,
216,Río Cuarto,Alajuela,2024,pempresarial_categ,Medio,baseICC2023_2024.xlsx,
301,Cartago,Cartago,2024,pempresarial_categ,Bajo,baseICC2023_2024.xlsx,
302,Paraíso,Cartago,2024,pempresarial_categ,Bajo,baseICC2023_2024.xlsx,
303,La Unión,Cartago,2024,pempresarial_categ,Bajo,baseICC2023_2024.xlsx,
304,Jiménez,Cartago,2024,pempresarial_categ,Bajo,baseICC2023_2024.xlsx,
305,Turrialba,Cartago,2024,pempresarial_categ,Bajo,baseICC2023_2024.xlsx,
306,Alvarado,Cartago,2024,pempresarial_categ,Bajo,baseICC2023_2024.xlsx,
307,Oreamuno,Cartago,2024,pempresarial_categ,Bajo,baseICC2023_2024.xlsx,
308,El Guarco,Cartago,2024,pempresarial_categ,Bajo,baseICC2023_2024.xlsx,
401,Heredia,Heredia,2024,pempresarial_categ,Medio,baseICC2023_2024.xlsx,
402,Barva,Heredia,2024,pempresarial_categ,Bajo,baseICC2023_2024.xlsx,
403,Santo Domingo,Heredia,2024,pempresarial_categ,Medio,baseICC2023_2024.xlsx,
404,Santa Bárbara,Heredia,2024,pempresarial_categ,Bajo,baseICC2023_2024.xlsx,
405,San Rafael,Heredia,2024,pempresarial_categ,Bajo,baseICC2023_2024.xlsx,
406,San Isidro,Heredia,2024,pempresarial_categ,Bajo,baseICC2023_2024.xlsx,
407,Belén,Heredia,2024,pempresarial_categ,Medio,baseICC2023_2024.xlsx,
408,Flores,Heredia,2024,pempresarial_categ,Medio,baseICC2023_2024.xlsx,
409,San Pablo,Heredia,2024,pempresarial_categ,Bajo,baseICC2023_2024.xlsx,
410,Sarapiquí,Heredia,2024,pempresarial_categ,Bajo,baseICC2023_2024.xlsx,
501,Liberia,Guanacaste,2024,pempresarial_categ,Bajo,baseICC2023_2024.xlsx,
502,Nicoya,Guanacaste,2024,pempresarial_categ,Bajo,baseICC2023_2024.xlsx,
503,Santa Cruz,Guanacaste,2024,pempresarial_categ,Bajo,baseICC2023_2024.xlsx,
504,Bagaces,Guanacaste,2024,pempresarial_categ,Bajo,baseICC2023_2024.xlsx,
505,Carrillo,Guanacaste,2024,pempresarial_categ,Bajo,baseICC2023_2024.xlsx,
506,Cañas,Guanacaste,2024,pempresarial_categ,Bajo,baseICC2023_2024.xlsx,
507,Abangares,Guanacaste,2024,pempresarial_categ,Bajo,baseICC2023_2024.xlsx,
508,Tilarán,Guanacaste,2024,pempresarial_categ,Bajo,baseICC2023_2024.xlsx,
509,Nandayure,Guanacaste,2024,pempresarial_categ,Bajo,baseICC2023_2024.xlsx,
510,La Cruz,Guanacaste,2024,pempresarial_categ,Bajo,baseICC2023_2024.xlsx,
511,Hojancha,Guanacaste,2024,pempresarial_categ,Bajo,baseICC2023_2024.xlsx,
601,Puntarenas,Puntarenas,2024,pempresarial_categ,Bajo,baseICC2023_2024.xlsx,
602,Esparza,Puntarenas,2024,pempresarial_categ,Bajo,baseICC2023_2024.xlsx,
603,Buenos Aires,Puntarenas,2024,pempresarial_categ,Bajo,baseICC2023_2024.xlsx,
604,Montes de Oro,Puntarenas,2024,pempresarial_categ,Bajo,baseICC2023_2024.xlsx,
605,Osa,Puntarenas,2024,pempresarial_categ,Bajo,baseICC2023_2024.xlsx,
606,Quepos,Puntarenas,2024,pempresarial_categ,Bajo,baseICC2023_2024.xlsx,
607,Golfito,Puntarenas,2024,pempresarial_categ,Bajo,baseICC2023_2024.xlsx,
608,Coto Brus,Puntarenas,2024,pempresarial_categ,Bajo,baseICC2023_2024.xlsx,
609,Parrita,Puntarenas,2024,pempresarial_categ,Bajo,baseICC2023_2024.xlsx,
610,Corredores,Puntarenas,2024,pempresarial_categ,Muy Bajo,baseICC2023_2024.xlsx,
611,Garabito,Puntarenas,2024,pempresarial_categ,Bajo,baseICC2023_2024.xlsx,
701,Limón,Limón,2024,pempresarial_categ,Bajo,baseICC2023_2024.xlsx,
702,Pococí,Limón,2024,pempresarial_categ,Bajo,baseICC2023_2024.xlsx,
703,Siquirres,Limón,2024,pempresarial_categ,Bajo,baseICC2023_2024.xlsx,
704,Talamanca,Limón,2024,pempresarial_categ,Bajo,baseICC2023_2024.xlsx,
705,Matina,Limón,2024,pempresarial_categ,Bajo,baseICC2023_2024.xlsx,
706,Guácimo,Limón,2024,pempresarial_categ,Bajo,baseICC2023_2024.xlsx,
101,San José,San José,2023,pinfraestructura,81.3722534179688,baseICC2023_2024.xlsx,
102,Escazú,San José,2023,pinfraestructura,74.1508178710938,baseICC2023_2024.xlsx,
103,Desamparados,San José,2023,pinfraestructura,82.2098770141602,baseICC2023_2024.xlsx,
104,Puriscal,San José,2023,pinfraestructura,42.4411125183106,baseICC2023_2024.xlsx,
105,Tarrazú,San José,2023,pinfraestructura,49.0541496276856,baseICC2023_2024.xlsx,
106,Aserrí,San José,2023,pinfraestructura,56.8663444519043,baseICC2023_2024.xlsx,
107,Mora,San José,2023,pinfraestructura,50.9526176452637,baseICC2023_2024.xlsx,
108,Goicoechea,San José,2023,pinfraestructura,80.5690765380859,baseICC2023_2024.xlsx,
109,Santa Ana,San José,2023,pinfraestructura,72.0427017211914,baseICC2023_2024.xlsx,
110,Alajuelita,San José,2023,pinfraestructura,69.3560409545898,baseICC2023_2024.xlsx,
111,Vázquez de Coronado,San José,2023,pinfraestructura,67.3053894042969,baseICC2023_2024.xlsx,
112,Acosta,San José,2023,pinfraestructura,38.8007888793945,baseICC2023_2024.xlsx,
113,Tibás,San José,2023,pinfraestructura,83.8838958740234,baseICC2023_2024.xlsx,
114,Moravia,San José,2023,pinfraestructura,73.3976135253906,baseICC2023_2024.xlsx,
115,Montes de Oca,San José,2023,pinfraestructura,80.816780090332,baseICC2023_2024.xlsx,
116,Turrubares,San José,2023,pinfraestructura,23.880033493042,baseICC2023_2024.xlsx,
117,Dota,San José,2023,pinfraestructura,37.6207160949707,baseICC2023_2024.xlsx,
118,Curridabat,San José,2023,pinfraestructura,84.2543869018555,baseICC2023_2024.xlsx,
119,Pérez Zeledón,San José,2023,pinfraestructura,48.1834411621094,baseICC2023_2024.xlsx,
120,León Cortés Castro,San José,2023,pinfraestructura,44.5014991760254,baseICC2023_2024.xlsx,
201,Alajuela,Alajuela,2023,pinfraestructura,65.2029266357422,baseICC2023_2024.xlsx,
202,San Ramón,Alajuela,2023,pinfraestructura,47.6955795288086,baseICC2023_2024.xlsx,
203,Grecia,Alajuela,2023,pinfraestructura,54.6647300720215,baseICC2023_2024.xlsx,
204,San Mateo,Alajuela,2023,pinfraestructura,44.3668403625488,baseICC2023_2024.xlsx,
205,Atenas,Alajuela,2023,pinfraestructura,51.5243530273438,baseICC2023_2024.xlsx,
206,Naranjo,Alajuela,2023,pinfraestructura,51.5968742370606,baseICC2023_2024.xlsx,
207,Palmares,Alajuela,2023,pinfraestructura,64.0832901000977,baseICC2023_2024.xlsx,
208,Poás,Alajuela,2023,pinfraestructura,58.0706787109375,baseICC2023_2024.xlsx,
209,Orotina,Alajuela,2023,pinfraestructura,52.6544990539551,baseICC2023_2024.xlsx,
210,San Carlos,Alajuela,2023,pinfraestructura,58.0492782592773,baseICC2023_2024.xlsx,
211,Zarcero,Alajuela,2023,pinfraestructura,41.0295181274414,baseICC2023_2024.xlsx,
212,Sarchí,Alajuela,2023,pinfraestructura,54.6984519958496,baseICC2023_2024.xlsx,
213,Upala,Alajuela,2023,pinfraestructura,52.8257637023926,baseICC2023_2024.xlsx,
214,Los Chiles,Alajuela,2023,pinfraestructura,48.929744720459,baseICC2023_2024.xlsx,
215,Guatuso,Alajuela,2023,pinfraestructura,54.3931083679199,baseICC2023_2024.xlsx,
301,Cartago,Cartago,2023,pinfraestructura,69.3661193847656,baseICC2023_2024.xlsx,
302,Paraíso,Cartago,2023,pinfraestructura,60.2003173828125,baseICC2023_2024.xlsx,
303,La Unión,Cartago,2023,pinfraestructura,71.7938232421875,baseICC2023_2024.xlsx,
304,Jiménez,Cartago,2023,pinfraestructura,49.5681266784668,baseICC2023_2024.xlsx,
305,Turrialba,Cartago,2023,pinfraestructura,50.3741989135742,baseICC2023_2024.xlsx,
306,Alvarado,Cartago,2023,pinfraestructura,50.0005760192871,baseICC2023_2024.xlsx,
307,Oreamuno,Cartago,2023,pinfraestructura,57.022876739502,baseICC2023_2024.xlsx,
308,El Guarco,Cartago,2023,pinfraestructura,54.7730178833008,baseICC2023_2024.xlsx,
401,Heredia,Heredia,2023,pinfraestructura,83.5478591918945,baseICC2023_2024.xlsx,
402,Barva,Heredia,2023,pinfraestructura,70.414176940918,baseICC2023_2024.xlsx,
403,Santo Domingo,Heredia,2023,pinfraestructura,78.8166275024414,baseICC2023_2024.xlsx,
404,Santa Bárbara,Heredia,2023,pinfraestructura,65.0078125,baseICC2023_2024.xlsx,
405,San Rafael,Heredia,2023,pinfraestructura,70.1249694824219,baseICC2023_2024.xlsx,
406,San Isidro,Heredia,2023,pinfraestructura,63.2608299255371,baseICC2023_2024.xlsx,
407,Belén,Heredia,2023,pinfraestructura,78.5147094726563,baseICC2023_2024.xlsx,
408,Flores,Heredia,2023,pinfraestructura,81.0257034301758,baseICC2023_2024.xlsx,
409,San Pablo,Heredia,2023,pinfraestructura,81.3453063964844,baseICC2023_2024.xlsx,
410,Sarapiquí,Heredia,2023,pinfraestructura,39.8082885742188,baseICC2023_2024.xlsx,
501,Liberia,Guanacaste,2023,pinfraestructura,61.1753234863281,baseICC2023_2024.xlsx,
502,Nicoya,Guanacaste,2023,pinfraestructura,37.9091796875,baseICC2023_2024.xlsx,
503,Santa Cruz,Guanacaste,2023,pinfraestructura,44.8055725097656,baseICC2023_2024.xlsx,
504,Bagaces,Guanacaste,2023,pinfraestructura,50.2701988220215,baseICC2023_2024.xlsx,
505,Carrillo,Guanacaste,2023,pinfraestructura,57.1678924560547,baseICC2023_2024.xlsx,
506,Cañas,Guanacaste,2023,pinfraestructura,54.9927558898926,baseICC2023_2024.xlsx,
507,Abangares,Guanacaste,2023,pinfraestructura,41.1620407104492,baseICC2023_2024.xlsx,
508,Tilarán,Guanacaste,2023,pinfraestructura,56.3827171325684,baseICC2023_2024.xlsx,
509,Nandayure,Guanacaste,2023,pinfraestructura,29.3328723907471,baseICC2023_2024.xlsx,
510,La Cruz,Guanacaste,2023,pinfraestructura,46.9600639343262,baseICC2023_2024.xlsx,
511,Hojancha,Guanacaste,2023,pinfraestructura,35.5556945800781,baseICC2023_2024.xlsx,
601,Puntarenas,Puntarenas,2023,pinfraestructura,42.9982872009277,baseICC2023_2024.xlsx,
602,Esparza,Puntarenas,2023,pinfraestructura,47.9092063903809,baseICC2023_2024.xlsx,
603,Buenos Aires,Puntarenas,2023,pinfraestructura,38.2442283630371,baseICC2023_2024.xlsx,
604,Montes de Oro,Puntarenas,2023,pinfraestructura,53.5466728210449,baseICC2023_2024.xlsx,
605,Osa,Puntarenas,2023,pinfraestructura,36.5002479553223,baseICC2023_2024.xlsx,
606,Quepos,Puntarenas,2023,pinfraestructura,49.2623138427734,baseICC2023_2024.xlsx,
607,Golfito,Puntarenas,2023,pinfraestructura,45.3181343078613,baseICC2023_2024.xlsx,
608,Coto Brus,Puntarenas,2023,pinfraestructura,48.1864852905273,baseICC2023_2024.xlsx,
609,Parrita,Puntarenas,2023,pinfraestructura,45.1323318481445,baseICC2023_2024.xlsx,
610,Corredores,Puntarenas,2023,pinfraestructura,47.9792060852051,baseICC2023_2024.xlsx,
611,Garabito,Puntarenas,2023,pinfraestructura,55.5898246765137,baseICC2023_2024.xlsx,
701,Limón,Limón,2023,pinfraestructura,51.1471290588379,baseICC2023_2024.xlsx,
702,Pococí,Limón,2023,pinfraestructura,46.4199600219727,baseICC2023_2024.xlsx,
703,Siquirres,Limón,2023,pinfraestructura,42.8423576354981,baseICC2023_2024.xlsx,
704,Talamanca,Limón,2023,pinfraestructura,17.6726684570313,baseICC2023_2024.xlsx,
705,Matina,Limón,2023,pinfraestructura,33.6181716918945,baseICC2023_2024.xlsx,
706,Guácimo,Limón,2023,pinfraestructura,47.4158668518066,baseICC2023_2024.xlsx,
101,San José,San José,2024,pinfraestructura,82.3671340942383,baseICC2023_2024.xlsx,
102,Escazú,San José,2024,pinfraestructura,74.0186538696289,baseICC2023_2024.xlsx,
103,Desamparados,San José,2024,pinfraestructura,82.9257583618164,baseICC2023_2024.xlsx,
104,Puriscal,San José,2024,pinfraestructura,42.6750450134277,baseICC2023_2024.xlsx,
105,Tarrazú,San José,2024,pinfraestructura,49.0290908813477,baseICC2023_2024.xlsx,
106,Aserrí,San José,2024,pinfraestructura,57.1322326660156,baseICC2023_2024.xlsx,
107,Mora,San José,2024,pinfraestructura,51.4631423950195,baseICC2023_2024.xlsx,
108,Goicoechea,San José,2024,pinfraestructura,81.591423034668,baseICC2023_2024.xlsx,
109,Santa Ana,San José,2024,pinfraestructura,71.8631210327148,baseICC2023_2024.xlsx,
110,Alajuelita,San José,2024,pinfraestructura,69.7179718017578,baseICC2023_2024.xlsx,
111,Vázquez de Coronado,San José,2024,pinfraestructura,68.3129348754883,baseICC2023_2024.xlsx,
112,Acosta,San José,2024,pinfraestructura,38.5058670043945,baseICC2023_2024.xlsx,
113,Tibás,San José,2024,pinfraestructura,84.989143371582,baseICC2023_2024.xlsx,
114,Moravia,San José,2024,pinfraestructura,73.8656387329102,baseICC2023_2024.xlsx,
115,Montes de Oca,San José,2024,pinfraestructura,80.8122406005859,baseICC2023_2024.xlsx,
116,Turrubares,San José,2024,pinfraestructura,23.4439010620117,baseICC2023_2024.xlsx,
117,Dota,San José,2024,pinfraestructura,37.3384284973145,baseICC2023_2024.xlsx,
118,Curridabat,San José,2024,pinfraestructura,84.2546539306641,baseICC2023_2024.xlsx,
119,Pérez Zeledón,San José,2024,pinfraestructura,48.9986457824707,baseICC2023_2024.xlsx,
120,León Cortés Castro,San José,2024,pinfraestructura,43.9418029785156,baseICC2023_2024.xlsx,
201,Alajuela,Alajuela,2024,pinfraestructura,65.7417755126953,baseICC2023_2024.xlsx,
202,San Ramón,Alajuela,2024,pinfraestructura,48.0546760559082,baseICC2023_2024.xlsx,
203,Grecia,Alajuela,2024,pinfraestructura,58.1533622741699,baseICC2023_2024.xlsx,
204,San Mateo,Alajuela,2024,pinfraestructura,48.0261077880859,baseICC2023_2024.xlsx,
205,Atenas,Alajuela,2024,pinfraestructura,51.6617774963379,baseICC2023_2024.xlsx,
206,Naranjo,Alajuela,2024,pinfraestructura,52.0146102905273,baseICC2023_2024.xlsx,
207,Palmares,Alajuela,2024,pinfraestructura,64.512939453125,baseICC2023_2024.xlsx,
208,Poás,Alajuela,2024,pinfraestructura,58.7270927429199,baseICC2023_2024.xlsx,
209,Orotina,Alajuela,2024,pinfraestructura,55.6435394287109,baseICC2023_2024.xlsx,
210,San Carlos,Alajuela,2024,pinfraestructura,55.1032829284668,baseICC2023_2024.xlsx,
211,Zarcero,Alajuela,2024,pinfraestructura,41.5306625366211,baseICC2023_2024.xlsx,
212,Sarchí,Alajuela,2024,pinfraestructura,55.1335029602051,baseICC2023_2024.xlsx,
213,Upala,Alajuela,2024,pinfraestructura,49.354663848877,baseICC2023_2024.xlsx,
214,Los Chiles,Alajuela,2024,pinfraestructura,44.0973854064941,baseICC2023_2024.xlsx,
215,Guatuso,Alajuela,2024,pinfraestructura,50.9884414672852,baseICC2023_2024.xlsx,
216,Río Cuarto,Alajuela,2024,pinfraestructura,45.2002487182617,baseICC2023_2024.xlsx,
301,Cartago,Cartago,2024,pinfraestructura,70.034553527832,baseICC2023_2024.xlsx,
302,Paraíso,Cartago,2024,pinfraestructura,60.5114250183106,baseICC2023_2024.xlsx,
303,La Unión,Cartago,2024,pinfraestructura,72.6491928100586,baseICC2023_2024.xlsx,
304,Jiménez,Cartago,2024,pinfraestructura,49.5114250183106,baseICC2023_2024.xlsx,
305,Turrialba,Cartago,2024,pinfraestructura,50.4552154541016,baseICC2023_2024.xlsx,
306,Alvarado,Cartago,2024,pinfraestructura,50.1543693542481,baseICC2023_2024.xlsx,
307,Oreamuno,Cartago,2024,pinfraestructura,57.3658981323242,baseICC2023_2024.xlsx,
308,El Guarco,Cartago,2024,pinfraestructura,55.2314682006836,baseICC2023_2024.xlsx,
401,Heredia,Heredia,2024,pinfraestructura,84.1171417236328,baseICC2023_2024.xlsx,
402,Barva,Heredia,2024,pinfraestructura,71.5727233886719,baseICC2023_2024.xlsx,
403,Santo Domingo,Heredia,2024,pinfraestructura,80.0268249511719,baseICC2023_2024.xlsx,
404,Santa Bárbara,Heredia,2024,pinfraestructura,65.6327514648438,baseICC2023_2024.xlsx,
405,San Rafael,Heredia,2024,pinfraestructura,71.1613616943359,baseICC2023_2024.xlsx,
406,San Isidro,Heredia,2024,pinfraestructura,64.0314636230469,baseICC2023_2024.xlsx,
407,Belén,Heredia,2024,pinfraestructura,79.0613861083984,baseICC2023_2024.xlsx,
408,Flores,Heredia,2024,pinfraestructura,81.2004318237305,baseICC2023_2024.xlsx,
409,San Pablo,Heredia,2024,pinfraestructura,81.3530654907227,baseICC2023_2024.xlsx,
410,Sarapiquí,Heredia,2024,pinfraestructura,34.6776008605957,baseICC2023_2024.xlsx,
501,Liberia,Guanacaste,2024,pinfraestructura,62.8993988037109,baseICC2023_2024.xlsx,
502,Nicoya,Guanacaste,2024,pinfraestructura,39.2320938110352,baseICC2023_2024.xlsx,
503,Santa Cruz,Guanacaste,2024,pinfraestructura,46.3185615539551,baseICC2023_2024.xlsx,
504,Bagaces,Guanacaste,2024,pinfraestructura,51.6826972961426,baseICC2023_2024.xlsx,
505,Carrillo,Guanacaste,2024,pinfraestructura,58.5124435424805,baseICC2023_2024.xlsx,
506,Cañas,Guanacaste,2024,pinfraestructura,58.5451889038086,baseICC2023_2024.xlsx,
507,Abangares,Guanacaste,2024,pinfraestructura,42.4878273010254,baseICC2023_2024.xlsx,
508,Tilarán,Guanacaste,2024,pinfraestructura,58.0474243164063,baseICC2023_2024.xlsx,
509,Nandayure,Guanacaste,2024,pinfraestructura,30.3472938537598,baseICC2023_2024.xlsx,
510,La Cruz,Guanacaste,2024,pinfraestructura,47.9063491821289,baseICC2023_2024.xlsx,
511,Hojancha,Guanacaste,2024,pinfraestructura,36.5604553222656,baseICC2023_2024.xlsx,
601,Puntarenas,Puntarenas,2024,pinfraestructura,46.6194534301758,baseICC2023_2024.xlsx,
602,Esparza,Puntarenas,2024,pinfraestructura,51.7923049926758,baseICC2023_2024.xlsx,
603,Buenos Aires,Puntarenas,2024,pinfraestructura,38.2549514770508,baseICC2023_2024.xlsx,
604,Montes de Oro,Puntarenas,2024,pinfraestructura,57.2958717346191,baseICC2023_2024.xlsx,
605,Osa,Puntarenas,2024,pinfraestructura,36.9501304626465,baseICC2023_2024.xlsx,
606,Quepos,Puntarenas,2024,pinfraestructura,52.8446006774902,baseICC2023_2024.xlsx,
607,Golfito,Puntarenas,2024,pinfraestructura,45.7644004821777,baseICC2023_2024.xlsx,
608,Coto Brus,Puntarenas,2024,pinfraestructura,48.7572364807129,baseICC2023_2024.xlsx,
609,Parrita,Puntarenas,2024,pinfraestructura,48.4003448486328,baseICC2023_2024.xlsx,
610,Corredores,Puntarenas,2024,pinfraestructura,48.4299659729004,baseICC2023_2024.xlsx,
611,Garabito,Puntarenas,2024,pinfraestructura,59.3737182617188,baseICC2023_2024.xlsx,
701,Limón,Limón,2024,pinfraestructura,53.8919944763184,baseICC2023_2024.xlsx,
702,Pococí,Limón,2024,pinfraestructura,48.6402091979981,baseICC2023_2024.xlsx,
703,Siquirres,Limón,2024,pinfraestructura,45.2369346618652,baseICC2023_2024.xlsx,
704,Talamanca,Limón,2024,pinfraestructura,19.2321147918701,baseICC2023_2024.xlsx,
705,Matina,Limón,2024,pinfraestructura,36.9599151611328,baseICC2023_2024.xlsx,
706,Guácimo,Limón,2024,pinfraestructura,49.7588958740234,baseICC2023_2024.xlsx,
101,San José,San José,2023,pinfraestructura_rank,5,baseICC2023_2024.xlsx,
102,Escazú,San José,2023,pinfraestructura_rank,12,baseICC2023_2024.xlsx,
103,Desamparados,San José,2023,pinfraestructura_rank,4,baseICC2023_2024.xlsx,
104,Puriscal,San José,2023,pinfraestructura_rank,68,baseICC2023_2024.xlsx,
105,Tarrazú,San José,2023,pinfraestructura_rank,51,baseICC2023_2024.xlsx,
106,Aserrí,San José,2023,pinfraestructura_rank,31,baseICC2023_2024.xlsx,
107,Mora,San José,2023,pinfraestructura_rank,45,baseICC2023_2024.xlsx,
108,Goicoechea,San José,2023,pinfraestructura_rank,9,baseICC2023_2024.xlsx,
109,Santa Ana,San José,2023,pinfraestructura_rank,14,baseICC2023_2024.xlsx,
110,Alajuelita,San José,2023,pinfraestructura_rank,19,baseICC2023_2024.xlsx,
111,Vázquez de Coronado,San José,2023,pinfraestructura_rank,20,baseICC2023_2024.xlsx,
112,Acosta,San José,2023,pinfraestructura_rank,72,baseICC2023_2024.xlsx,
113,Tibás,San José,2023,pinfraestructura_rank,2,baseICC2023_2024.xlsx,
114,Moravia,San José,2023,pinfraestructura_rank,13,baseICC2023_2024.xlsx,
115,Montes de Oca,San José,2023,pinfraestructura_rank,8,baseICC2023_2024.xlsx,
116,Turrubares,San José,2023,pinfraestructura_rank,80,baseICC2023_2024.xlsx,
117,Dota,San José,2023,pinfraestructura_rank,75,baseICC2023_2024.xlsx,
118,Curridabat,San José,2023,pinfraestructura_rank,1,baseICC2023_2024.xlsx,
119,Pérez Zeledón,San José,2023,pinfraestructura_rank,54,baseICC2023_2024.xlsx,
120,León Cortés Castro,San José,2023,pinfraestructura_rank,64,baseICC2023_2024.xlsx,
201,Alajuela,Alajuela,2023,pinfraestructura_rank,21,baseICC2023_2024.xlsx,
202,San Ramón,Alajuela,2023,pinfraestructura_rank,57,baseICC2023_2024.xlsx,
203,Grecia,Alajuela,2023,pinfraestructura_rank,37,baseICC2023_2024.xlsx,
204,San Mateo,Alajuela,2023,pinfraestructura_rank,65,baseICC2023_2024.xlsx,
205,Atenas,Alajuela,2023,pinfraestructura_rank,43,baseICC2023_2024.xlsx,
206,Naranjo,Alajuela,2023,pinfraestructura_rank,42,baseICC2023_2024.xlsx,
207,Palmares,Alajuela,2023,pinfraestructura_rank,23,baseICC2023_2024.xlsx,
208,Poás,Alajuela,2023,pinfraestructura_rank,27,baseICC2023_2024.xlsx,
209,Orotina,Alajuela,2023,pinfraestructura_rank,41,baseICC2023_2024.xlsx,
210,San Carlos,Alajuela,2023,pinfraestructura_rank,28,baseICC2023_2024.xlsx,
211,Zarcero,Alajuela,2023,pinfraestructura_rank,70,baseICC2023_2024.xlsx,
212,Sarchí,Alajuela,2023,pinfraestructura_rank,36,baseICC2023_2024.xlsx,
213,Upala,Alajuela,2023,pinfraestructura_rank,40,baseICC2023_2024.xlsx,
214,Los Chiles,Alajuela,2023,pinfraestructura_rank,52,baseICC2023_2024.xlsx,
215,Guatuso,Alajuela,2023,pinfraestructura_rank,38,baseICC2023_2024.xlsx,
301,Cartago,Cartago,2023,pinfraestructura_rank,18,baseICC2023_2024.xlsx,
302,Paraíso,Cartago,2023,pinfraestructura_rank,26,baseICC2023_2024.xlsx,
303,La Unión,Cartago,2023,pinfraestructura_rank,15,baseICC2023_2024.xlsx,
304,Jiménez,Cartago,2023,pinfraestructura_rank,49,baseICC2023_2024.xlsx,
305,Turrialba,Cartago,2023,pinfraestructura_rank,46,baseICC2023_2024.xlsx,
306,Alvarado,Cartago,2023,pinfraestructura_rank,48,baseICC2023_2024.xlsx,
307,Oreamuno,Cartago,2023,pinfraestructura_rank,30,baseICC2023_2024.xlsx,
308,El Guarco,Cartago,2023,pinfraestructura_rank,35,baseICC2023_2024.xlsx,
401,Heredia,Heredia,2023,pinfraestructura_rank,3,baseICC2023_2024.xlsx,
402,Barva,Heredia,2023,pinfraestructura_rank,16,baseICC2023_2024.xlsx,
403,Santo Domingo,Heredia,2023,pinfraestructura_rank,10,baseICC2023_2024.xlsx,
404,Santa Bárbara,Heredia,2023,pinfraestructura_rank,22,baseICC2023_2024.xlsx,
405,San Rafael,Heredia,2023,pinfraestructura_rank,17,baseICC2023_2024.xlsx,
406,San Isidro,Heredia,2023,pinfraestructura_rank,24,baseICC2023_2024.xlsx,
407,Belén,Heredia,2023,pinfraestructura_rank,11,baseICC2023_2024.xlsx,
408,Flores,Heredia,2023,pinfraestructura_rank,7,baseICC2023_2024.xlsx,
409,San Pablo,Heredia,2023,pinfraestructura_rank,6,baseICC2023_2024.xlsx,
410,Sarapiquí,Heredia,2023,pinfraestructura_rank,71,baseICC2023_2024.xlsx,
501,Liberia,Guanacaste,2023,pinfraestructura_rank,25,baseICC2023_2024.xlsx,
502,Nicoya,Guanacaste,2023,pinfraestructura_rank,74,baseICC2023_2024.xlsx,
503,Santa Cruz,Guanacaste,2023,pinfraestructura_rank,63,baseICC2023_2024.xlsx,
504,Bagaces,Guanacaste,2023,pinfraestructura_rank,47,baseICC2023_2024.xlsx,
505,Carrillo,Guanacaste,2023,pinfraestructura_rank,29,baseICC2023_2024.xlsx,
506,Cañas,Guanacaste,2023,pinfraestructura_rank,34,baseICC2023_2024.xlsx,
507,Abangares,Guanacaste,2023,pinfraestructura_rank,69,baseICC2023_2024.xlsx,
508,Tilarán,Guanacaste,2023,pinfraestructura_rank,32,baseICC2023_2024.xlsx,
509,Nandayure,Guanacaste,2023,pinfraestructura_rank,79,baseICC2023_2024.xlsx,
510,La Cruz,Guanacaste,2023,pinfraestructura_rank,59,baseICC2023_2024.xlsx,
511,Hojancha,Guanacaste,2023,pinfraestructura_rank,77,baseICC2023_2024.xlsx,
601,Puntarenas,Puntarenas,2023,pinfraestructura_rank,66,baseICC2023_2024.xlsx,
602,Esparza,Puntarenas,2023,pinfraestructura_rank,56,baseICC2023_2024.xlsx,
603,Buenos Aires,Puntarenas,2023,pinfraestructura_rank,73,baseICC2023_2024.xlsx,
604,Montes de Oro,Puntarenas,2023,pinfraestructura_rank,39,baseICC2023_2024.xlsx,
605,Osa,Puntarenas,2023,pinfraestructura_rank,76,baseICC2023_2024.xlsx,
606,Quepos,Puntarenas,2023,pinfraestructura_rank,50,baseICC2023_2024.xlsx,
607,Golfito,Puntarenas,2023,pinfraestructura_rank,61,baseICC2023_2024.xlsx,
608,Coto Brus,Puntarenas,2023,pinfraestructura_rank,53,baseICC2023_2024.xlsx,
609,Parrita,Puntarenas,2023,pinfraestructura_rank,62,baseICC2023_2024.xlsx,
610,Corredores,Puntarenas,2023,pinfraestructura_rank,55,baseICC2023_2024.xlsx,
611,Garabito,Puntarenas,2023,pinfraestructura_rank,33,baseICC2023_2024.xlsx,
701,Limón,Limón,2023,pinfraestructura_rank,44,baseICC2023_2024.xlsx,
702,Pococí,Limón,2023,pinfraestructura_rank,60,baseICC2023_2024.xlsx,
703,Siquirres,Limón,2023,pinfraestructura_rank,67,baseICC2023_2024.xlsx,
704,Talamanca,Limón,2023,pinfraestructura_rank,81,baseICC2023_2024.xlsx,
705,Matina,Limón,2023,pinfraestructura_rank,78,baseICC2023_2024.xlsx,
706,Guácimo,Limón,2023,pinfraestructura_rank,58,baseICC2023_2024.xlsx,
101,San José,San José,2024,pinfraestructura_rank,5,baseICC2023_2024.xlsx,
102,Escazú,San José,2024,pinfraestructura_rank,12,baseICC2023_2024.xlsx,
103,Desamparados,San José,2024,pinfraestructura_rank,4,baseICC2023_2024.xlsx,
104,Puriscal,San José,2024,pinfraestructura_rank,69,baseICC2023_2024.xlsx,
105,Tarrazú,San José,2024,pinfraestructura_rank,53,baseICC2023_2024.xlsx,
106,Aserrí,San José,2024,pinfraestructura_rank,35,baseICC2023_2024.xlsx,
107,Mora,San José,2024,pinfraestructura_rank,46,baseICC2023_2024.xlsx,
108,Goicoechea,San José,2024,pinfraestructura_rank,6,baseICC2023_2024.xlsx,
109,Santa Ana,San José,2024,pinfraestructura_rank,15,baseICC2023_2024.xlsx,
110,Alajuelita,San José,2024,pinfraestructura_rank,19,baseICC2023_2024.xlsx,
111,Vázquez de Coronado,San José,2024,pinfraestructura_rank,20,baseICC2023_2024.xlsx,
112,Acosta,San José,2024,pinfraestructura_rank,73,baseICC2023_2024.xlsx,
113,Tibás,San José,2024,pinfraestructura_rank,1,baseICC2023_2024.xlsx,
114,Moravia,San José,2024,pinfraestructura_rank,13,baseICC2023_2024.xlsx,
115,Montes de Oca,San José,2024,pinfraestructura_rank,9,baseICC2023_2024.xlsx,
116,Turrubares,San José,2024,pinfraestructura_rank,81,baseICC2023_2024.xlsx,
117,Dota,San José,2024,pinfraestructura_rank,75,baseICC2023_2024.xlsx,
118,Curridabat,San José,2024,pinfraestructura_rank,2,baseICC2023_2024.xlsx,
119,Pérez Zeledón,San José,2024,pinfraestructura_rank,54,baseICC2023_2024.xlsx,
120,León Cortés Castro,San José,2024,pinfraestructura_rank,68,baseICC2023_2024.xlsx,
201,Alajuela,Alajuela,2024,pinfraestructura_rank,21,baseICC2023_2024.xlsx,
202,San Ramón,Alajuela,2024,pinfraestructura_rank,59,baseICC2023_2024.xlsx,
203,Grecia,Alajuela,2024,pinfraestructura_rank,31,baseICC2023_2024.xlsx,
204,San Mateo,Alajuela,2024,pinfraestructura_rank,60,baseICC2023_2024.xlsx,
205,Atenas,Alajuela,2024,pinfraestructura_rank,45,baseICC2023_2024.xlsx,
206,Naranjo,Alajuela,2024,pinfraestructura_rank,42,baseICC2023_2024.xlsx,
207,Palmares,Alajuela,2024,pinfraestructura_rank,23,baseICC2023_2024.xlsx,
208,Poás,Alajuela,2024,pinfraestructura_rank,28,baseICC2023_2024.xlsx,
209,Orotina,Alajuela,2024,pinfraestructura_rank,36,baseICC2023_2024.xlsx,
210,San Carlos,Alajuela,2024,pinfraestructura_rank,39,baseICC2023_2024.xlsx,
211,Zarcero,Alajuela,2024,pinfraestructura_rank,71,baseICC2023_2024.xlsx,
212,Sarchí,Alajuela,2024,pinfraestructura_rank,38,baseICC2023_2024.xlsx,
213,Upala,Alajuela,2024,pinfraestructura_rank,52,baseICC2023_2024.xlsx,
214,Los Chiles,Alajuela,2024,pinfraestructura_rank,67,baseICC2023_2024.xlsx,
215,Guatuso,Alajuela,2024,pinfraestructura_rank,47,baseICC2023_2024.xlsx,
216,Río Cuarto,Alajuela,2024,pinfraestructura_rank,66,baseICC2023_2024.xlsx,
301,Cartago,Cartago,2024,pinfraestructura_rank,18,baseICC2023_2024.xlsx,
302,Paraíso,Cartago,2024,pinfraestructura_rank,26,baseICC2023_2024.xlsx,
303,La Unión,Cartago,2024,pinfraestructura_rank,14,baseICC2023_2024.xlsx,
304,Jiménez,Cartago,2024,pinfraestructura_rank,51,baseICC2023_2024.xlsx,
305,Turrialba,Cartago,2024,pinfraestructura_rank,48,baseICC2023_2024.xlsx,
306,Alvarado,Cartago,2024,pinfraestructura_rank,49,baseICC2023_2024.xlsx,
307,Oreamuno,Cartago,2024,pinfraestructura_rank,33,baseICC2023_2024.xlsx,
308,El Guarco,Cartago,2024,pinfraestructura_rank,37,baseICC2023_2024.xlsx,
401,Heredia,Heredia,2024,pinfraestructura_rank,3,baseICC2023_2024.xlsx,
402,Barva,Heredia,2024,pinfraestructura_rank,16,baseICC2023_2024.xlsx,
403,Santo Domingo,Heredia,2024,pinfraestructura_rank,10,baseICC2023_2024.xlsx,
404,Santa Bárbara,Heredia,2024,pinfraestructura_rank,22,baseICC2023_2024.xlsx,
405,San Rafael,Heredia,2024,pinfraestructura_rank,17,baseICC2023_2024.xlsx,
406,San Isidro,Heredia,2024,pinfraestructura_rank,24,baseICC2023_2024.xlsx,
407,Belén,Heredia,2024,pinfraestructura_rank,11,baseICC2023_2024.xlsx,
408,Flores,Heredia,2024,pinfraestructura_rank,8,baseICC2023_2024.xlsx,
409,San Pablo,Heredia,2024,pinfraestructura_rank,7,baseICC2023_2024.xlsx,
410,Sarapiquí,Heredia,2024,pinfraestructura_rank,79,baseICC2023_2024.xlsx,
501,Liberia,Guanacaste,2024,pinfraestructura_rank,25,baseICC2023_2024.xlsx,
502,Nicoya,Guanacaste,2024,pinfraestructura_rank,72,baseICC2023_2024.xlsx,
503,Santa Cruz,Guanacaste,2024,pinfraestructura_rank,63,baseICC2023_2024.xlsx,
504,Bagaces,Guanacaste,2024,pinfraestructura_rank,44,baseICC2023_2024.xlsx,
505,Carrillo,Guanacaste,2024,pinfraestructura_rank,30,baseICC2023_2024.xlsx,
506,Cañas,Guanacaste,2024,pinfraestructura_rank,29,baseICC2023_2024.xlsx,
507,Abangares,Guanacaste,2024,pinfraestructura_rank,70,baseICC2023_2024.xlsx,
508,Tilarán,Guanacaste,2024,pinfraestructura_rank,32,baseICC2023_2024.xlsx,
509,Nandayure,Guanacaste,2024,pinfraestructura_rank,80,baseICC2023_2024.xlsx,
510,La Cruz,Guanacaste,2024,pinfraestructura_rank,61,baseICC2023_2024.xlsx,
511,Hojancha,Guanacaste,2024,pinfraestructura_rank,78,baseICC2023_2024.xlsx,
601,Puntarenas,Puntarenas,2024,pinfraestructura_rank,62,baseICC2023_2024.xlsx,
602,Esparza,Puntarenas,2024,pinfraestructura_rank,43,baseICC2023_2024.xlsx,
603,Buenos Aires,Puntarenas,2024,pinfraestructura_rank,74,baseICC2023_2024.xlsx,
604,Montes de Oro,Puntarenas,2024,pinfraestructura_rank,34,baseICC2023_2024.xlsx,
605,Osa,Puntarenas,2024,pinfraestructura_rank,77,baseICC2023_2024.xlsx,
606,Quepos,Puntarenas,2024,pinfraestructura_rank,41,baseICC2023_2024.xlsx,
607,Golfito,Puntarenas,2024,pinfraestructura_rank,64,baseICC2023_2024.xlsx,
608,Coto Brus,Puntarenas,2024,pinfraestructura_rank,55,baseICC2023_2024.xlsx,
609,Parrita,Puntarenas,2024,pinfraestructura_rank,58,baseICC2023_2024.xlsx,
610,Corredores,Puntarenas,2024,pinfraestructura_rank,57,baseICC2023_2024.xlsx,
611,Garabito,Puntarenas,2024,pinfraestructura_rank,27,baseICC2023_2024.xlsx,
701,Limón,Limón,2024,pinfraestructura_rank,40,baseICC2023_2024.xlsx,
702,Pococí,Limón,2024,pinfraestructura_rank,56,baseICC2023_2024.xlsx,
703,Siquirres,Limón,2024,pinfraestructura_rank,65,baseICC2023_2024.xlsx,
704,Talamanca,Limón,2024,pinfraestructura_rank,82,baseICC2023_2024.xlsx,
705,Matina,Limón,2024,pinfraestructura_rank,76,baseICC2023_2024.xlsx,
706,Guácimo,Limón,2024,pinfraestructura_rank,50,baseICC2023_2024.xlsx,
101,San José,San José,2023,pinfraestructura_categ,407,baseICC2023_2024.xlsx,
102,Escazú,San José,2023,pinfraestructura_categ,371,baseICC2023_2024.xlsx,
103,Desamparados,San José,2023,pinfraestructura_categ,412,baseICC2023_2024.xlsx,
104,Puriscal,San José,2023,pinfraestructura_categ,213,baseICC2023_2024.xlsx,
105,Tarrazú,San José,2023,pinfraestructura_categ,246,baseICC2023_2024.xlsx,
106,Aserrí,San José,2023,pinfraestructura_categ,285,baseICC2023_2024.xlsx,
107,Mora,San José,2023,pinfraestructura_categ,255,baseICC2023_2024.xlsx,
108,Goicoechea,San José,2023,pinfraestructura_categ,403,baseICC2023_2024.xlsx,
109,Santa Ana,San José,2023,pinfraestructura_categ,361,baseICC2023_2024.xlsx,
110,Alajuelita,San José,2023,pinfraestructura_categ,347,baseICC2023_2024.xlsx,
111,Vázquez de Coronado,San José,2023,pinfraestructura_categ,337,baseICC2023_2024.xlsx,
112,Acosta,San José,2023,pinfraestructura_categ,195,baseICC2023_2024.xlsx,
113,Tibás,San José,2023,pinfraestructura_categ,420,baseICC2023_2024.xlsx,
114,Moravia,San José,2023,pinfraestructura_categ,367,baseICC2023_2024.xlsx,
115,Montes de Oca,San José,2023,pinfraestructura_categ,405,baseICC2023_2024.xlsx,
116,Turrubares,San José,2023,pinfraestructura_categ,120,baseICC2023_2024.xlsx,
117,Dota,San José,2023,pinfraestructura_categ,189,baseICC2023_2024.xlsx,
118,Curridabat,San José,2023,pinfraestructura_categ,422,baseICC2023_2024.xlsx,
119,Pérez Zeledón,San José,2023,pinfraestructura_categ,241,baseICC2023_2024.xlsx,
120,León Cortés Castro,San José,2023,pinfraestructura_categ,223,baseICC2023_2024.xlsx,
201,Alajuela,Alajuela,2023,pinfraestructura_categ,327,baseICC2023_2024.xlsx,
202,San Ramón,Alajuela,2023,pinfraestructura_categ,239,baseICC2023_2024.xlsx,
203,Grecia,Alajuela,2023,pinfraestructura_categ,274,baseICC2023_2024.xlsx,
204,San Mateo,Alajuela,2023,pinfraestructura_categ,222,baseICC2023_2024.xlsx,
205,Atenas,Alajuela,2023,pinfraestructura_categ,258,baseICC2023_2024.xlsx,
206,Naranjo,Alajuela,2023,pinfraestructura_categ,258,baseICC2023_2024.xlsx,
207,Palmares,Alajuela,2023,pinfraestructura_categ,321,baseICC2023_2024.xlsx,
208,Poás,Alajuela,2023,pinfraestructura_categ,291,baseICC2023_2024.xlsx,
209,Orotina,Alajuela,2023,pinfraestructura_categ,264,baseICC2023_2024.xlsx,
210,San Carlos,Alajuela,2023,pinfraestructura_categ,291,baseICC2023_2024.xlsx,
211,Zarcero,Alajuela,2023,pinfraestructura_categ,206,baseICC2023_2024.xlsx,
212,Sarchí,Alajuela,2023,pinfraestructura_categ,274,baseICC2023_2024.xlsx,
213,Upala,Alajuela,2023,pinfraestructura_categ,265,baseICC2023_2024.xlsx,
214,Los Chiles,Alajuela,2023,pinfraestructura_categ,245,baseICC2023_2024.xlsx,
215,Guatuso,Alajuela,2023,pinfraestructura_categ,272,baseICC2023_2024.xlsx,
301,Cartago,Cartago,2023,pinfraestructura_categ,347,baseICC2023_2024.xlsx,
302,Paraíso,Cartago,2023,pinfraestructura_categ,302,baseICC2023_2024.xlsx,
303,La Unión,Cartago,2023,pinfraestructura_categ,359,baseICC2023_2024.xlsx,
304,Jiménez,Cartago,2023,pinfraestructura_categ,248,baseICC2023_2024.xlsx,
305,Turrialba,Cartago,2023,pinfraestructura_categ,252,baseICC2023_2024.xlsx,
306,Alvarado,Cartago,2023,pinfraestructura_categ,251,baseICC2023_2024.xlsx,
307,Oreamuno,Cartago,2023,pinfraestructura_categ,286,baseICC2023_2024.xlsx,
308,El Guarco,Cartago,2023,pinfraestructura_categ,274,baseICC2023_2024.xlsx,
401,Heredia,Heredia,2023,pinfraestructura_categ,418,baseICC2023_2024.xlsx,
402,Barva,Heredia,2023,pinfraestructura_categ,353,baseICC2023_2024.xlsx,
403,Santo Domingo,Heredia,2023,pinfraestructura_categ,395,baseICC2023_2024.xlsx,
404,Santa Bárbara,Heredia,2023,pinfraestructura_categ,326,baseICC2023_2024.xlsx,
405,San Rafael,Heredia,2023,pinfraestructura_categ,351,baseICC2023_2024.xlsx,
406,San Isidro,Heredia,2023,pinfraestructura_categ,317,baseICC2023_2024.xlsx,
407,Belén,Heredia,2023,pinfraestructura_categ,393,baseICC2023_2024.xlsx,
408,Flores,Heredia,2023,pinfraestructura_categ,406,baseICC2023_2024.xlsx,
409,San Pablo,Heredia,2023,pinfraestructura_categ,407,baseICC2023_2024.xlsx,
410,Sarapiquí,Heredia,2023,pinfraestructura_categ,200,baseICC2023_2024.xlsx,
501,Liberia,Guanacaste,2023,pinfraestructura_categ,306,baseICC2023_2024.xlsx,
502,Nicoya,Guanacaste,2023,pinfraestructura_categ,190,baseICC2023_2024.xlsx,
503,Santa Cruz,Guanacaste,2023,pinfraestructura_categ,225,baseICC2023_2024.xlsx,
504,Bagaces,Guanacaste,2023,pinfraestructura_categ,252,baseICC2023_2024.xlsx,
505,Carrillo,Guanacaste,2023,pinfraestructura_categ,286,baseICC2023_2024.xlsx,
506,Cañas,Guanacaste,2023,pinfraestructura_categ,275,baseICC2023_2024.xlsx,
507,Abangares,Guanacaste,2023,pinfraestructura_categ,206,baseICC2023_2024.xlsx,
508,Tilarán,Guanacaste,2023,pinfraestructura_categ,282,baseICC2023_2024.xlsx,
509,Nandayure,Guanacaste,2023,pinfraestructura_categ,147,baseICC2023_2024.xlsx,
510,La Cruz,Guanacaste,2023,pinfraestructura_categ,235,baseICC2023_2024.xlsx,
511,Hojancha,Guanacaste,2023,pinfraestructura_categ,178,baseICC2023_2024.xlsx,
601,Puntarenas,Puntarenas,2023,pinfraestructura_categ,215,baseICC2023_2024.xlsx,
602,Esparza,Puntarenas,2023,pinfraestructura_categ,240,baseICC2023_2024.xlsx,
603,Buenos Aires,Puntarenas,2023,pinfraestructura_categ,192,baseICC2023_2024.xlsx,
604,Montes de Oro,Puntarenas,2023,pinfraestructura_categ,268,baseICC2023_2024.xlsx,
605,Osa,Puntarenas,2023,pinfraestructura_categ,183,baseICC2023_2024.xlsx,
606,Quepos,Puntarenas,2023,pinfraestructura_categ,247,baseICC2023_2024.xlsx,
607,Golfito,Puntarenas,2023,pinfraestructura_categ,227,baseICC2023_2024.xlsx,
608,Coto Brus,Puntarenas,2023,pinfraestructura_categ,241,baseICC2023_2024.xlsx,
609,Parrita,Puntarenas,2023,pinfraestructura_categ,226,baseICC2023_2024.xlsx,
610,Corredores,Puntarenas,2023,pinfraestructura_categ,240,baseICC2023_2024.xlsx,
611,Garabito,Puntarenas,2023,pinfraestructura_categ,278,baseICC2023_2024.xlsx,
701,Limón,Limón,2023,pinfraestructura_categ,256,baseICC2023_2024.xlsx,
702,Pococí,Limón,2023,pinfraestructura_categ,233,baseICC2023_2024.xlsx,
703,Siquirres,Limón,2023,pinfraestructura_categ,215,baseICC2023_2024.xlsx,
704,Talamanca,Limón,2023,pinfraestructura_categ,89,baseICC2023_2024.xlsx,
705,Matina,Limón,2023,pinfraestructura_categ,169,baseICC2023_2024.xlsx,
706,Guácimo,Limón,2023,pinfraestructura_categ,238,baseICC2023_2024.xlsx,
101,San José,San José,2024,pinfraestructura_categ,Muy alto,baseICC2023_2024.xlsx,
102,Escazú,San José,2024,pinfraestructura_categ,Alto,baseICC2023_2024.xlsx,
103,Desamparados,San José,2024,pinfraestructura_categ,Muy alto,baseICC2023_2024.xlsx,
104,Puriscal,San José,2024,pinfraestructura_categ,Medio,baseICC2023_2024.xlsx,
105,Tarrazú,San José,2024,pinfraestructura_categ,Medio,baseICC2023_2024.xlsx,
106,Aserrí,San José,2024,pinfraestructura_categ,Medio,baseICC2023_2024.xlsx,
107,Mora,San José,2024,pinfraestructura_categ,Medio,baseICC2023_2024.xlsx,
108,Goicoechea,San José,2024,pinfraestructura_categ,Muy alto,baseICC2023_2024.xlsx,
109,Santa Ana,San José,2024,pinfraestructura_categ,Alto,baseICC2023_2024.xlsx,
110,Alajuelita,San José,2024,pinfraestructura_categ,Alto,baseICC2023_2024.xlsx,
111,Vázquez de Coronado,San José,2024,pinfraestructura_categ,Alto,baseICC2023_2024.xlsx,
112,Acosta,San José,2024,pinfraestructura_categ,Bajo,baseICC2023_2024.xlsx,
113,Tibás,San José,2024,pinfraestructura_categ,Muy alto,baseICC2023_2024.xlsx,
114,Moravia,San José,2024,pinfraestructura_categ,Alto,baseICC2023_2024.xlsx,
115,Montes de Oca,San José,2024,pinfraestructura_categ,Muy alto,baseICC2023_2024.xlsx,
116,Turrubares,San José,2024,pinfraestructura_categ,Bajo,baseICC2023_2024.xlsx,
117,Dota,San José,2024,pinfraestructura_categ,Bajo,baseICC2023_2024.xlsx,
118,Curridabat,San José,2024,pinfraestructura_categ,Muy alto,baseICC2023_2024.xlsx,
119,Pérez Zeledón,San José,2024,pinfraestructura_categ,Medio,baseICC2023_2024.xlsx,
120,León Cortés Castro,San José,2024,pinfraestructura_categ,Medio,baseICC2023_2024.xlsx,
201,Alajuela,Alajuela,2024,pinfraestructura_categ,Alto,baseICC2023_2024.xlsx,
202,San Ramón,Alajuela,2024,pinfraestructura_categ,Medio,baseICC2023_2024.xlsx,
203,Grecia,Alajuela,2024,pinfraestructura_categ,Medio,baseICC2023_2024.xlsx,
204,San Mateo,Alajuela,2024,pinfraestructura_categ,Medio,baseICC2023_2024.xlsx,
205,Atenas,Alajuela,2024,pinfraestructura_categ,Medio,baseICC2023_2024.xlsx,
206,Naranjo,Alajuela,2024,pinfraestructura_categ,Medio,baseICC2023_2024.xlsx,
207,Palmares,Alajuela,2024,pinfraestructura_categ,Alto,baseICC2023_2024.xlsx,
208,Poás,Alajuela,2024,pinfraestructura_categ,Medio,baseICC2023_2024.xlsx,
209,Orotina,Alajuela,2024,pinfraestructura_categ,Medio,baseICC2023_2024.xlsx,
210,San Carlos,Alajuela,2024,pinfraestructura_categ,Medio,baseICC2023_2024.xlsx,
211,Zarcero,Alajuela,2024,pinfraestructura_categ,Medio,baseICC2023_2024.xlsx,
212,Sarchí,Alajuela,2024,pinfraestructura_categ,Medio,baseICC2023_2024.xlsx,
213,Upala,Alajuela,2024,pinfraestructura_categ,Medio,baseICC2023_2024.xlsx,
214,Los Chiles,Alajuela,2024,pinfraestructura_categ,Medio,baseICC2023_2024.xlsx,
215,Guatuso,Alajuela,2024,pinfraestructura_categ,Medio,baseICC2023_2024.xlsx,
216,Río Cuarto,Alajuela,2024,pinfraestructura_categ,Medio,baseICC2023_2024.xlsx,
301,Cartago,Cartago,2024,pinfraestructura_categ,Alto,baseICC2023_2024.xlsx,
302,Paraíso,Cartago,2024,pinfraestructura_categ,Alto,baseICC2023_2024.xlsx,
303,La Unión,Cartago,2024,pinfraestructura_categ,Alto,baseICC2023_2024.xlsx,
304,Jiménez,Cartago,2024,pinfraestructura_categ,Medio,baseICC2023_2024.xlsx,
305,Turrialba,Cartago,2024,pinfraestructura_categ,Medio,baseICC2023_2024.xlsx,
306,Alvarado,Cartago,2024,pinfraestructura_categ,Medio,baseICC2023_2024.xlsx,
307,Oreamuno,Cartago,2024,pinfraestructura_categ,Medio,baseICC2023_2024.xlsx,
308,El Guarco,Cartago,2024,pinfraestructura_categ,Medio,baseICC2023_2024.xlsx,
401,Heredia,Heredia,2024,pinfraestructura_categ,Muy alto,baseICC2023_2024.xlsx,
402,Barva,Heredia,2024,pinfraestructura_categ,Alto,baseICC2023_2024.xlsx,
403,Santo Domingo,Heredia,2024,pinfraestructura_categ,Muy alto,baseICC2023_2024.xlsx,
404,Santa Bárbara,Heredia,2024,pinfraestructura_categ,Alto,baseICC2023_2024.xlsx,
405,San Rafael,Heredia,2024,pinfraestructura_categ,Alto,baseICC2023_2024.xlsx,
406,San Isidro,Heredia,2024,pinfraestructura_categ,Alto,baseICC2023_2024.xlsx,
407,Belén,Heredia,2024,pinfraestructura_categ,Alto,baseICC2023_2024.xlsx,
408,Flores,Heredia,2024,pinfraestructura_categ,Muy alto,baseICC2023_2024.xlsx,
409,San Pablo,Heredia,2024,pinfraestructura_categ,Muy alto,baseICC2023_2024.xlsx,
410,Sarapiquí,Heredia,2024,pinfraestructura_categ,Bajo,baseICC2023_2024.xlsx,
501,Liberia,Guanacaste,2024,pinfraestructura_categ,Alto,baseICC2023_2024.xlsx,
502,Nicoya,Guanacaste,2024,pinfraestructura_categ,Bajo,baseICC2023_2024.xlsx,
503,Santa Cruz,Guanacaste,2024,pinfraestructura_categ,Medio,baseICC2023_2024.xlsx,
504,Bagaces,Guanacaste,2024,pinfraestructura_categ,Medio,baseICC2023_2024.xlsx,
505,Carrillo,Guanacaste,2024,pinfraestructura_categ,Medio,baseICC2023_2024.xlsx,
506,Cañas,Guanacaste,2024,pinfraestructura_categ,Medio,baseICC2023_2024.xlsx,
507,Abangares,Guanacaste,2024,pinfraestructura_categ,Medio,baseICC2023_2024.xlsx,
508,Tilarán,Guanacaste,2024,pinfraestructura_categ,Medio,baseICC2023_2024.xlsx,
509,Nandayure,Guanacaste,2024,pinfraestructura_categ,Bajo,baseICC2023_2024.xlsx,
510,La Cruz,Guanacaste,2024,pinfraestructura_categ,Medio,baseICC2023_2024.xlsx,
511,Hojancha,Guanacaste,2024,pinfraestructura_categ,Bajo,baseICC2023_2024.xlsx,
601,Puntarenas,Puntarenas,2024,pinfraestructura_categ,Medio,baseICC2023_2024.xlsx,
602,Esparza,Puntarenas,2024,pinfraestructura_categ,Medio,baseICC2023_2024.xlsx,
603,Buenos Aires,Puntarenas,2024,pinfraestructura_categ,Bajo,baseICC2023_2024.xlsx,
604,Montes de Oro,Puntarenas,2024,pinfraestructura_categ,Medio,baseICC2023_2024.xlsx,
605,Osa,Puntarenas,2024,pinfraestructura_categ,Bajo,baseICC2023_2024.xlsx,
606,Quepos,Puntarenas,2024,pinfraestructura_categ,Medio,baseICC2023_2024.xlsx,
607,Golfito,Puntarenas,2024,pinfraestructura_categ,Medio,baseICC2023_2024.xlsx,
608,Coto Brus,Puntarenas,2024,pinfraestructura_categ,Medio,baseICC2023_2024.xlsx,
609,Parrita,Puntarenas,2024,pinfraestructura_categ,Medio,baseICC2023_2024.xlsx,
610,Corredores,Puntarenas,2024,pinfraestructura_categ,Medio,baseICC2023_2024.xlsx,
611,Garabito,Puntarenas,2024,pinfraestructura_categ,Medio,baseICC2023_2024.xlsx,
701,Limón,Limón,2024,pinfraestructura_categ,Medio,baseICC2023_2024.xlsx,
702,Pococí,Limón,2024,pinfraestructura_categ,Medio,baseICC2023_2024.xlsx,
703,Siquirres,Limón,2024,pinfraestructura_categ,Medio,baseICC2023_2024.xlsx,
704,Talamanca,Limón,2024,pinfraestructura_categ,Muy Bajo,baseICC2023_2024.xlsx,
705,Matina,Limón,2024,pinfraestructura_categ,Bajo,baseICC2023_2024.xlsx,
706,Guácimo,Limón,2024,pinfraestructura_categ,Medio,baseICC2023_2024.xlsx,
101,San José,San José,2023,plaboral,64.4809875488281,baseICC2023_2024.xlsx,
102,Escazú,San José,2023,plaboral,56.2682113647461,baseICC2023_2024.xlsx,
103,Desamparados,San José,2023,plaboral,68.7111434936523,baseICC2023_2024.xlsx,
104,Puriscal,San José,2023,plaboral,58.0753898620606,baseICC2023_2024.xlsx,
105,Tarrazú,San José,2023,plaboral,31.9631767272949,baseICC2023_2024.xlsx,
106,Aserrí,San José,2023,plaboral,51.1100654602051,baseICC2023_2024.xlsx,
107,Mora,San José,2023,plaboral,48.3393325805664,baseICC2023_2024.xlsx,
108,Goicoechea,San José,2023,plaboral,57.2720909118652,baseICC2023_2024.xlsx,
109,Santa Ana,San José,2023,plaboral,48.2252616882324,baseICC2023_2024.xlsx,
110,Alajuelita,San José,2023,plaboral,51.3753204345703,baseICC2023_2024.xlsx,
111,Vázquez de Coronado,San José,2023,plaboral,52.2728042602539,baseICC2023_2024.xlsx,
112,Acosta,San José,2023,plaboral,39.364673614502,baseICC2023_2024.xlsx,
113,Tibás,San José,2023,plaboral,51.7218246459961,baseICC2023_2024.xlsx,
114,Moravia,San José,2023,plaboral,62.0624923706055,baseICC2023_2024.xlsx,
115,Montes de Oca,San José,2023,plaboral,63.3108596801758,baseICC2023_2024.xlsx,
116,Turrubares,San José,2023,plaboral,22.6156387329102,baseICC2023_2024.xlsx,
117,Dota,San José,2023,plaboral,33.7184982299805,baseICC2023_2024.xlsx,
118,Curridabat,San José,2023,plaboral,53.9525527954102,baseICC2023_2024.xlsx,
119,Pérez Zeledón,San José,2023,plaboral,63.9187850952148,baseICC2023_2024.xlsx,
120,León Cortés Castro,San José,2023,plaboral,31.1655330657959,baseICC2023_2024.xlsx,
201,Alajuela,Alajuela,2023,plaboral,74.2118682861328,baseICC2023_2024.xlsx,
202,San Ramón,Alajuela,2023,plaboral,61.6245918273926,baseICC2023_2024.xlsx,
203,Grecia,Alajuela,2023,plaboral,57.3192672729492,baseICC2023_2024.xlsx,
204,San Mateo,Alajuela,2023,plaboral,51.9115409851074,baseICC2023_2024.xlsx,
205,Atenas,Alajuela,2023,plaboral,55.073657989502,baseICC2023_2024.xlsx,
206,Naranjo,Alajuela,2023,plaboral,54.5751647949219,baseICC2023_2024.xlsx,
207,Palmares,Alajuela,2023,plaboral,56.8373985290527,baseICC2023_2024.xlsx,
208,Poás,Alajuela,2023,plaboral,52.5756950378418,baseICC2023_2024.xlsx,
209,Orotina,Alajuela,2023,plaboral,47.2152481079102,baseICC2023_2024.xlsx,
210,San Carlos,Alajuela,2023,plaboral,60.4871940612793,baseICC2023_2024.xlsx,
211,Zarcero,Alajuela,2023,plaboral,41.2381706237793,baseICC2023_2024.xlsx,
212,Sarchí,Alajuela,2023,plaboral,43.8689079284668,baseICC2023_2024.xlsx,
213,Upala,Alajuela,2023,plaboral,32.8034019470215,baseICC2023_2024.xlsx,
214,Los Chiles,Alajuela,2023,plaboral,20.6504573822022,baseICC2023_2024.xlsx,
215,Guatuso,Alajuela,2023,plaboral,31.3573169708252,baseICC2023_2024.xlsx,
301,Cartago,Cartago,2023,plaboral,66.394905090332,baseICC2023_2024.xlsx,
302,Paraíso,Cartago,2023,plaboral,54.2725028991699,baseICC2023_2024.xlsx,
303,La Unión,Cartago,2023,plaboral,50.6735954284668,baseICC2023_2024.xlsx,
304,Jiménez,Cartago,2023,plaboral,39.1595726013184,baseICC2023_2024.xlsx,
305,Turrialba,Cartago,2023,plaboral,51.5154190063477,baseICC2023_2024.xlsx,
306,Alvarado,Cartago,2023,plaboral,41.6422920227051,baseICC2023_2024.xlsx,
307,Oreamuno,Cartago,2023,plaboral,45.9502372741699,baseICC2023_2024.xlsx,
308,El Guarco,Cartago,2023,plaboral,53.2107238769531,baseICC2023_2024.xlsx,
401,Heredia,Heredia,2023,plaboral,60.2095336914063,baseICC2023_2024.xlsx,
402,Barva,Heredia,2023,plaboral,55.6179008483887,baseICC2023_2024.xlsx,
403,Santo Domingo,Heredia,2023,plaboral,59.3874435424805,baseICC2023_2024.xlsx,
404,Santa Bárbara,Heredia,2023,plaboral,50.6239433288574,baseICC2023_2024.xlsx,
405,San Rafael,Heredia,2023,plaboral,49.9794158935547,baseICC2023_2024.xlsx,
406,San Isidro,Heredia,2023,plaboral,40.7294807434082,baseICC2023_2024.xlsx,
407,Belén,Heredia,2023,plaboral,58.5276565551758,baseICC2023_2024.xlsx,
408,Flores,Heredia,2023,plaboral,57.0987052917481,baseICC2023_2024.xlsx,
409,San Pablo,Heredia,2023,plaboral,44.8109016418457,baseICC2023_2024.xlsx,
410,Sarapiquí,Heredia,2023,plaboral,46.5453262329102,baseICC2023_2024.xlsx,
501,Liberia,Guanacaste,2023,plaboral,61.9361991882324,baseICC2023_2024.xlsx,
502,Nicoya,Guanacaste,2023,plaboral,56.064208984375,baseICC2023_2024.xlsx,
503,Santa Cruz,Guanacaste,2023,plaboral,63.6268882751465,baseICC2023_2024.xlsx,
504,Bagaces,Guanacaste,2023,plaboral,46.8958168029785,baseICC2023_2024.xlsx,
505,Carrillo,Guanacaste,2023,plaboral,54.3734703063965,baseICC2023_2024.xlsx,
506,Cañas,Guanacaste,2023,plaboral,50.4003448486328,baseICC2023_2024.xlsx,
507,Abangares,Guanacaste,2023,plaboral,29.509822845459,baseICC2023_2024.xlsx,
508,Tilarán,Guanacaste,2023,plaboral,31.4826126098633,baseICC2023_2024.xlsx,
509,Nandayure,Guanacaste,2023,plaboral,31.2575206756592,baseICC2023_2024.xlsx,
510,La Cruz,Guanacaste,2023,plaboral,39.9882431030273,baseICC2023_2024.xlsx,
511,Hojancha,Guanacaste,2023,plaboral,38.6363334655762,baseICC2023_2024.xlsx,
601,Puntarenas,Puntarenas,2023,plaboral,62.2162246704102,baseICC2023_2024.xlsx,
602,Esparza,Puntarenas,2023,plaboral,56.763599395752,baseICC2023_2024.xlsx,
603,Buenos Aires,Puntarenas,2023,plaboral,29.1051959991455,baseICC2023_2024.xlsx,
604,Montes de Oro,Puntarenas,2023,plaboral,38.5205497741699,baseICC2023_2024.xlsx,
605,Osa,Puntarenas,2023,plaboral,46.8846626281738,baseICC2023_2024.xlsx,
606,Quepos,Puntarenas,2023,plaboral,47.6145057678223,baseICC2023_2024.xlsx,
607,Golfito,Puntarenas,2023,plaboral,45.6554069519043,baseICC2023_2024.xlsx,
608,Coto Brus,Puntarenas,2023,plaboral,41.9046020507813,baseICC2023_2024.xlsx,
609,Parrita,Puntarenas,2023,plaboral,31.3144435882568,baseICC2023_2024.xlsx,
610,Corredores,Puntarenas,2023,plaboral,44.392578125,baseICC2023_2024.xlsx,
611,Garabito,Puntarenas,2023,plaboral,45.4224090576172,baseICC2023_2024.xlsx,
701,Limón,Limón,2023,plaboral,51.7174415588379,baseICC2023_2024.xlsx,
702,Pococí,Limón,2023,plaboral,60.1133041381836,baseICC2023_2024.xlsx,
703,Siquirres,Limón,2023,plaboral,39.8046836853027,baseICC2023_2024.xlsx,
704,Talamanca,Limón,2023,plaboral,36.2843437194824,baseICC2023_2024.xlsx,
705,Matina,Limón,2023,plaboral,36.8329467773438,baseICC2023_2024.xlsx,
706,Guácimo,Limón,2023,plaboral,52.8108711242676,baseICC2023_2024.xlsx,
101,San José,San José,2024,plaboral,67.6175689697266,baseICC2023_2024.xlsx,
102,Escazú,San José,2024,plaboral,58.637020111084,baseICC2023_2024.xlsx,
103,Desamparados,San José,2024,plaboral,69.3275146484375,baseICC2023_2024.xlsx,
104,Puriscal,San José,2024,plaboral,60.2967720031738,baseICC2023_2024.xlsx,
105,Tarrazú,San José,2024,plaboral,33.716968536377,baseICC2023_2024.xlsx,
106,Aserrí,San José,2024,plaboral,56.1096496582031,baseICC2023_2024.xlsx,
107,Mora,San José,2024,plaboral,57.4831848144531,baseICC2023_2024.xlsx,
108,Goicoechea,San José,2024,plaboral,64.0932846069336,baseICC2023_2024.xlsx,
109,Santa Ana,San José,2024,plaboral,51.2222366333008,baseICC2023_2024.xlsx,
110,Alajuelita,San José,2024,plaboral,55.5845260620117,baseICC2023_2024.xlsx,
111,Vázquez de Coronado,San José,2024,plaboral,53.7051048278809,baseICC2023_2024.xlsx,
112,Acosta,San José,2024,plaboral,41.5073280334473,baseICC2023_2024.xlsx,
113,Tibás,San José,2024,plaboral,51.6899642944336,baseICC2023_2024.xlsx,
114,Moravia,San José,2024,plaboral,64.9479141235352,baseICC2023_2024.xlsx,
115,Montes de Oca,San José,2024,plaboral,67.9109954833984,baseICC2023_2024.xlsx,
116,Turrubares,San José,2024,plaboral,28.0622940063477,baseICC2023_2024.xlsx,
117,Dota,San José,2024,plaboral,35.5159111022949,baseICC2023_2024.xlsx,
118,Curridabat,San José,2024,plaboral,58.7471046447754,baseICC2023_2024.xlsx,
119,Pérez Zeledón,San José,2024,plaboral,66.6919937133789,baseICC2023_2024.xlsx,
120,León Cortés Castro,San José,2024,plaboral,37.7020988464356,baseICC2023_2024.xlsx,
201,Alajuela,Alajuela,2024,plaboral,76.6398620605469,baseICC2023_2024.xlsx,
202,San Ramón,Alajuela,2024,plaboral,64.3673248291016,baseICC2023_2024.xlsx,
203,Grecia,Alajuela,2024,plaboral,67.3883209228516,baseICC2023_2024.xlsx,
204,San Mateo,Alajuela,2024,plaboral,50.0231704711914,baseICC2023_2024.xlsx,
205,Atenas,Alajuela,2024,plaboral,59.0302505493164,baseICC2023_2024.xlsx,
206,Naranjo,Alajuela,2024,plaboral,57.2254981994629,baseICC2023_2024.xlsx,
207,Palmares,Alajuela,2024,plaboral,60.788459777832,baseICC2023_2024.xlsx,
208,Poás,Alajuela,2024,plaboral,54.1010665893555,baseICC2023_2024.xlsx,
209,Orotina,Alajuela,2024,plaboral,47.3962936401367,baseICC2023_2024.xlsx,
210,San Carlos,Alajuela,2024,plaboral,63.3115921020508,baseICC2023_2024.xlsx,
211,Zarcero,Alajuela,2024,plaboral,44.1174583435059,baseICC2023_2024.xlsx,
212,Sarchí,Alajuela,2024,plaboral,44.714412689209,baseICC2023_2024.xlsx,
213,Upala,Alajuela,2024,plaboral,37.2566833496094,baseICC2023_2024.xlsx,
214,Los Chiles,Alajuela,2024,plaboral,23.1618785858154,baseICC2023_2024.xlsx,
215,Guatuso,Alajuela,2024,plaboral,28.5511989593506,baseICC2023_2024.xlsx,
216,Río Cuarto,Alajuela,2024,plaboral,52.9173393249512,baseICC2023_2024.xlsx,
301,Cartago,Cartago,2024,plaboral,69.9502563476563,baseICC2023_2024.xlsx,
302,Paraíso,Cartago,2024,plaboral,56.7210006713867,baseICC2023_2024.xlsx,
303,La Unión,Cartago,2024,plaboral,54.0198440551758,baseICC2023_2024.xlsx,
304,Jiménez,Cartago,2024,plaboral,40.8884658813477,baseICC2023_2024.xlsx,
305,Turrialba,Cartago,2024,plaboral,56.8948249816895,baseICC2023_2024.xlsx,
306,Alvarado,Cartago,2024,plaboral,43.7162246704102,baseICC2023_2024.xlsx,
307,Oreamuno,Cartago,2024,plaboral,48.1474761962891,baseICC2023_2024.xlsx,
308,El Guarco,Cartago,2024,plaboral,55.8008575439453,baseICC2023_2024.xlsx,
401,Heredia,Heredia,2024,plaboral,66.3083190917969,baseICC2023_2024.xlsx,
402,Barva,Heredia,2024,plaboral,57.4257354736328,baseICC2023_2024.xlsx,
403,Santo Domingo,Heredia,2024,plaboral,61.2868919372559,baseICC2023_2024.xlsx,
404,Santa Bárbara,Heredia,2024,plaboral,52.6221961975098,baseICC2023_2024.xlsx,
405,San Rafael,Heredia,2024,plaboral,53.7606391906738,baseICC2023_2024.xlsx,
406,San Isidro,Heredia,2024,plaboral,46.2871742248535,baseICC2023_2024.xlsx,
407,Belén,Heredia,2024,plaboral,60.3824996948242,baseICC2023_2024.xlsx,
408,Flores,Heredia,2024,plaboral,44.8112144470215,baseICC2023_2024.xlsx,
409,San Pablo,Heredia,2024,plaboral,44.7714042663574,baseICC2023_2024.xlsx,
410,Sarapiquí,Heredia,2024,plaboral,45.9885711669922,baseICC2023_2024.xlsx,
501,Liberia,Guanacaste,2024,plaboral,67.2401428222656,baseICC2023_2024.xlsx,
502,Nicoya,Guanacaste,2024,plaboral,61.9299583435059,baseICC2023_2024.xlsx,
503,Santa Cruz,Guanacaste,2024,plaboral,61.2122383117676,baseICC2023_2024.xlsx,
504,Bagaces,Guanacaste,2024,plaboral,47.8165397644043,baseICC2023_2024.xlsx,
505,Carrillo,Guanacaste,2024,plaboral,54.4556694030762,baseICC2023_2024.xlsx,
506,Cañas,Guanacaste,2024,plaboral,50.1376609802246,baseICC2023_2024.xlsx,
507,Abangares,Guanacaste,2024,plaboral,36.3089408874512,baseICC2023_2024.xlsx,
508,Tilarán,Guanacaste,2024,plaboral,39.2956047058106,baseICC2023_2024.xlsx,
509,Nandayure,Guanacaste,2024,plaboral,37.5935745239258,baseICC2023_2024.xlsx,
510,La Cruz,Guanacaste,2024,plaboral,40.6460037231445,baseICC2023_2024.xlsx,
511,Hojancha,Guanacaste,2024,plaboral,45.1358642578125,baseICC2023_2024.xlsx,
601,Puntarenas,Puntarenas,2024,plaboral,61.6854782104492,baseICC2023_2024.xlsx,
602,Esparza,Puntarenas,2024,plaboral,59.9060592651367,baseICC2023_2024.xlsx,
603,Buenos Aires,Puntarenas,2024,plaboral,34.0478782653809,baseICC2023_2024.xlsx,
604,Montes de Oro,Puntarenas,2024,plaboral,43.5757522583008,baseICC2023_2024.xlsx,
605,Osa,Puntarenas,2024,plaboral,50.666015625,baseICC2023_2024.xlsx,
606,Quepos,Puntarenas,2024,plaboral,51.4617614746094,baseICC2023_2024.xlsx,
607,Golfito,Puntarenas,2024,plaboral,47.9614753723145,baseICC2023_2024.xlsx,
608,Coto Brus,Puntarenas,2024,plaboral,46.3420486450195,baseICC2023_2024.xlsx,
609,Parrita,Puntarenas,2024,plaboral,36.5315093994141,baseICC2023_2024.xlsx,
610,Corredores,Puntarenas,2024,plaboral,49.3581886291504,baseICC2023_2024.xlsx,
611,Garabito,Puntarenas,2024,plaboral,45.4717102050781,baseICC2023_2024.xlsx,
701,Limón,Limón,2024,plaboral,55.7355041503906,baseICC2023_2024.xlsx,
702,Pococí,Limón,2024,plaboral,61.7914848327637,baseICC2023_2024.xlsx,
703,Siquirres,Limón,2024,plaboral,48.1842155456543,baseICC2023_2024.xlsx,
704,Talamanca,Limón,2024,plaboral,39.3686218261719,baseICC2023_2024.xlsx,
705,Matina,Limón,2024,plaboral,37.41455078125,baseICC2023_2024.xlsx,
706,Guácimo,Limón,2024,plaboral,51.2153396606445,baseICC2023_2024.xlsx,
101,San José,San José,2023,plaboral_rank,4,baseICC2023_2024.xlsx,
102,Escazú,San José,2023,plaboral_rank,23,baseICC2023_2024.xlsx,
103,Desamparados,San José,2023,plaboral_rank,2,baseICC2023_2024.xlsx,
104,Puriscal,San José,2023,plaboral_rank,17,baseICC2023_2024.xlsx,
105,Tarrazú,San José,2023,plaboral_rank,72,baseICC2023_2024.xlsx,
106,Aserrí,San José,2023,plaboral_rank,40,baseICC2023_2024.xlsx,
107,Mora,San José,2023,plaboral_rank,45,baseICC2023_2024.xlsx,
108,Goicoechea,San José,2023,plaboral_rank,19,baseICC2023_2024.xlsx,
109,Santa Ana,San José,2023,plaboral_rank,46,baseICC2023_2024.xlsx,
110,Alajuelita,San José,2023,plaboral_rank,39,baseICC2023_2024.xlsx,
111,Vázquez de Coronado,San José,2023,plaboral_rank,34,baseICC2023_2024.xlsx,
112,Acosta,San José,2023,plaboral_rank,64,baseICC2023_2024.xlsx,
113,Tibás,San José,2023,plaboral_rank,36,baseICC2023_2024.xlsx,
114,Moravia,San José,2023,plaboral_rank,9,baseICC2023_2024.xlsx,
115,Montes de Oca,San José,2023,plaboral_rank,7,baseICC2023_2024.xlsx,
116,Turrubares,San José,2023,plaboral_rank,80,baseICC2023_2024.xlsx,
117,Dota,San José,2023,plaboral_rank,70,baseICC2023_2024.xlsx,
118,Curridabat,San José,2023,plaboral_rank,30,baseICC2023_2024.xlsx,
119,Pérez Zeledón,San José,2023,plaboral_rank,5,baseICC2023_2024.xlsx,
120,León Cortés Castro,San José,2023,plaboral_rank,77,baseICC2023_2024.xlsx,
201,Alajuela,Alajuela,2023,plaboral_rank,1,baseICC2023_2024.xlsx,
202,San Ramón,Alajuela,2023,plaboral_rank,11,baseICC2023_2024.xlsx,
203,Grecia,Alajuela,2023,plaboral_rank,18,baseICC2023_2024.xlsx,
204,San Mateo,Alajuela,2023,plaboral_rank,35,baseICC2023_2024.xlsx,
205,Atenas,Alajuela,2023,plaboral_rank,26,baseICC2023_2024.xlsx,
206,Naranjo,Alajuela,2023,plaboral_rank,27,baseICC2023_2024.xlsx,
207,Palmares,Alajuela,2023,plaboral_rank,21,baseICC2023_2024.xlsx,
208,Poás,Alajuela,2023,plaboral_rank,33,baseICC2023_2024.xlsx,
209,Orotina,Alajuela,2023,plaboral_rank,48,baseICC2023_2024.xlsx,
210,San Carlos,Alajuela,2023,plaboral_rank,12,baseICC2023_2024.xlsx,
211,Zarcero,Alajuela,2023,plaboral_rank,60,baseICC2023_2024.xlsx,
212,Sarchí,Alajuela,2023,plaboral_rank,57,baseICC2023_2024.xlsx,
213,Upala,Alajuela,2023,plaboral_rank,71,baseICC2023_2024.xlsx,
214,Los Chiles,Alajuela,2023,plaboral_rank,81,baseICC2023_2024.xlsx,
215,Guatuso,Alajuela,2023,plaboral_rank,74,baseICC2023_2024.xlsx,
301,Cartago,Cartago,2023,plaboral_rank,3,baseICC2023_2024.xlsx,
302,Paraíso,Cartago,2023,plaboral_rank,29,baseICC2023_2024.xlsx,
303,La Unión,Cartago,2023,plaboral_rank,41,baseICC2023_2024.xlsx,
304,Jiménez,Cartago,2023,plaboral_rank,65,baseICC2023_2024.xlsx,
305,Turrialba,Cartago,2023,plaboral_rank,38,baseICC2023_2024.xlsx,
306,Alvarado,Cartago,2023,plaboral_rank,59,baseICC2023_2024.xlsx,
307,Oreamuno,Cartago,2023,plaboral_rank,52,baseICC2023_2024.xlsx,
308,El Guarco,Cartago,2023,plaboral_rank,31,baseICC2023_2024.xlsx,
401,Heredia,Heredia,2023,plaboral_rank,13,baseICC2023_2024.xlsx,
402,Barva,Heredia,2023,plaboral_rank,25,baseICC2023_2024.xlsx,
403,Santo Domingo,Heredia,2023,plaboral_rank,15,baseICC2023_2024.xlsx,
404,Santa Bárbara,Heredia,2023,plaboral_rank,42,baseICC2023_2024.xlsx,
405,San Rafael,Heredia,2023,plaboral_rank,44,baseICC2023_2024.xlsx,
406,San Isidro,Heredia,2023,plaboral_rank,61,baseICC2023_2024.xlsx,
407,Belén,Heredia,2023,plaboral_rank,16,baseICC2023_2024.xlsx,
408,Flores,Heredia,2023,plaboral_rank,20,baseICC2023_2024.xlsx,
409,San Pablo,Heredia,2023,plaboral_rank,55,baseICC2023_2024.xlsx,
410,Sarapiquí,Heredia,2023,plaboral_rank,51,baseICC2023_2024.xlsx,
501,Liberia,Guanacaste,2023,plaboral_rank,10,baseICC2023_2024.xlsx,
502,Nicoya,Guanacaste,2023,plaboral_rank,24,baseICC2023_2024.xlsx,
503,Santa Cruz,Guanacaste,2023,plaboral_rank,6,baseICC2023_2024.xlsx,
504,Bagaces,Guanacaste,2023,plaboral_rank,49,baseICC2023_2024.xlsx,
505,Carrillo,Guanacaste,2023,plaboral_rank,28,baseICC2023_2024.xlsx,
506,Cañas,Guanacaste,2023,plaboral_rank,43,baseICC2023_2024.xlsx,
507,Abangares,Guanacaste,2023,plaboral_rank,78,baseICC2023_2024.xlsx,
508,Tilarán,Guanacaste,2023,plaboral_rank,73,baseICC2023_2024.xlsx,
509,Nandayure,Guanacaste,2023,plaboral_rank,76,baseICC2023_2024.xlsx,
510,La Cruz,Guanacaste,2023,plaboral_rank,62,baseICC2023_2024.xlsx,
511,Hojancha,Guanacaste,2023,plaboral_rank,66,baseICC2023_2024.xlsx,
601,Puntarenas,Puntarenas,2023,plaboral_rank,8,baseICC2023_2024.xlsx,
602,Esparza,Puntarenas,2023,plaboral_rank,22,baseICC2023_2024.xlsx,
603,Buenos Aires,Puntarenas,2023,plaboral_rank,79,baseICC2023_2024.xlsx,
604,Montes de Oro,Puntarenas,2023,plaboral_rank,67,baseICC2023_2024.xlsx,
605,Osa,Puntarenas,2023,plaboral_rank,50,baseICC2023_2024.xlsx,
606,Quepos,Puntarenas,2023,plaboral_rank,47,baseICC2023_2024.xlsx,
607,Golfito,Puntarenas,2023,plaboral_rank,53,baseICC2023_2024.xlsx,
608,Coto Brus,Puntarenas,2023,plaboral_rank,58,baseICC2023_2024.xlsx,
609,Parrita,Puntarenas,2023,plaboral_rank,75,baseICC2023_2024.xlsx,
610,Corredores,Puntarenas,2023,plaboral_rank,56,baseICC2023_2024.xlsx,
611,Garabito,Puntarenas,2023,plaboral_rank,54,baseICC2023_2024.xlsx,
701,Limón,Limón,2023,plaboral_rank,37,baseICC2023_2024.xlsx,
702,Pococí,Limón,2023,plaboral_rank,14,baseICC2023_2024.xlsx,
703,Siquirres,Limón,2023,plaboral_rank,63,baseICC2023_2024.xlsx,
704,Talamanca,Limón,2023,plaboral_rank,69,baseICC2023_2024.xlsx,
705,Matina,Limón,2023,plaboral_rank,68,baseICC2023_2024.xlsx,
706,Guácimo,Limón,2023,plaboral_rank,32,baseICC2023_2024.xlsx,
101,San José,San José,2024,plaboral_rank,5,baseICC2023_2024.xlsx,
102,Escazú,San José,2024,plaboral_rank,25,baseICC2023_2024.xlsx,
103,Desamparados,San José,2024,plaboral_rank,3,baseICC2023_2024.xlsx,
104,Puriscal,San José,2024,plaboral_rank,21,baseICC2023_2024.xlsx,
105,Tarrazú,San José,2024,plaboral_rank,79,baseICC2023_2024.xlsx,
106,Aserrí,San José,2024,plaboral_rank,31,baseICC2023_2024.xlsx,
107,Mora,San José,2024,plaboral_rank,26,baseICC2023_2024.xlsx,
108,Goicoechea,San José,2024,plaboral_rank,12,baseICC2023_2024.xlsx,
109,Santa Ana,San José,2024,plaboral_rank,44,baseICC2023_2024.xlsx,
110,Alajuelita,San José,2024,plaboral_rank,34,baseICC2023_2024.xlsx,
111,Vázquez de Coronado,San José,2024,plaboral_rank,39,baseICC2023_2024.xlsx,
112,Acosta,San José,2024,plaboral_rank,66,baseICC2023_2024.xlsx,
113,Tibás,San José,2024,plaboral_rank,42,baseICC2023_2024.xlsx,
114,Moravia,San José,2024,plaboral_rank,10,baseICC2023_2024.xlsx,
115,Montes de Oca,San José,2024,plaboral_rank,4,baseICC2023_2024.xlsx,
116,Turrubares,San José,2024,plaboral_rank,81,baseICC2023_2024.xlsx,
117,Dota,San José,2024,plaboral_rank,77,baseICC2023_2024.xlsx,
118,Curridabat,San José,2024,plaboral_rank,24,baseICC2023_2024.xlsx,
119,Pérez Zeledón,San José,2024,plaboral_rank,8,baseICC2023_2024.xlsx,
120,León Cortés Castro,San José,2024,plaboral_rank,71,baseICC2023_2024.xlsx,
201,Alajuela,Alajuela,2024,plaboral_rank,1,baseICC2023_2024.xlsx,
202,San Ramón,Alajuela,2024,plaboral_rank,11,baseICC2023_2024.xlsx,
203,Grecia,Alajuela,2024,plaboral_rank,6,baseICC2023_2024.xlsx,
204,San Mateo,Alajuela,2024,plaboral_rank,48,baseICC2023_2024.xlsx,
205,Atenas,Alajuela,2024,plaboral_rank,23,baseICC2023_2024.xlsx,
206,Naranjo,Alajuela,2024,plaboral_rank,28,baseICC2023_2024.xlsx,
207,Palmares,Alajuela,2024,plaboral_rank,19,baseICC2023_2024.xlsx,
208,Poás,Alajuela,2024,plaboral_rank,36,baseICC2023_2024.xlsx,
209,Orotina,Alajuela,2024,plaboral_rank,54,baseICC2023_2024.xlsx,
210,San Carlos,Alajuela,2024,plaboral_rank,13,baseICC2023_2024.xlsx,
211,Zarcero,Alajuela,2024,plaboral_rank,63,baseICC2023_2024.xlsx,
212,Sarchí,Alajuela,2024,plaboral_rank,62,baseICC2023_2024.xlsx,
213,Upala,Alajuela,2024,plaboral_rank,74,baseICC2023_2024.xlsx,
214,Los Chiles,Alajuela,2024,plaboral_rank,82,baseICC2023_2024.xlsx,
215,Guatuso,Alajuela,2024,plaboral_rank,80,baseICC2023_2024.xlsx,
216,Río Cuarto,Alajuela,2024,plaboral_rank,40,baseICC2023_2024.xlsx,
301,Cartago,Cartago,2024,plaboral_rank,2,baseICC2023_2024.xlsx,
302,Paraíso,Cartago,2024,plaboral_rank,30,baseICC2023_2024.xlsx,
303,La Unión,Cartago,2024,plaboral_rank,37,baseICC2023_2024.xlsx,
304,Jiménez,Cartago,2024,plaboral_rank,67,baseICC2023_2024.xlsx,
305,Turrialba,Cartago,2024,plaboral_rank,29,baseICC2023_2024.xlsx,
306,Alvarado,Cartago,2024,plaboral_rank,64,baseICC2023_2024.xlsx,
307,Oreamuno,Cartago,2024,plaboral_rank,51,baseICC2023_2024.xlsx,
308,El Guarco,Cartago,2024,plaboral_rank,32,baseICC2023_2024.xlsx,
401,Heredia,Heredia,2024,plaboral_rank,9,baseICC2023_2024.xlsx,
402,Barva,Heredia,2024,plaboral_rank,27,baseICC2023_2024.xlsx,
403,Santo Domingo,Heredia,2024,plaboral_rank,17,baseICC2023_2024.xlsx,
404,Santa Bárbara,Heredia,2024,plaboral_rank,41,baseICC2023_2024.xlsx,
405,San Rafael,Heredia,2024,plaboral_rank,38,baseICC2023_2024.xlsx,
406,San Isidro,Heredia,2024,plaboral_rank,56,baseICC2023_2024.xlsx,
407,Belén,Heredia,2024,plaboral_rank,20,baseICC2023_2024.xlsx,
408,Flores,Heredia,2024,plaboral_rank,60,baseICC2023_2024.xlsx,
409,San Pablo,Heredia,2024,plaboral_rank,61,baseICC2023_2024.xlsx,
410,Sarapiquí,Heredia,2024,plaboral_rank,57,baseICC2023_2024.xlsx,
501,Liberia,Guanacaste,2024,plaboral_rank,7,baseICC2023_2024.xlsx,
502,Nicoya,Guanacaste,2024,plaboral_rank,14,baseICC2023_2024.xlsx,
503,Santa Cruz,Guanacaste,2024,plaboral_rank,18,baseICC2023_2024.xlsx,
504,Bagaces,Guanacaste,2024,plaboral_rank,53,baseICC2023_2024.xlsx,
505,Carrillo,Guanacaste,2024,plaboral_rank,35,baseICC2023_2024.xlsx,
506,Cañas,Guanacaste,2024,plaboral_rank,47,baseICC2023_2024.xlsx,
507,Abangares,Guanacaste,2024,plaboral_rank,76,baseICC2023_2024.xlsx,
508,Tilarán,Guanacaste,2024,plaboral_rank,70,baseICC2023_2024.xlsx,
509,Nandayure,Guanacaste,2024,plaboral_rank,72,baseICC2023_2024.xlsx,
510,La Cruz,Guanacaste,2024,plaboral_rank,68,baseICC2023_2024.xlsx,
511,Hojancha,Guanacaste,2024,plaboral_rank,59,baseICC2023_2024.xlsx,
601,Puntarenas,Puntarenas,2024,plaboral_rank,16,baseICC2023_2024.xlsx,
602,Esparza,Puntarenas,2024,plaboral_rank,22,baseICC2023_2024.xlsx,
603,Buenos Aires,Puntarenas,2024,plaboral_rank,78,baseICC2023_2024.xlsx,
604,Montes de Oro,Puntarenas,2024,plaboral_rank,65,baseICC2023_2024.xlsx,
605,Osa,Puntarenas,2024,plaboral_rank,46,baseICC2023_2024.xlsx,
606,Quepos,Puntarenas,2024,plaboral_rank,43,baseICC2023_2024.xlsx,
607,Golfito,Puntarenas,2024,plaboral_rank,52,baseICC2023_2024.xlsx,
608,Coto Brus,Puntarenas,2024,plaboral_rank,55,baseICC2023_2024.xlsx,
609,Parrita,Puntarenas,2024,plaboral_rank,75,baseICC2023_2024.xlsx,
610,Corredores,Puntarenas,2024,plaboral_rank,49,baseICC2023_2024.xlsx,
611,Garabito,Puntarenas,2024,plaboral_rank,58,baseICC2023_2024.xlsx,
701,Limón,Limón,2024,plaboral_rank,33,baseICC2023_2024.xlsx,
702,Pococí,Limón,2024,plaboral_rank,15,baseICC2023_2024.xlsx,
703,Siquirres,Limón,2024,plaboral_rank,50,baseICC2023_2024.xlsx,
704,Talamanca,Limón,2024,plaboral_rank,69,baseICC2023_2024.xlsx,
705,Matina,Limón,2024,plaboral_rank,73,baseICC2023_2024.xlsx,
706,Guácimo,Limón,2024,plaboral_rank,45,baseICC2023_2024.xlsx,
101,San José,San José,2023,plaboral_categ,323,baseICC2023_2024.xlsx,
102,Escazú,San José,2023,plaboral_categ,282,baseICC2023_2024.xlsx,
103,Desamparados,San José,2023,plaboral_categ,344,baseICC2023_2024.xlsx,
104,Puriscal,San José,2023,plaboral_categ,291,baseICC2023_2024.xlsx,
105,Tarrazú,San José,2023,plaboral_categ,160,baseICC2023_2024.xlsx,
106,Aserrí,San José,2023,plaboral_categ,256,baseICC2023_2024.xlsx,
107,Mora,San José,2023,plaboral_categ,242,baseICC2023_2024.xlsx,
108,Goicoechea,San José,2023,plaboral_categ,287,baseICC2023_2024.xlsx,
109,Santa Ana,San José,2023,plaboral_categ,242,baseICC2023_2024.xlsx,
110,Alajuelita,San José,2023,plaboral_categ,257,baseICC2023_2024.xlsx,
111,Vázquez de Coronado,San José,2023,plaboral_categ,262,baseICC2023_2024.xlsx,
112,Acosta,San José,2023,plaboral_categ,197,baseICC2023_2024.xlsx,
113,Tibás,San José,2023,plaboral_categ,259,baseICC2023_2024.xlsx,
114,Moravia,San José,2023,plaboral_categ,311,baseICC2023_2024.xlsx,
115,Montes de Oca,San José,2023,plaboral_categ,317,baseICC2023_2024.xlsx,
116,Turrubares,San José,2023,plaboral_categ,114,baseICC2023_2024.xlsx,
117,Dota,San José,2023,plaboral_categ,169,baseICC2023_2024.xlsx,
118,Curridabat,San José,2023,plaboral_categ,270,baseICC2023_2024.xlsx,
119,Pérez Zeledón,San José,2023,plaboral_categ,320,baseICC2023_2024.xlsx,
120,León Cortés Castro,San José,2023,plaboral_categ,156,baseICC2023_2024.xlsx,
201,Alajuela,Alajuela,2023,plaboral_categ,372,baseICC2023_2024.xlsx,
202,San Ramón,Alajuela,2023,plaboral_categ,309,baseICC2023_2024.xlsx,
203,Grecia,Alajuela,2023,plaboral_categ,287,baseICC2023_2024.xlsx,
204,San Mateo,Alajuela,2023,plaboral_categ,260,baseICC2023_2024.xlsx,
205,Atenas,Alajuela,2023,plaboral_categ,276,baseICC2023_2024.xlsx,
206,Naranjo,Alajuela,2023,plaboral_categ,273,baseICC2023_2024.xlsx,
207,Palmares,Alajuela,2023,plaboral_categ,285,baseICC2023_2024.xlsx,
208,Poás,Alajuela,2023,plaboral_categ,263,baseICC2023_2024.xlsx,
209,Orotina,Alajuela,2023,plaboral_categ,237,baseICC2023_2024.xlsx,
210,San Carlos,Alajuela,2023,plaboral_categ,303,baseICC2023_2024.xlsx,
211,Zarcero,Alajuela,2023,plaboral_categ,207,baseICC2023_2024.xlsx,
212,Sarchí,Alajuela,2023,plaboral_categ,220,baseICC2023_2024.xlsx,
213,Upala,Alajuela,2023,plaboral_categ,165,baseICC2023_2024.xlsx,
214,Los Chiles,Alajuela,2023,plaboral_categ,104,baseICC2023_2024.xlsx,
215,Guatuso,Alajuela,2023,plaboral_categ,157,baseICC2023_2024.xlsx,
301,Cartago,Cartago,2023,plaboral_categ,332,baseICC2023_2024.xlsx,
302,Paraíso,Cartago,2023,plaboral_categ,272,baseICC2023_2024.xlsx,
303,La Unión,Cartago,2023,plaboral_categ,254,baseICC2023_2024.xlsx,
304,Jiménez,Cartago,2023,plaboral_categ,196,baseICC2023_2024.xlsx,
305,Turrialba,Cartago,2023,plaboral_categ,258,baseICC2023_2024.xlsx,
306,Alvarado,Cartago,2023,plaboral_categ,209,baseICC2023_2024.xlsx,
307,Oreamuno,Cartago,2023,plaboral_categ,230,baseICC2023_2024.xlsx,
308,El Guarco,Cartago,2023,plaboral_categ,267,baseICC2023_2024.xlsx,
401,Heredia,Heredia,2023,plaboral_categ,302,baseICC2023_2024.xlsx,
402,Barva,Heredia,2023,plaboral_categ,279,baseICC2023_2024.xlsx,
403,Santo Domingo,Heredia,2023,plaboral_categ,297,baseICC2023_2024.xlsx,
404,Santa Bárbara,Heredia,2023,plaboral_categ,254,baseICC2023_2024.xlsx,
405,San Rafael,Heredia,2023,plaboral_categ,250,baseICC2023_2024.xlsx,
406,San Isidro,Heredia,2023,plaboral_categ,204,baseICC2023_2024.xlsx,
407,Belén,Heredia,2023,plaboral_categ,293,baseICC2023_2024.xlsx,
408,Flores,Heredia,2023,plaboral_categ,286,baseICC2023_2024.xlsx,
409,San Pablo,Heredia,2023,plaboral_categ,225,baseICC2023_2024.xlsx,
410,Sarapiquí,Heredia,2023,plaboral_categ,233,baseICC2023_2024.xlsx,
501,Liberia,Guanacaste,2023,plaboral_categ,310,baseICC2023_2024.xlsx,
502,Nicoya,Guanacaste,2023,plaboral_categ,281,baseICC2023_2024.xlsx,
503,Santa Cruz,Guanacaste,2023,plaboral_categ,319,baseICC2023_2024.xlsx,
504,Bagaces,Guanacaste,2023,plaboral_categ,235,baseICC2023_2024.xlsx,
505,Carrillo,Guanacaste,2023,plaboral_categ,272,baseICC2023_2024.xlsx,
506,Cañas,Guanacaste,2023,plaboral_categ,253,baseICC2023_2024.xlsx,
507,Abangares,Guanacaste,2023,plaboral_categ,148,baseICC2023_2024.xlsx,
508,Tilarán,Guanacaste,2023,plaboral_categ,158,baseICC2023_2024.xlsx,
509,Nandayure,Guanacaste,2023,plaboral_categ,157,baseICC2023_2024.xlsx,
510,La Cruz,Guanacaste,2023,plaboral_categ,200,baseICC2023_2024.xlsx,
511,Hojancha,Guanacaste,2023,plaboral_categ,194,baseICC2023_2024.xlsx,
601,Puntarenas,Puntarenas,2023,plaboral_categ,312,baseICC2023_2024.xlsx,
602,Esparza,Puntarenas,2023,plaboral_categ,284,baseICC2023_2024.xlsx,
603,Buenos Aires,Puntarenas,2023,plaboral_categ,146,baseICC2023_2024.xlsx,
604,Montes de Oro,Puntarenas,2023,plaboral_categ,193,baseICC2023_2024.xlsx,
605,Osa,Puntarenas,2023,plaboral_categ,235,baseICC2023_2024.xlsx,
606,Quepos,Puntarenas,2023,plaboral_categ,239,baseICC2023_2024.xlsx,
607,Golfito,Puntarenas,2023,plaboral_categ,229,baseICC2023_2024.xlsx,
608,Coto Brus,Puntarenas,2023,plaboral_categ,210,baseICC2023_2024.xlsx,
609,Parrita,Puntarenas,2023,plaboral_categ,157,baseICC2023_2024.xlsx,
610,Corredores,Puntarenas,2023,plaboral_categ,222,baseICC2023_2024.xlsx,
611,Garabito,Puntarenas,2023,plaboral_categ,228,baseICC2023_2024.xlsx,
701,Limón,Limón,2023,plaboral_categ,259,baseICC2023_2024.xlsx,
702,Pococí,Limón,2023,plaboral_categ,301,baseICC2023_2024.xlsx,
703,Siquirres,Limón,2023,plaboral_categ,200,baseICC2023_2024.xlsx,
704,Talamanca,Limón,2023,plaboral_categ,182,baseICC2023_2024.xlsx,
705,Matina,Limón,2023,plaboral_categ,185,baseICC2023_2024.xlsx,
706,Guácimo,Limón,2023,plaboral_categ,265,baseICC2023_2024.xlsx,
101,San José,San José,2024,plaboral_categ,Alto,baseICC2023_2024.xlsx,
102,Escazú,San José,2024,plaboral_categ,Medio,baseICC2023_2024.xlsx,
103,Desamparados,San José,2024,plaboral_categ,Alto,baseICC2023_2024.xlsx,
104,Puriscal,San José,2024,plaboral_categ,Alto,baseICC2023_2024.xlsx,
105,Tarrazú,San José,2024,plaboral_categ,Bajo,baseICC2023_2024.xlsx,
106,Aserrí,San José,2024,plaboral_categ,Medio,baseICC2023_2024.xlsx,
107,Mora,San José,2024,plaboral_categ,Medio,baseICC2023_2024.xlsx,
108,Goicoechea,San José,2024,plaboral_categ,Alto,baseICC2023_2024.xlsx,
109,Santa Ana,San José,2024,plaboral_categ,Medio,baseICC2023_2024.xlsx,
110,Alajuelita,San José,2024,plaboral_categ,Medio,baseICC2023_2024.xlsx,
111,Vázquez de Coronado,San José,2024,plaboral_categ,Medio,baseICC2023_2024.xlsx,
112,Acosta,San José,2024,plaboral_categ,Medio,baseICC2023_2024.xlsx,
113,Tibás,San José,2024,plaboral_categ,Medio,baseICC2023_2024.xlsx,
114,Moravia,San José,2024,plaboral_categ,Alto,baseICC2023_2024.xlsx,
115,Montes de Oca,San José,2024,plaboral_categ,Alto,baseICC2023_2024.xlsx,
116,Turrubares,San José,2024,plaboral_categ,Bajo,baseICC2023_2024.xlsx,
117,Dota,San José,2024,plaboral_categ,Bajo,baseICC2023_2024.xlsx,
118,Curridabat,San José,2024,plaboral_categ,Medio,baseICC2023_2024.xlsx,
119,Pérez Zeledón,San José,2024,plaboral_categ,Alto,baseICC2023_2024.xlsx,
120,León Cortés Castro,San José,2024,plaboral_categ,Bajo,baseICC2023_2024.xlsx,
201,Alajuela,Alajuela,2024,plaboral_categ,Alto,baseICC2023_2024.xlsx,
202,San Ramón,Alajuela,2024,plaboral_categ,Alto,baseICC2023_2024.xlsx,
203,Grecia,Alajuela,2024,plaboral_categ,Alto,baseICC2023_2024.xlsx,
204,San Mateo,Alajuela,2024,plaboral_categ,Medio,baseICC2023_2024.xlsx,
205,Atenas,Alajuela,2024,plaboral_categ,Medio,baseICC2023_2024.xlsx,
206,Naranjo,Alajuela,2024,plaboral_categ,Medio,baseICC2023_2024.xlsx,
207,Palmares,Alajuela,2024,plaboral_categ,Alto,baseICC2023_2024.xlsx,
208,Poás,Alajuela,2024,plaboral_categ,Medio,baseICC2023_2024.xlsx,
209,Orotina,Alajuela,2024,plaboral_categ,Medio,baseICC2023_2024.xlsx,
210,San Carlos,Alajuela,2024,plaboral_categ,Alto,baseICC2023_2024.xlsx,
211,Zarcero,Alajuela,2024,plaboral_categ,Medio,baseICC2023_2024.xlsx,
212,Sarchí,Alajuela,2024,plaboral_categ,Medio,baseICC2023_2024.xlsx,
213,Upala,Alajuela,2024,plaboral_categ,Bajo,baseICC2023_2024.xlsx,
214,Los Chiles,Alajuela,2024,plaboral_categ,Bajo,baseICC2023_2024.xlsx,
215,Guatuso,Alajuela,2024,plaboral_categ,Bajo,baseICC2023_2024.xlsx,
216,Río Cuarto,Alajuela,2024,plaboral_categ,Medio,baseICC2023_2024.xlsx,
301,Cartago,Cartago,2024,plaboral_categ,Alto,baseICC2023_2024.xlsx,
302,Paraíso,Cartago,2024,plaboral_categ,Medio,baseICC2023_2024.xlsx,
303,La Unión,Cartago,2024,plaboral_categ,Medio,baseICC2023_2024.xlsx,
304,Jiménez,Cartago,2024,plaboral_categ,Medio,baseICC2023_2024.xlsx,
305,Turrialba,Cartago,2024,plaboral_categ,Medio,baseICC2023_2024.xlsx,
306,Alvarado,Cartago,2024,plaboral_categ,Medio,baseICC2023_2024.xlsx,
307,Oreamuno,Cartago,2024,plaboral_categ,Medio,baseICC2023_2024.xlsx,
308,El Guarco,Cartago,2024,plaboral_categ,Medio,baseICC2023_2024.xlsx,
401,Heredia,Heredia,2024,plaboral_categ,Alto,baseICC2023_2024.xlsx,
402,Barva,Heredia,2024,plaboral_categ,Medio,baseICC2023_2024.xlsx,
403,Santo Domingo,Heredia,2024,plaboral_categ,Alto,baseICC2023_2024.xlsx,
404,Santa Bárbara,Heredia,2024,plaboral_categ,Medio,baseICC2023_2024.xlsx,
405,San Rafael,Heredia,2024,plaboral_categ,Medio,baseICC2023_2024.xlsx,
406,San Isidro,Heredia,2024,plaboral_categ,Medio,baseICC2023_2024.xlsx,
407,Belén,Heredia,2024,plaboral_categ,Alto,baseICC2023_2024.xlsx,
408,Flores,Heredia,2024,plaboral_categ,Medio,baseICC2023_2024.xlsx,
409,San Pablo,Heredia,2024,plaboral_categ,Medio,baseICC2023_2024.xlsx,
410,Sarapiquí,Heredia,2024,plaboral_categ,Medio,baseICC2023_2024.xlsx,
501,Liberia,Guanacaste,2024,plaboral_categ,Alto,baseICC2023_2024.xlsx,
502,Nicoya,Guanacaste,2024,plaboral_categ,Alto,baseICC2023_2024.xlsx,
503,Santa Cruz,Guanacaste,2024,plaboral_categ,Alto,baseICC2023_2024.xlsx,
504,Bagaces,Guanacaste,2024,plaboral_categ,Medio,baseICC2023_2024.xlsx,
505,Carrillo,Guanacaste,2024,plaboral_categ,Medio,baseICC2023_2024.xlsx,
506,Cañas,Guanacaste,2024,plaboral_categ,Medio,baseICC2023_2024.xlsx,
507,Abangares,Guanacaste,2024,plaboral_categ,Bajo,baseICC2023_2024.xlsx,
508,Tilarán,Guanacaste,2024,plaboral_categ,Bajo,baseICC2023_2024.xlsx,
509,Nandayure,Guanacaste,2024,plaboral_categ,Bajo,baseICC2023_2024.xlsx,
510,La Cruz,Guanacaste,2024,plaboral_categ,Medio,baseICC2023_2024.xlsx,
511,Hojancha,Guanacaste,2024,plaboral_categ,Medio,baseICC2023_2024.xlsx,
601,Puntarenas,Puntarenas,2024,plaboral_categ,Alto,baseICC2023_2024.xlsx,
602,Esparza,Puntarenas,2024,plaboral_categ,Medio,baseICC2023_2024.xlsx,
603,Buenos Aires,Puntarenas,2024,plaboral_categ,Bajo,baseICC2023_2024.xlsx,
604,Montes de Oro,Puntarenas,2024,plaboral_categ,Medio,baseICC2023_2024.xlsx,
605,Osa,Puntarenas,2024,plaboral_categ,Medio,baseICC2023_2024.xlsx,
606,Quepos,Puntarenas,2024,plaboral_categ,Medio,baseICC2023_2024.xlsx,
607,Golfito,Puntarenas,2024,plaboral_categ,Medio,baseICC2023_2024.xlsx,
608,Coto Brus,Puntarenas,2024,plaboral_categ,Medio,baseICC2023_2024.xlsx,
609,Parrita,Puntarenas,2024,plaboral_categ,Bajo,baseICC2023_2024.xlsx,
610,Corredores,Puntarenas,2024,plaboral_categ,Medio,baseICC2023_2024.xlsx,
611,Garabito,Puntarenas,2024,plaboral_categ,Medio,baseICC2023_2024.xlsx,
701,Limón,Limón,2024,plaboral_categ,Medio,baseICC2023_2024.xlsx,
702,Pococí,Limón,2024,plaboral_categ,Alto,baseICC2023_2024.xlsx,
703,Siquirres,Limón,2024,plaboral_categ,Medio,baseICC2023_2024.xlsx,
704,Talamanca,Limón,2024,plaboral_categ,Bajo,baseICC2023_2024.xlsx,
705,Matina,Limón,2024,plaboral_categ,Bajo,baseICC2023_2024.xlsx,
706,Guácimo,Limón,2024,plaboral_categ,Medio,baseICC2023_2024.xlsx,
101,San José,San José,2023,pinnovacion,74.4422836303711,baseICC2023_2024.xlsx,
102,Escazú,San José,2023,pinnovacion,66.4215545654297,baseICC2023_2024.xlsx,
103,Desamparados,San José,2023,pinnovacion,51.9173240661621,baseICC2023_2024.xlsx,
104,Puriscal,San José,2023,pinnovacion,35.6010589599609,baseICC2023_2024.xlsx,
105,Tarrazú,San José,2023,pinnovacion,39.5507507324219,baseICC2023_2024.xlsx,
106,Aserrí,San José,2023,pinnovacion,42.7576293945313,baseICC2023_2024.xlsx,
107,Mora,San José,2023,pinnovacion,37.1236305236816,baseICC2023_2024.xlsx,
108,Goicoechea,San José,2023,pinnovacion,57.5084648132324,baseICC2023_2024.xlsx,
109,Santa Ana,San José,2023,pinnovacion,62.4789505004883,baseICC2023_2024.xlsx,
110,Alajuelita,San José,2023,pinnovacion,48.1090354919434,baseICC2023_2024.xlsx,
111,Vázquez de Coronado,San José,2023,pinnovacion,45.9778594970703,baseICC2023_2024.xlsx,
112,Acosta,San José,2023,pinnovacion,46.2235794067383,baseICC2023_2024.xlsx,
113,Tibás,San José,2023,pinnovacion,56.7808876037598,baseICC2023_2024.xlsx,
114,Moravia,San José,2023,pinnovacion,67.3841857910156,baseICC2023_2024.xlsx,
115,Montes de Oca,San José,2023,pinnovacion,77.151123046875,baseICC2023_2024.xlsx,
116,Turrubares,San José,2023,pinnovacion,39.1532897949219,baseICC2023_2024.xlsx,
117,Dota,San José,2023,pinnovacion,37.9821319580078,baseICC2023_2024.xlsx,
118,Curridabat,San José,2023,pinnovacion,74.3273468017578,baseICC2023_2024.xlsx,
119,Pérez Zeledón,San José,2023,pinnovacion,37.3216361999512,baseICC2023_2024.xlsx,
120,León Cortés Castro,San José,2023,pinnovacion,35.3278007507324,baseICC2023_2024.xlsx,
201,Alajuela,Alajuela,2023,pinnovacion,86.1465759277344,baseICC2023_2024.xlsx,
202,San Ramón,Alajuela,2023,pinnovacion,46.3299674987793,baseICC2023_2024.xlsx,
203,Grecia,Alajuela,2023,pinnovacion,62.6707267761231,baseICC2023_2024.xlsx,
204,San Mateo,Alajuela,2023,pinnovacion,42.9892387390137,baseICC2023_2024.xlsx,
205,Atenas,Alajuela,2023,pinnovacion,49.4561920166016,baseICC2023_2024.xlsx,
206,Naranjo,Alajuela,2023,pinnovacion,53.0748901367188,baseICC2023_2024.xlsx,
207,Palmares,Alajuela,2023,pinnovacion,49.1028099060059,baseICC2023_2024.xlsx,
208,Poás,Alajuela,2023,pinnovacion,53.2613067626953,baseICC2023_2024.xlsx,
209,Orotina,Alajuela,2023,pinnovacion,53.9787330627441,baseICC2023_2024.xlsx,
210,San Carlos,Alajuela,2023,pinnovacion,46.0588493347168,baseICC2023_2024.xlsx,
211,Zarcero,Alajuela,2023,pinnovacion,41.8730125427246,baseICC2023_2024.xlsx,
212,Sarchí,Alajuela,2023,pinnovacion,52.6288452148438,baseICC2023_2024.xlsx,
213,Upala,Alajuela,2023,pinnovacion,25.5026416778564,baseICC2023_2024.xlsx,
214,Los Chiles,Alajuela,2023,pinnovacion,23.4795818328857,baseICC2023_2024.xlsx,
215,Guatuso,Alajuela,2023,pinnovacion,23.672924041748,baseICC2023_2024.xlsx,
301,Cartago,Cartago,2023,pinnovacion,87.9646377563477,baseICC2023_2024.xlsx,
302,Paraíso,Cartago,2023,pinnovacion,52.932373046875,baseICC2023_2024.xlsx,
303,La Unión,Cartago,2023,pinnovacion,53.738094329834,baseICC2023_2024.xlsx,
304,Jiménez,Cartago,2023,pinnovacion,25.2840785980225,baseICC2023_2024.xlsx,
305,Turrialba,Cartago,2023,pinnovacion,21.8381958007813,baseICC2023_2024.xlsx,
306,Alvarado,Cartago,2023,pinnovacion,51.7161483764648,baseICC2023_2024.xlsx,
307,Oreamuno,Cartago,2023,pinnovacion,56.5111770629883,baseICC2023_2024.xlsx,
308,El Guarco,Cartago,2023,pinnovacion,86.0787734985352,baseICC2023_2024.xlsx,
401,Heredia,Heredia,2023,pinnovacion,82.3766860961914,baseICC2023_2024.xlsx,
402,Barva,Heredia,2023,pinnovacion,41.577522277832,baseICC2023_2024.xlsx,
403,Santo Domingo,Heredia,2023,pinnovacion,76.6178588867188,baseICC2023_2024.xlsx,
404,Santa Bárbara,Heredia,2023,pinnovacion,45.7743759155273,baseICC2023_2024.xlsx,
405,San Rafael,Heredia,2023,pinnovacion,42.0176506042481,baseICC2023_2024.xlsx,
406,San Isidro,Heredia,2023,pinnovacion,50.5504837036133,baseICC2023_2024.xlsx,
407,Belén,Heredia,2023,pinnovacion,79.3176879882813,baseICC2023_2024.xlsx,
408,Flores,Heredia,2023,pinnovacion,57.0625114440918,baseICC2023_2024.xlsx,
409,San Pablo,Heredia,2023,pinnovacion,52.1257476806641,baseICC2023_2024.xlsx,
410,Sarapiquí,Heredia,2023,pinnovacion,35.7342224121094,baseICC2023_2024.xlsx,
501,Liberia,Guanacaste,2023,pinnovacion,57.2223663330078,baseICC2023_2024.xlsx,
502,Nicoya,Guanacaste,2023,pinnovacion,32.355640411377,baseICC2023_2024.xlsx,
503,Santa Cruz,Guanacaste,2023,pinnovacion,30.2642879486084,baseICC2023_2024.xlsx,
504,Bagaces,Guanacaste,2023,pinnovacion,56.2802848815918,baseICC2023_2024.xlsx,
505,Carrillo,Guanacaste,2023,pinnovacion,45.0988731384277,baseICC2023_2024.xlsx,
506,Cañas,Guanacaste,2023,pinnovacion,47.2474937438965,baseICC2023_2024.xlsx,
507,Abangares,Guanacaste,2023,pinnovacion,51.6589546203613,baseICC2023_2024.xlsx,
508,Tilarán,Guanacaste,2023,pinnovacion,52.1810340881348,baseICC2023_2024.xlsx,
509,Nandayure,Guanacaste,2023,pinnovacion,52.5590782165527,baseICC2023_2024.xlsx,
510,La Cruz,Guanacaste,2023,pinnovacion,23.3098564147949,baseICC2023_2024.xlsx,
511,Hojancha,Guanacaste,2023,pinnovacion,45.6853141784668,baseICC2023_2024.xlsx,
601,Puntarenas,Puntarenas,2023,pinnovacion,42.6226577758789,baseICC2023_2024.xlsx,
602,Esparza,Puntarenas,2023,pinnovacion,49.148551940918,baseICC2023_2024.xlsx,
603,Buenos Aires,Puntarenas,2023,pinnovacion,12.864670753479,baseICC2023_2024.xlsx,
604,Montes de Oro,Puntarenas,2023,pinnovacion,39.4482841491699,baseICC2023_2024.xlsx,
605,Osa,Puntarenas,2023,pinnovacion,24.7136993408203,baseICC2023_2024.xlsx,
606,Quepos,Puntarenas,2023,pinnovacion,24.0098152160645,baseICC2023_2024.xlsx,
607,Golfito,Puntarenas,2023,pinnovacion,11.6023817062378,baseICC2023_2024.xlsx,
608,Coto Brus,Puntarenas,2023,pinnovacion,33.2353096008301,baseICC2023_2024.xlsx,
609,Parrita,Puntarenas,2023,pinnovacion,14.3606052398682,baseICC2023_2024.xlsx,
610,Corredores,Puntarenas,2023,pinnovacion,20.1145992279053,baseICC2023_2024.xlsx,
611,Garabito,Puntarenas,2023,pinnovacion,43.0236358642578,baseICC2023_2024.xlsx,
701,Limón,Limón,2023,pinnovacion,17.8618698120117,baseICC2023_2024.xlsx,
702,Pococí,Limón,2023,pinnovacion,49.3663749694824,baseICC2023_2024.xlsx,
703,Siquirres,Limón,2023,pinnovacion,25.5335750579834,baseICC2023_2024.xlsx,
704,Talamanca,Limón,2023,pinnovacion,0.00499999988824129,baseICC2023_2024.xlsx,
705,Matina,Limón,2023,pinnovacion,20.5358581542969,baseICC2023_2024.xlsx,
706,Guácimo,Limón,2023,pinnovacion,32.4953231811523,baseICC2023_2024.xlsx,
101,San José,San José,2024,pinnovacion,69.5483932495117,baseICC2023_2024.xlsx,
102,Escazú,San José,2024,pinnovacion,79.9899597167969,baseICC2023_2024.xlsx,
103,Desamparados,San José,2024,pinnovacion,49.9815521240234,baseICC2023_2024.xlsx,
104,Puriscal,San José,2024,pinnovacion,32.6033363342285,baseICC2023_2024.xlsx,
105,Tarrazú,San José,2024,pinnovacion,38.0824127197266,baseICC2023_2024.xlsx,
106,Aserrí,San José,2024,pinnovacion,43.716983795166,baseICC2023_2024.xlsx,
107,Mora,San José,2024,pinnovacion,45.6255683898926,baseICC2023_2024.xlsx,
108,Goicoechea,San José,2024,pinnovacion,57.9299392700195,baseICC2023_2024.xlsx,
109,Santa Ana,San José,2024,pinnovacion,66.8042831420898,baseICC2023_2024.xlsx,
110,Alajuelita,San José,2024,pinnovacion,48.1931610107422,baseICC2023_2024.xlsx,
111,Vázquez de Coronado,San José,2024,pinnovacion,45.7638778686523,baseICC2023_2024.xlsx,
112,Acosta,San José,2024,pinnovacion,36.4615898132324,baseICC2023_2024.xlsx,
113,Tibás,San José,2024,pinnovacion,61.4637298583984,baseICC2023_2024.xlsx,
114,Moravia,San José,2024,pinnovacion,63.9569854736328,baseICC2023_2024.xlsx,
115,Montes de Oca,San José,2024,pinnovacion,69.7251663208008,baseICC2023_2024.xlsx,
116,Turrubares,San José,2024,pinnovacion,35.6370964050293,baseICC2023_2024.xlsx,
117,Dota,San José,2024,pinnovacion,34.0504455566406,baseICC2023_2024.xlsx,
118,Curridabat,San José,2024,pinnovacion,70.1653289794922,baseICC2023_2024.xlsx,
119,Pérez Zeledón,San José,2024,pinnovacion,39.8566017150879,baseICC2023_2024.xlsx,
120,León Cortés Castro,San José,2024,pinnovacion,38.7756309509277,baseICC2023_2024.xlsx,
201,Alajuela,Alajuela,2024,pinnovacion,85.848388671875,baseICC2023_2024.xlsx,
202,San Ramón,Alajuela,2024,pinnovacion,44.8783149719238,baseICC2023_2024.xlsx,
203,Grecia,Alajuela,2024,pinnovacion,67.1290969848633,baseICC2023_2024.xlsx,
204,San Mateo,Alajuela,2024,pinnovacion,35.7244644165039,baseICC2023_2024.xlsx,
205,Atenas,Alajuela,2024,pinnovacion,50.253776550293,baseICC2023_2024.xlsx,
206,Naranjo,Alajuela,2024,pinnovacion,52.86474609375,baseICC2023_2024.xlsx,
207,Palmares,Alajuela,2024,pinnovacion,49.2720489501953,baseICC2023_2024.xlsx,
208,Poás,Alajuela,2024,pinnovacion,52.8803596496582,baseICC2023_2024.xlsx,
209,Orotina,Alajuela,2024,pinnovacion,30.7543277740479,baseICC2023_2024.xlsx,
210,San Carlos,Alajuela,2024,pinnovacion,41.3640365600586,baseICC2023_2024.xlsx,
211,Zarcero,Alajuela,2024,pinnovacion,50.2568778991699,baseICC2023_2024.xlsx,
212,Sarchí,Alajuela,2024,pinnovacion,54.3226356506348,baseICC2023_2024.xlsx,
213,Upala,Alajuela,2024,pinnovacion,30.7560539245605,baseICC2023_2024.xlsx,
214,Los Chiles,Alajuela,2024,pinnovacion,12.674467086792,baseICC2023_2024.xlsx,
215,Guatuso,Alajuela,2024,pinnovacion,30.0587978363037,baseICC2023_2024.xlsx,
216,Río Cuarto,Alajuela,2024,pinnovacion,23.0053882598877,baseICC2023_2024.xlsx,
301,Cartago,Cartago,2024,pinnovacion,83.1271438598633,baseICC2023_2024.xlsx,
302,Paraíso,Cartago,2024,pinnovacion,50.7765655517578,baseICC2023_2024.xlsx,
303,La Unión,Cartago,2024,pinnovacion,62.2632102966309,baseICC2023_2024.xlsx,
304,Jiménez,Cartago,2024,pinnovacion,34.4123115539551,baseICC2023_2024.xlsx,
305,Turrialba,Cartago,2024,pinnovacion,26.4581489562988,baseICC2023_2024.xlsx,
306,Alvarado,Cartago,2024,pinnovacion,49.7342147827148,baseICC2023_2024.xlsx,
307,Oreamuno,Cartago,2024,pinnovacion,54.7714424133301,baseICC2023_2024.xlsx,
308,El Guarco,Cartago,2024,pinnovacion,79.676887512207,baseICC2023_2024.xlsx,
401,Heredia,Heredia,2024,pinnovacion,82.0758895874023,baseICC2023_2024.xlsx,
402,Barva,Heredia,2024,pinnovacion,45.7289772033691,baseICC2023_2024.xlsx,
403,Santo Domingo,Heredia,2024,pinnovacion,76.8849639892578,baseICC2023_2024.xlsx,
404,Santa Bárbara,Heredia,2024,pinnovacion,53.5829772949219,baseICC2023_2024.xlsx,
405,San Rafael,Heredia,2024,pinnovacion,44.1116371154785,baseICC2023_2024.xlsx,
406,San Isidro,Heredia,2024,pinnovacion,45.7597351074219,baseICC2023_2024.xlsx,
407,Belén,Heredia,2024,pinnovacion,84.9823226928711,baseICC2023_2024.xlsx,
408,Flores,Heredia,2024,pinnovacion,39.5956344604492,baseICC2023_2024.xlsx,
409,San Pablo,Heredia,2024,pinnovacion,58.1050071716309,baseICC2023_2024.xlsx,
410,Sarapiquí,Heredia,2024,pinnovacion,42.6315422058106,baseICC2023_2024.xlsx,
501,Liberia,Guanacaste,2024,pinnovacion,58.3051109313965,baseICC2023_2024.xlsx,
502,Nicoya,Guanacaste,2024,pinnovacion,39.4268493652344,baseICC2023_2024.xlsx,
503,Santa Cruz,Guanacaste,2024,pinnovacion,34.6767768859863,baseICC2023_2024.xlsx,
504,Bagaces,Guanacaste,2024,pinnovacion,60.7832412719727,baseICC2023_2024.xlsx,
505,Carrillo,Guanacaste,2024,pinnovacion,52.6320419311523,baseICC2023_2024.xlsx,
506,Cañas,Guanacaste,2024,pinnovacion,48.0742530822754,baseICC2023_2024.xlsx,
507,Abangares,Guanacaste,2024,pinnovacion,53.4601936340332,baseICC2023_2024.xlsx,
508,Tilarán,Guanacaste,2024,pinnovacion,52.2066650390625,baseICC2023_2024.xlsx,
509,Nandayure,Guanacaste,2024,pinnovacion,54.3155937194824,baseICC2023_2024.xlsx,
510,La Cruz,Guanacaste,2024,pinnovacion,11.1185445785522,baseICC2023_2024.xlsx,
511,Hojancha,Guanacaste,2024,pinnovacion,58.8137016296387,baseICC2023_2024.xlsx,
601,Puntarenas,Puntarenas,2024,pinnovacion,38.3314361572266,baseICC2023_2024.xlsx,
602,Esparza,Puntarenas,2024,pinnovacion,48.2301368713379,baseICC2023_2024.xlsx,
603,Buenos Aires,Puntarenas,2024,pinnovacion,14.1755647659302,baseICC2023_2024.xlsx,
604,Montes de Oro,Puntarenas,2024,pinnovacion,27.0992984771729,baseICC2023_2024.xlsx,
605,Osa,Puntarenas,2024,pinnovacion,25.1150856018066,baseICC2023_2024.xlsx,
606,Quepos,Puntarenas,2024,pinnovacion,20.4762763977051,baseICC2023_2024.xlsx,
607,Golfito,Puntarenas,2024,pinnovacion,15.4286642074585,baseICC2023_2024.xlsx,
608,Coto Brus,Puntarenas,2024,pinnovacion,33.8260955810547,baseICC2023_2024.xlsx,
609,Parrita,Puntarenas,2024,pinnovacion,26.5144844055176,baseICC2023_2024.xlsx,
610,Corredores,Puntarenas,2024,pinnovacion,26.2372035980225,baseICC2023_2024.xlsx,
611,Garabito,Puntarenas,2024,pinnovacion,52.3438110351563,baseICC2023_2024.xlsx,
701,Limón,Limón,2024,pinnovacion,22.7539443969727,baseICC2023_2024.xlsx,
702,Pococí,Limón,2024,pinnovacion,42.985710144043,baseICC2023_2024.xlsx,
703,Siquirres,Limón,2024,pinnovacion,23.6530780792236,baseICC2023_2024.xlsx,
704,Talamanca,Limón,2024,pinnovacion,6.66848945617676,baseICC2023_2024.xlsx,
705,Matina,Limón,2024,pinnovacion,19.9603290557861,baseICC2023_2024.xlsx,
706,Guácimo,Limón,2024,pinnovacion,32.2740440368652,baseICC2023_2024.xlsx,
101,San José,San José,2023,pinnovacion_rank,8,baseICC2023_2024.xlsx,
102,Escazú,San José,2023,pinnovacion_rank,11,baseICC2023_2024.xlsx,
103,Desamparados,San José,2023,pinnovacion_rank,29,baseICC2023_2024.xlsx,
104,Puriscal,San José,2023,pinnovacion_rank,60,baseICC2023_2024.xlsx,
105,Tarrazú,San José,2023,pinnovacion_rank,53,baseICC2023_2024.xlsx,
106,Aserrí,San José,2023,pinnovacion_rank,48,baseICC2023_2024.xlsx,
107,Mora,San José,2023,pinnovacion_rank,58,baseICC2023_2024.xlsx,
108,Goicoechea,San José,2023,pinnovacion_rank,14,baseICC2023_2024.xlsx,
109,Santa Ana,San José,2023,pinnovacion_rank,13,baseICC2023_2024.xlsx,
110,Alajuelita,San José,2023,pinnovacion_rank,37,baseICC2023_2024.xlsx,
111,Vázquez de Coronado,San José,2023,pinnovacion_rank,42,baseICC2023_2024.xlsx,
112,Acosta,San José,2023,pinnovacion_rank,40,baseICC2023_2024.xlsx,
113,Tibás,San José,2023,pinnovacion_rank,17,baseICC2023_2024.xlsx,
114,Moravia,San José,2023,pinnovacion_rank,10,baseICC2023_2024.xlsx,
115,Montes de Oca,San José,2023,pinnovacion_rank,6,baseICC2023_2024.xlsx,
116,Turrubares,San José,2023,pinnovacion_rank,55,baseICC2023_2024.xlsx,
117,Dota,San José,2023,pinnovacion_rank,56,baseICC2023_2024.xlsx,
118,Curridabat,San José,2023,pinnovacion_rank,9,baseICC2023_2024.xlsx,
119,Pérez Zeledón,San José,2023,pinnovacion_rank,57,baseICC2023_2024.xlsx,
120,León Cortés Castro,San José,2023,pinnovacion_rank,61,baseICC2023_2024.xlsx,
201,Alajuela,Alajuela,2023,pinnovacion_rank,2,baseICC2023_2024.xlsx,
202,San Ramón,Alajuela,2023,pinnovacion_rank,39,baseICC2023_2024.xlsx,
203,Grecia,Alajuela,2023,pinnovacion_rank,12,baseICC2023_2024.xlsx,
204,San Mateo,Alajuela,2023,pinnovacion_rank,47,baseICC2023_2024.xlsx,
205,Atenas,Alajuela,2023,pinnovacion_rank,33,baseICC2023_2024.xlsx,
206,Naranjo,Alajuela,2023,pinnovacion_rank,23,baseICC2023_2024.xlsx,
207,Palmares,Alajuela,2023,pinnovacion_rank,36,baseICC2023_2024.xlsx,
208,Poás,Alajuela,2023,pinnovacion_rank,22,baseICC2023_2024.xlsx,
209,Orotina,Alajuela,2023,pinnovacion_rank,20,baseICC2023_2024.xlsx,
210,San Carlos,Alajuela,2023,pinnovacion_rank,41,baseICC2023_2024.xlsx,
211,Zarcero,Alajuela,2023,pinnovacion_rank,51,baseICC2023_2024.xlsx,
212,Sarchí,Alajuela,2023,pinnovacion_rank,25,baseICC2023_2024.xlsx,
213,Upala,Alajuela,2023,pinnovacion_rank,67,baseICC2023_2024.xlsx,
214,Los Chiles,Alajuela,2023,pinnovacion_rank,72,baseICC2023_2024.xlsx,
215,Guatuso,Alajuela,2023,pinnovacion_rank,71,baseICC2023_2024.xlsx,
301,Cartago,Cartago,2023,pinnovacion_rank,1,baseICC2023_2024.xlsx,
302,Paraíso,Cartago,2023,pinnovacion_rank,24,baseICC2023_2024.xlsx,
303,La Unión,Cartago,2023,pinnovacion_rank,21,baseICC2023_2024.xlsx,
304,Jiménez,Cartago,2023,pinnovacion_rank,68,baseICC2023_2024.xlsx,
305,Turrialba,Cartago,2023,pinnovacion_rank,74,baseICC2023_2024.xlsx,
306,Alvarado,Cartago,2023,pinnovacion_rank,30,baseICC2023_2024.xlsx,
307,Oreamuno,Cartago,2023,pinnovacion_rank,18,baseICC2023_2024.xlsx,
308,El Guarco,Cartago,2023,pinnovacion_rank,3,baseICC2023_2024.xlsx,
401,Heredia,Heredia,2023,pinnovacion_rank,4,baseICC2023_2024.xlsx,
402,Barva,Heredia,2023,pinnovacion_rank,52,baseICC2023_2024.xlsx,
403,Santo Domingo,Heredia,2023,pinnovacion_rank,7,baseICC2023_2024.xlsx,
404,Santa Bárbara,Heredia,2023,pinnovacion_rank,43,baseICC2023_2024.xlsx,
405,San Rafael,Heredia,2023,pinnovacion_rank,50,baseICC2023_2024.xlsx,
406,San Isidro,Heredia,2023,pinnovacion_rank,32,baseICC2023_2024.xlsx,
407,Belén,Heredia,2023,pinnovacion_rank,5,baseICC2023_2024.xlsx,
408,Flores,Heredia,2023,pinnovacion_rank,16,baseICC2023_2024.xlsx,
409,San Pablo,Heredia,2023,pinnovacion_rank,28,baseICC2023_2024.xlsx,
410,Sarapiquí,Heredia,2023,pinnovacion_rank,59,baseICC2023_2024.xlsx,
501,Liberia,Guanacaste,2023,pinnovacion_rank,15,baseICC2023_2024.xlsx,
502,Nicoya,Guanacaste,2023,pinnovacion_rank,64,baseICC2023_2024.xlsx,
503,Santa Cruz,Guanacaste,2023,pinnovacion_rank,65,baseICC2023_2024.xlsx,
504,Bagaces,Guanacaste,2023,pinnovacion_rank,19,baseICC2023_2024.xlsx,
505,Carrillo,Guanacaste,2023,pinnovacion_rank,45,baseICC2023_2024.xlsx,
506,Cañas,Guanacaste,2023,pinnovacion_rank,38,baseICC2023_2024.xlsx,
507,Abangares,Guanacaste,2023,pinnovacion_rank,31,baseICC2023_2024.xlsx,
508,Tilarán,Guanacaste,2023,pinnovacion_rank,27,baseICC2023_2024.xlsx,
509,Nandayure,Guanacaste,2023,pinnovacion_rank,26,baseICC2023_2024.xlsx,
510,La Cruz,Guanacaste,2023,pinnovacion_rank,73,baseICC2023_2024.xlsx,
511,Hojancha,Guanacaste,2023,pinnovacion_rank,44,baseICC2023_2024.xlsx,
601,Puntarenas,Puntarenas,2023,pinnovacion_rank,49,baseICC2023_2024.xlsx,
602,Esparza,Puntarenas,2023,pinnovacion_rank,35,baseICC2023_2024.xlsx,
603,Buenos Aires,Puntarenas,2023,pinnovacion_rank,79,baseICC2023_2024.xlsx,
604,Montes de Oro,Puntarenas,2023,pinnovacion_rank,54,baseICC2023_2024.xlsx,
605,Osa,Puntarenas,2023,pinnovacion_rank,69,baseICC2023_2024.xlsx,
606,Quepos,Puntarenas,2023,pinnovacion_rank,70,baseICC2023_2024.xlsx,
607,Golfito,Puntarenas,2023,pinnovacion_rank,80,baseICC2023_2024.xlsx,
608,Coto Brus,Puntarenas,2023,pinnovacion_rank,62,baseICC2023_2024.xlsx,
609,Parrita,Puntarenas,2023,pinnovacion_rank,78,baseICC2023_2024.xlsx,
610,Corredores,Puntarenas,2023,pinnovacion_rank,76,baseICC2023_2024.xlsx,
611,Garabito,Puntarenas,2023,pinnovacion_rank,46,baseICC2023_2024.xlsx,
701,Limón,Limón,2023,pinnovacion_rank,77,baseICC2023_2024.xlsx,
702,Pococí,Limón,2023,pinnovacion_rank,34,baseICC2023_2024.xlsx,
703,Siquirres,Limón,2023,pinnovacion_rank,66,baseICC2023_2024.xlsx,
704,Talamanca,Limón,2023,pinnovacion_rank,81,baseICC2023_2024.xlsx,
705,Matina,Limón,2023,pinnovacion_rank,75,baseICC2023_2024.xlsx,
706,Guácimo,Limón,2023,pinnovacion_rank,63,baseICC2023_2024.xlsx,
101,San José,San José,2024,pinnovacion_rank,10,baseICC2023_2024.xlsx,
102,Escazú,San José,2024,pinnovacion_rank,5,baseICC2023_2024.xlsx,
103,Desamparados,San José,2024,pinnovacion_rank,34,baseICC2023_2024.xlsx,
104,Puriscal,San José,2024,pinnovacion_rank,63,baseICC2023_2024.xlsx,
105,Tarrazú,San José,2024,pinnovacion_rank,55,baseICC2023_2024.xlsx,
106,Aserrí,San José,2024,pinnovacion_rank,46,baseICC2023_2024.xlsx,
107,Mora,San José,2024,pinnovacion_rank,43,baseICC2023_2024.xlsx,
108,Goicoechea,San José,2024,pinnovacion_rank,20,baseICC2023_2024.xlsx,
109,Santa Ana,San José,2024,pinnovacion_rank,12,baseICC2023_2024.xlsx,
110,Alajuelita,San José,2024,pinnovacion_rank,38,baseICC2023_2024.xlsx,
111,Vázquez de Coronado,San José,2024,pinnovacion_rank,40,baseICC2023_2024.xlsx,
112,Acosta,San José,2024,pinnovacion_rank,56,baseICC2023_2024.xlsx,
113,Tibás,San José,2024,pinnovacion_rank,15,baseICC2023_2024.xlsx,
114,Moravia,San José,2024,pinnovacion_rank,13,baseICC2023_2024.xlsx,
115,Montes de Oca,San José,2024,pinnovacion_rank,9,baseICC2023_2024.xlsx,
116,Turrubares,San José,2024,pinnovacion_rank,58,baseICC2023_2024.xlsx,
117,Dota,San José,2024,pinnovacion_rank,61,baseICC2023_2024.xlsx,
118,Curridabat,San José,2024,pinnovacion_rank,8,baseICC2023_2024.xlsx,
119,Pérez Zeledón,San José,2024,pinnovacion_rank,50,baseICC2023_2024.xlsx,
120,León Cortés Castro,San José,2024,pinnovacion_rank,53,baseICC2023_2024.xlsx,
201,Alajuela,Alajuela,2024,pinnovacion_rank,1,baseICC2023_2024.xlsx,
202,San Ramón,Alajuela,2024,pinnovacion_rank,44,baseICC2023_2024.xlsx,
203,Grecia,Alajuela,2024,pinnovacion_rank,11,baseICC2023_2024.xlsx,
204,San Mateo,Alajuela,2024,pinnovacion_rank,57,baseICC2023_2024.xlsx,
205,Atenas,Alajuela,2024,pinnovacion_rank,33,baseICC2023_2024.xlsx,
206,Naranjo,Alajuela,2024,pinnovacion_rank,27,baseICC2023_2024.xlsx,
207,Palmares,Alajuela,2024,pinnovacion_rank,36,baseICC2023_2024.xlsx,
208,Poás,Alajuela,2024,pinnovacion_rank,26,baseICC2023_2024.xlsx,
209,Orotina,Alajuela,2024,pinnovacion_rank,66,baseICC2023_2024.xlsx,
210,San Carlos,Alajuela,2024,pinnovacion_rank,49,baseICC2023_2024.xlsx,
211,Zarcero,Alajuela,2024,pinnovacion_rank,32,baseICC2023_2024.xlsx,
212,Sarchí,Alajuela,2024,pinnovacion_rank,22,baseICC2023_2024.xlsx,
213,Upala,Alajuela,2024,pinnovacion_rank,65,baseICC2023_2024.xlsx,
214,Los Chiles,Alajuela,2024,pinnovacion_rank,80,baseICC2023_2024.xlsx,
215,Guatuso,Alajuela,2024,pinnovacion_rank,67,baseICC2023_2024.xlsx,
216,Río Cuarto,Alajuela,2024,pinnovacion_rank,74,baseICC2023_2024.xlsx,
301,Cartago,Cartago,2024,pinnovacion_rank,3,baseICC2023_2024.xlsx,
302,Paraíso,Cartago,2024,pinnovacion_rank,31,baseICC2023_2024.xlsx,
303,La Unión,Cartago,2024,pinnovacion_rank,14,baseICC2023_2024.xlsx,
304,Jiménez,Cartago,2024,pinnovacion_rank,60,baseICC2023_2024.xlsx,
305,Turrialba,Cartago,2024,pinnovacion_rank,70,baseICC2023_2024.xlsx,
306,Alvarado,Cartago,2024,pinnovacion_rank,35,baseICC2023_2024.xlsx,
307,Oreamuno,Cartago,2024,pinnovacion_rank,21,baseICC2023_2024.xlsx,
308,El Guarco,Cartago,2024,pinnovacion_rank,6,baseICC2023_2024.xlsx,
401,Heredia,Heredia,2024,pinnovacion_rank,4,baseICC2023_2024.xlsx,
402,Barva,Heredia,2024,pinnovacion_rank,42,baseICC2023_2024.xlsx,
403,Santo Domingo,Heredia,2024,pinnovacion_rank,7,baseICC2023_2024.xlsx,
404,Santa Bárbara,Heredia,2024,pinnovacion_rank,24,baseICC2023_2024.xlsx,
405,San Rafael,Heredia,2024,pinnovacion_rank,45,baseICC2023_2024.xlsx,
406,San Isidro,Heredia,2024,pinnovacion_rank,41,baseICC2023_2024.xlsx,
407,Belén,Heredia,2024,pinnovacion_rank,2,baseICC2023_2024.xlsx,
408,Flores,Heredia,2024,pinnovacion_rank,51,baseICC2023_2024.xlsx,
409,San Pablo,Heredia,2024,pinnovacion_rank,19,baseICC2023_2024.xlsx,
410,Sarapiquí,Heredia,2024,pinnovacion_rank,48,baseICC2023_2024.xlsx,
501,Liberia,Guanacaste,2024,pinnovacion_rank,18,baseICC2023_2024.xlsx,
502,Nicoya,Guanacaste,2024,pinnovacion_rank,52,baseICC2023_2024.xlsx,
503,Santa Cruz,Guanacaste,2024,pinnovacion_rank,59,baseICC2023_2024.xlsx,
504,Bagaces,Guanacaste,2024,pinnovacion_rank,16,baseICC2023_2024.xlsx,
505,Carrillo,Guanacaste,2024,pinnovacion_rank,28,baseICC2023_2024.xlsx,
506,Cañas,Guanacaste,2024,pinnovacion_rank,39,baseICC2023_2024.xlsx,
507,Abangares,Guanacaste,2024,pinnovacion_rank,25,baseICC2023_2024.xlsx,
508,Tilarán,Guanacaste,2024,pinnovacion_rank,30,baseICC2023_2024.xlsx,
509,Nandayure,Guanacaste,2024,pinnovacion_rank,23,baseICC2023_2024.xlsx,
510,La Cruz,Guanacaste,2024,pinnovacion_rank,81,baseICC2023_2024.xlsx,
511,Hojancha,Guanacaste,2024,pinnovacion_rank,17,baseICC2023_2024.xlsx,
601,Puntarenas,Puntarenas,2024,pinnovacion_rank,54,baseICC2023_2024.xlsx,
602,Esparza,Puntarenas,2024,pinnovacion_rank,37,baseICC2023_2024.xlsx,
603,Buenos Aires,Puntarenas,2024,pinnovacion_rank,79,baseICC2023_2024.xlsx,
604,Montes de Oro,Puntarenas,2024,pinnovacion_rank,68,baseICC2023_2024.xlsx,
605,Osa,Puntarenas,2024,pinnovacion_rank,72,baseICC2023_2024.xlsx,
606,Quepos,Puntarenas,2024,pinnovacion_rank,76,baseICC2023_2024.xlsx,
607,Golfito,Puntarenas,2024,pinnovacion_rank,78,baseICC2023_2024.xlsx,
608,Coto Brus,Puntarenas,2024,pinnovacion_rank,62,baseICC2023_2024.xlsx,
609,Parrita,Puntarenas,2024,pinnovacion_rank,69,baseICC2023_2024.xlsx,
610,Corredores,Puntarenas,2024,pinnovacion_rank,71,baseICC2023_2024.xlsx,
611,Garabito,Puntarenas,2024,pinnovacion_rank,29,baseICC2023_2024.xlsx,
701,Limón,Limón,2024,pinnovacion_rank,75,baseICC2023_2024.xlsx,
702,Pococí,Limón,2024,pinnovacion_rank,47,baseICC2023_2024.xlsx,
703,Siquirres,Limón,2024,pinnovacion_rank,73,baseICC2023_2024.xlsx,
704,Talamanca,Limón,2024,pinnovacion_rank,82,baseICC2023_2024.xlsx,
705,Matina,Limón,2024,pinnovacion_rank,77,baseICC2023_2024.xlsx,
706,Guácimo,Limón,2024,pinnovacion_rank,64,baseICC2023_2024.xlsx,
101,San José,San José,2023,pinnovacion_categ,373,baseICC2023_2024.xlsx,
102,Escazú,San José,2023,pinnovacion_categ,333,baseICC2023_2024.xlsx,
103,Desamparados,San José,2023,pinnovacion_categ,260,baseICC2023_2024.xlsx,
104,Puriscal,San José,2023,pinnovacion_categ,179,baseICC2023_2024.xlsx,
105,Tarrazú,San José,2023,pinnovacion_categ,198,baseICC2023_2024.xlsx,
106,Aserrí,San José,2023,pinnovacion_categ,214,baseICC2023_2024.xlsx,
107,Mora,San José,2023,pinnovacion_categ,186,baseICC2023_2024.xlsx,
108,Goicoechea,San José,2023,pinnovacion_categ,288,baseICC2023_2024.xlsx,
109,Santa Ana,San José,2023,pinnovacion_categ,313,baseICC2023_2024.xlsx,
110,Alajuelita,San José,2023,pinnovacion_categ,241,baseICC2023_2024.xlsx,
111,Vázquez de Coronado,San José,2023,pinnovacion_categ,230,baseICC2023_2024.xlsx,
112,Acosta,San José,2023,pinnovacion_categ,232,baseICC2023_2024.xlsx,
113,Tibás,San José,2023,pinnovacion_categ,284,baseICC2023_2024.xlsx,
114,Moravia,San José,2023,pinnovacion_categ,337,baseICC2023_2024.xlsx,
115,Montes de Oca,San José,2023,pinnovacion_categ,386,baseICC2023_2024.xlsx,
116,Turrubares,San José,2023,pinnovacion_categ,196,baseICC2023_2024.xlsx,
117,Dota,San José,2023,pinnovacion_categ,190,baseICC2023_2024.xlsx,
118,Curridabat,San José,2023,pinnovacion_categ,372,baseICC2023_2024.xlsx,
119,Pérez Zeledón,San José,2023,pinnovacion_categ,187,baseICC2023_2024.xlsx,
120,León Cortés Castro,San José,2023,pinnovacion_categ,177,baseICC2023_2024.xlsx,
201,Alajuela,Alajuela,2023,pinnovacion_categ,431,baseICC2023_2024.xlsx,
202,San Ramón,Alajuela,2023,pinnovacion_categ,232,baseICC2023_2024.xlsx,
203,Grecia,Alajuela,2023,pinnovacion_categ,314,baseICC2023_2024.xlsx,
204,San Mateo,Alajuela,2023,pinnovacion_categ,215,baseICC2023_2024.xlsx,
205,Atenas,Alajuela,2023,pinnovacion_categ,248,baseICC2023_2024.xlsx,
206,Naranjo,Alajuela,2023,pinnovacion_categ,266,baseICC2023_2024.xlsx,
207,Palmares,Alajuela,2023,pinnovacion_categ,246,baseICC2023_2024.xlsx,
208,Poás,Alajuela,2023,pinnovacion_categ,267,baseICC2023_2024.xlsx,
209,Orotina,Alajuela,2023,pinnovacion_categ,270,baseICC2023_2024.xlsx,
210,San Carlos,Alajuela,2023,pinnovacion_categ,231,baseICC2023_2024.xlsx,
211,Zarcero,Alajuela,2023,pinnovacion_categ,210,baseICC2023_2024.xlsx,
212,Sarchí,Alajuela,2023,pinnovacion_categ,264,baseICC2023_2024.xlsx,
213,Upala,Alajuela,2023,pinnovacion_categ,128,baseICC2023_2024.xlsx,
214,Los Chiles,Alajuela,2023,pinnovacion_categ,118,baseICC2023_2024.xlsx,
215,Guatuso,Alajuela,2023,pinnovacion_categ,119,baseICC2023_2024.xlsx,
301,Cartago,Cartago,2023,pinnovacion_categ,440,baseICC2023_2024.xlsx,
302,Paraíso,Cartago,2023,pinnovacion_categ,265,baseICC2023_2024.xlsx,
303,La Unión,Cartago,2023,pinnovacion_categ,269,baseICC2023_2024.xlsx,
304,Jiménez,Cartago,2023,pinnovacion_categ,127,baseICC2023_2024.xlsx,
305,Turrialba,Cartago,2023,pinnovacion_categ,110,baseICC2023_2024.xlsx,
306,Alvarado,Cartago,2023,pinnovacion_categ,259,baseICC2023_2024.xlsx,
307,Oreamuno,Cartago,2023,pinnovacion_categ,283,baseICC2023_2024.xlsx,
308,El Guarco,Cartago,2023,pinnovacion_categ,431,baseICC2023_2024.xlsx,
401,Heredia,Heredia,2023,pinnovacion_categ,412,baseICC2023_2024.xlsx,
402,Barva,Heredia,2023,pinnovacion_categ,208,baseICC2023_2024.xlsx,
403,Santo Domingo,Heredia,2023,pinnovacion_categ,384,baseICC2023_2024.xlsx,
404,Santa Bárbara,Heredia,2023,pinnovacion_categ,229,baseICC2023_2024.xlsx,
405,San Rafael,Heredia,2023,pinnovacion_categ,211,baseICC2023_2024.xlsx,
406,San Isidro,Heredia,2023,pinnovacion_categ,253,baseICC2023_2024.xlsx,
407,Belén,Heredia,2023,pinnovacion_categ,397,baseICC2023_2024.xlsx,
408,Flores,Heredia,2023,pinnovacion_categ,286,baseICC2023_2024.xlsx,
409,San Pablo,Heredia,2023,pinnovacion_categ,261,baseICC2023_2024.xlsx,
410,Sarapiquí,Heredia,2023,pinnovacion_categ,179,baseICC2023_2024.xlsx,
501,Liberia,Guanacaste,2023,pinnovacion_categ,287,baseICC2023_2024.xlsx,
502,Nicoya,Guanacaste,2023,pinnovacion_categ,162,baseICC2023_2024.xlsx,
503,Santa Cruz,Guanacaste,2023,pinnovacion_categ,152,baseICC2023_2024.xlsx,
504,Bagaces,Guanacaste,2023,pinnovacion_categ,282,baseICC2023_2024.xlsx,
505,Carrillo,Guanacaste,2023,pinnovacion_categ,226,baseICC2023_2024.xlsx,
506,Cañas,Guanacaste,2023,pinnovacion_categ,237,baseICC2023_2024.xlsx,
507,Abangares,Guanacaste,2023,pinnovacion_categ,259,baseICC2023_2024.xlsx,
508,Tilarán,Guanacaste,2023,pinnovacion_categ,261,baseICC2023_2024.xlsx,
509,Nandayure,Guanacaste,2023,pinnovacion_categ,263,baseICC2023_2024.xlsx,
510,La Cruz,Guanacaste,2023,pinnovacion_categ,117,baseICC2023_2024.xlsx,
511,Hojancha,Guanacaste,2023,pinnovacion_categ,229,baseICC2023_2024.xlsx,
601,Puntarenas,Puntarenas,2023,pinnovacion_categ,214,baseICC2023_2024.xlsx,
602,Esparza,Puntarenas,2023,pinnovacion_categ,246,baseICC2023_2024.xlsx,
603,Buenos Aires,Puntarenas,2023,pinnovacion_categ,65,baseICC2023_2024.xlsx,
604,Montes de Oro,Puntarenas,2023,pinnovacion_categ,198,baseICC2023_2024.xlsx,
605,Osa,Puntarenas,2023,pinnovacion_categ,124,baseICC2023_2024.xlsx,
606,Quepos,Puntarenas,2023,pinnovacion_categ,121,baseICC2023_2024.xlsx,
607,Golfito,Puntarenas,2023,pinnovacion_categ,59,baseICC2023_2024.xlsx,
608,Coto Brus,Puntarenas,2023,pinnovacion_categ,167,baseICC2023_2024.xlsx,
609,Parrita,Puntarenas,2023,pinnovacion_categ,72,baseICC2023_2024.xlsx,
610,Corredores,Puntarenas,2023,pinnovacion_categ,101,baseICC2023_2024.xlsx,
611,Garabito,Puntarenas,2023,pinnovacion_categ,216,baseICC2023_2024.xlsx,
701,Limón,Limón,2023,pinnovacion_categ,90,baseICC2023_2024.xlsx,
702,Pococí,Limón,2023,pinnovacion_categ,247,baseICC2023_2024.xlsx,
703,Siquirres,Limón,2023,pinnovacion_categ,128,baseICC2023_2024.xlsx,
704,Talamanca,Limón,2023,pinnovacion_categ,Muy Bajo,baseICC2023_2024.xlsx,
705,Matina,Limón,2023,pinnovacion_categ,103,baseICC2023_2024.xlsx,
706,Guácimo,Limón,2023,pinnovacion_categ,163,baseICC2023_2024.xlsx,
101,San José,San José,2024,pinnovacion_categ,Alto,baseICC2023_2024.xlsx,
102,Escazú,San José,2024,pinnovacion_categ,Alto,baseICC2023_2024.xlsx,
103,Desamparados,San José,2024,pinnovacion_categ,Medio,baseICC2023_2024.xlsx,
104,Puriscal,San José,2024,pinnovacion_categ,Bajo,baseICC2023_2024.xlsx,
105,Tarrazú,San José,2024,pinnovacion_categ,Bajo,baseICC2023_2024.xlsx,
106,Aserrí,San José,2024,pinnovacion_categ,Medio,baseICC2023_2024.xlsx,
107,Mora,San José,2024,pinnovacion_categ,Medio,baseICC2023_2024.xlsx,
108,Goicoechea,San José,2024,pinnovacion_categ,Medio,baseICC2023_2024.xlsx,
109,Santa Ana,San José,2024,pinnovacion_categ,Alto,baseICC2023_2024.xlsx,
110,Alajuelita,San José,2024,pinnovacion_categ,Medio,baseICC2023_2024.xlsx,
111,Vázquez de Coronado,San José,2024,pinnovacion_categ,Medio,baseICC2023_2024.xlsx,
112,Acosta,San José,2024,pinnovacion_categ,Bajo,baseICC2023_2024.xlsx,
113,Tibás,San José,2024,pinnovacion_categ,Alto,baseICC2023_2024.xlsx,
114,Moravia,San José,2024,pinnovacion_categ,Alto,baseICC2023_2024.xlsx,
115,Montes de Oca,San José,2024,pinnovacion_categ,Alto,baseICC2023_2024.xlsx,
116,Turrubares,San José,2024,pinnovacion_categ,Bajo,baseICC2023_2024.xlsx,
117,Dota,San José,2024,pinnovacion_categ,Bajo,baseICC2023_2024.xlsx,
118,Curridabat,San José,2024,pinnovacion_categ,Alto,baseICC2023_2024.xlsx,
119,Pérez Zeledón,San José,2024,pinnovacion_categ,Bajo,baseICC2023_2024.xlsx,
120,León Cortés Castro,San José,2024,pinnovacion_categ,Bajo,baseICC2023_2024.xlsx,
201,Alajuela,Alajuela,2024,pinnovacion_categ,Muy alto,baseICC2023_2024.xlsx,
202,San Ramón,Alajuela,2024,pinnovacion_categ,Medio,baseICC2023_2024.xlsx,
203,Grecia,Alajuela,2024,pinnovacion_categ,Alto,baseICC2023_2024.xlsx,
204,San Mateo,Alajuela,2024,pinnovacion_categ,Bajo,baseICC2023_2024.xlsx,
205,Atenas,Alajuela,2024,pinnovacion_categ,Medio,baseICC2023_2024.xlsx,
206,Naranjo,Alajuela,2024,pinnovacion_categ,Medio,baseICC2023_2024.xlsx,
207,Palmares,Alajuela,2024,pinnovacion_categ,Medio,baseICC2023_2024.xlsx,
208,Poás,Alajuela,2024,pinnovacion_categ,Medio,baseICC2023_2024.xlsx,
209,Orotina,Alajuela,2024,pinnovacion_categ,Bajo,baseICC2023_2024.xlsx,
210,San Carlos,Alajuela,2024,pinnovacion_categ,Medio,baseICC2023_2024.xlsx,
211,Zarcero,Alajuela,2024,pinnovacion_categ,Medio,baseICC2023_2024.xlsx,
212,Sarchí,Alajuela,2024,pinnovacion_categ,Medio,baseICC2023_2024.xlsx,
213,Upala,Alajuela,2024,pinnovacion_categ,Bajo,baseICC2023_2024.xlsx,
214,Los Chiles,Alajuela,2024,pinnovacion_categ,Muy Bajo,baseICC2023_2024.xlsx,
215,Guatuso,Alajuela,2024,pinnovacion_categ,Bajo,baseICC2023_2024.xlsx,
216,Río Cuarto,Alajuela,2024,pinnovacion_categ,Bajo,baseICC2023_2024.xlsx,
301,Cartago,Cartago,2024,pinnovacion_categ,Muy alto,baseICC2023_2024.xlsx,
302,Paraíso,Cartago,2024,pinnovacion_categ,Medio,baseICC2023_2024.xlsx,
303,La Unión,Cartago,2024,pinnovacion_categ,Alto,baseICC2023_2024.xlsx,
304,Jiménez,Cartago,2024,pinnovacion_categ,Bajo,baseICC2023_2024.xlsx,
305,Turrialba,Cartago,2024,pinnovacion_categ,Bajo,baseICC2023_2024.xlsx,
306,Alvarado,Cartago,2024,pinnovacion_categ,Medio,baseICC2023_2024.xlsx,
307,Oreamuno,Cartago,2024,pinnovacion_categ,Medio,baseICC2023_2024.xlsx,
308,El Guarco,Cartago,2024,pinnovacion_categ,Alto,baseICC2023_2024.xlsx,
401,Heredia,Heredia,2024,pinnovacion_categ,Muy alto,baseICC2023_2024.xlsx,
402,Barva,Heredia,2024,pinnovacion_categ,Medio,baseICC2023_2024.xlsx,
403,Santo Domingo,Heredia,2024,pinnovacion_categ,Alto,baseICC2023_2024.xlsx,
404,Santa Bárbara,Heredia,2024,pinnovacion_categ,Medio,baseICC2023_2024.xlsx,
405,San Rafael,Heredia,2024,pinnovacion_categ,Medio,baseICC2023_2024.xlsx,
406,San Isidro,Heredia,2024,pinnovacion_categ,Medio,baseICC2023_2024.xlsx,
407,Belén,Heredia,2024,pinnovacion_categ,Muy alto,baseICC2023_2024.xlsx,
408,Flores,Heredia,2024,pinnovacion_categ,Bajo,baseICC2023_2024.xlsx,
409,San Pablo,Heredia,2024,pinnovacion_categ,Medio,baseICC2023_2024.xlsx,
410,Sarapiquí,Heredia,2024,pinnovacion_categ,Medio,baseICC2023_2024.xlsx,
501,Liberia,Guanacaste,2024,pinnovacion_categ,Medio,baseICC2023_2024.xlsx,
502,Nicoya,Guanacaste,2024,pinnovacion_categ,Bajo,baseICC2023_2024.xlsx,
503,Santa Cruz,Guanacaste,2024,pinnovacion_categ,Bajo,baseICC2023_2024.xlsx,
504,Bagaces,Guanacaste,2024,pinnovacion_categ,Alto,baseICC2023_2024.xlsx,
505,Carrillo,Guanacaste,2024,pinnovacion_categ,Medio,baseICC2023_2024.xlsx,
506,Cañas,Guanacaste,2024,pinnovacion_categ,Medio,baseICC2023_2024.xlsx,
507,Abangares,Guanacaste,2024,pinnovacion_categ,Medio,baseICC2023_2024.xlsx,
508,Tilarán,Guanacaste,2024,pinnovacion_categ,Medio,baseICC2023_2024.xlsx,
509,Nandayure,Guanacaste,2024,pinnovacion_categ,Medio,baseICC2023_2024.xlsx,
510,La Cruz,Guanacaste,2024,pinnovacion_categ,Muy Bajo,baseICC2023_2024.xlsx,
511,Hojancha,Guanacaste,2024,pinnovacion_categ,Medio,baseICC2023_2024.xlsx,
601,Puntarenas,Puntarenas,2024,pinnovacion_categ,Bajo,baseICC2023_2024.xlsx,
602,Esparza,Puntarenas,2024,pinnovacion_categ,Medio,baseICC2023_2024.xlsx,
603,Buenos Aires,Puntarenas,2024,pinnovacion_categ,Muy Bajo,baseICC2023_2024.xlsx,
604,Montes de Oro,Puntarenas,2024,pinnovacion_categ,Bajo,baseICC2023_2024.xlsx,
605,Osa,Puntarenas,2024,pinnovacion_categ,Bajo,baseICC2023_2024.xlsx,
606,Quepos,Puntarenas,2024,pinnovacion_categ,Bajo,baseICC2023_2024.xlsx,
607,Golfito,Puntarenas,2024,pinnovacion_categ,Muy Bajo,baseICC2023_2024.xlsx,
608,Coto Brus,Puntarenas,2024,pinnovacion_categ,Bajo,baseICC2023_2024.xlsx,
609,Parrita,Puntarenas,2024,pinnovacion_categ,Bajo,baseICC2023_2024.xlsx,
610,Corredores,Puntarenas,2024,pinnovacion_categ,Bajo,baseICC2023_2024.xlsx,
611,Garabito,Puntarenas,2024,pinnovacion_categ,Medio,baseICC2023_2024.xlsx,
701,Limón,Limón,2024,pinnovacion_categ,Bajo,baseICC2023_2024.xlsx,
702,Pococí,Limón,2024,pinnovacion_categ,Medio,baseICC2023_2024.xlsx,
703,Siquirres,Limón,2024,pinnovacion_categ,Bajo,baseICC2023_2024.xlsx,
704,Talamanca,Limón,2024,pinnovacion_categ,Muy Bajo,baseICC2023_2024.xlsx,
705,Matina,Limón,2024,pinnovacion_categ,Muy Bajo,baseICC2023_2024.xlsx,
706,Guácimo,Limón,2024,pinnovacion_categ,Bajo,baseICC2023_2024.xlsx,
101,San José,San José,2023,pcalidadvida,43.5420188903809,baseICC2023_2024.xlsx,
102,Escazú,San José,2023,pcalidadvida,64.8596343994141,baseICC2023_2024.xlsx,
103,Desamparados,San José,2023,pcalidadvida,62.2272071838379,baseICC2023_2024.xlsx,
104,Puriscal,San José,2023,pcalidadvida,64.8226165771484,baseICC2023_2024.xlsx,
105,Tarrazú,San José,2023,pcalidadvida,59.7627296447754,baseICC2023_2024.xlsx,
106,Aserrí,San José,2023,pcalidadvida,51.8266105651856,baseICC2023_2024.xlsx,
107,Mora,San José,2023,pcalidadvida,55.4751205444336,baseICC2023_2024.xlsx,
108,Goicoechea,San José,2023,pcalidadvida,61.8963088989258,baseICC2023_2024.xlsx,
109,Santa Ana,San José,2023,pcalidadvida,68.6589126586914,baseICC2023_2024.xlsx,
110,Alajuelita,San José,2023,pcalidadvida,51.7988204956055,baseICC2023_2024.xlsx,
111,Vázquez de Coronado,San José,2023,pcalidadvida,58.1451721191406,baseICC2023_2024.xlsx,
112,Acosta,San José,2023,pcalidadvida,55.6425285339356,baseICC2023_2024.xlsx,
113,Tibás,San José,2023,pcalidadvida,62.378116607666,baseICC2023_2024.xlsx,
114,Moravia,San José,2023,pcalidadvida,72.0416793823242,baseICC2023_2024.xlsx,
115,Montes de Oca,San José,2023,pcalidadvida,66.0479431152344,baseICC2023_2024.xlsx,
116,Turrubares,San José,2023,pcalidadvida,61.4030113220215,baseICC2023_2024.xlsx,
117,Dota,San José,2023,pcalidadvida,51.3172645568848,baseICC2023_2024.xlsx,
118,Curridabat,San José,2023,pcalidadvida,62.7225379943848,baseICC2023_2024.xlsx,
119,Pérez Zeledón,San José,2023,pcalidadvida,64.4763259887695,baseICC2023_2024.xlsx,
120,León Cortés Castro,San José,2023,pcalidadvida,57.683479309082,baseICC2023_2024.xlsx,
201,Alajuela,Alajuela,2023,pcalidadvida,54.9906349182129,baseICC2023_2024.xlsx,
202,San Ramón,Alajuela,2023,pcalidadvida,68.8011779785156,baseICC2023_2024.xlsx,
203,Grecia,Alajuela,2023,pcalidadvida,64.4265289306641,baseICC2023_2024.xlsx,
204,San Mateo,Alajuela,2023,pcalidadvida,63.2111015319824,baseICC2023_2024.xlsx,
205,Atenas,Alajuela,2023,pcalidadvida,65.8945465087891,baseICC2023_2024.xlsx,
206,Naranjo,Alajuela,2023,pcalidadvida,63.8478393554688,baseICC2023_2024.xlsx,
207,Palmares,Alajuela,2023,pcalidadvida,62.2198104858398,baseICC2023_2024.xlsx,
208,Poás,Alajuela,2023,pcalidadvida,52.0699577331543,baseICC2023_2024.xlsx,
209,Orotina,Alajuela,2023,pcalidadvida,55.3408126831055,baseICC2023_2024.xlsx,
210,San Carlos,Alajuela,2023,pcalidadvida,64.1885147094727,baseICC2023_2024.xlsx,
211,Zarcero,Alajuela,2023,pcalidadvida,66.6798248291016,baseICC2023_2024.xlsx,
212,Sarchí,Alajuela,2023,pcalidadvida,64.3273468017578,baseICC2023_2024.xlsx,
213,Upala,Alajuela,2023,pcalidadvida,62.6668586730957,baseICC2023_2024.xlsx,
214,Los Chiles,Alajuela,2023,pcalidadvida,58.9964103698731,baseICC2023_2024.xlsx,
215,Guatuso,Alajuela,2023,pcalidadvida,53.7921676635742,baseICC2023_2024.xlsx,
301,Cartago,Cartago,2023,pcalidadvida,63.4508666992188,baseICC2023_2024.xlsx,
302,Paraíso,Cartago,2023,pcalidadvida,59.9875564575195,baseICC2023_2024.xlsx,
303,La Unión,Cartago,2023,pcalidadvida,61.3299140930176,baseICC2023_2024.xlsx,
304,Jiménez,Cartago,2023,pcalidadvida,66.005729675293,baseICC2023_2024.xlsx,
305,Turrialba,Cartago,2023,pcalidadvida,64.6328887939453,baseICC2023_2024.xlsx,
306,Alvarado,Cartago,2023,pcalidadvida,65.4596557617188,baseICC2023_2024.xlsx,
307,Oreamuno,Cartago,2023,pcalidadvida,63.159049987793,baseICC2023_2024.xlsx,
308,El Guarco,Cartago,2023,pcalidadvida,59.5459823608398,baseICC2023_2024.xlsx,
401,Heredia,Heredia,2023,pcalidadvida,60.4433174133301,baseICC2023_2024.xlsx,
402,Barva,Heredia,2023,pcalidadvida,52.9087257385254,baseICC2023_2024.xlsx,
403,Santo Domingo,Heredia,2023,pcalidadvida,77.5625762939453,baseICC2023_2024.xlsx,
404,Santa Bárbara,Heredia,2023,pcalidadvida,62.4907112121582,baseICC2023_2024.xlsx,
405,San Rafael,Heredia,2023,pcalidadvida,72.309455871582,baseICC2023_2024.xlsx,
406,San Isidro,Heredia,2023,pcalidadvida,63.1107711791992,baseICC2023_2024.xlsx,
407,Belén,Heredia,2023,pcalidadvida,67.8769454956055,baseICC2023_2024.xlsx,
408,Flores,Heredia,2023,pcalidadvida,54.9827384948731,baseICC2023_2024.xlsx,
409,San Pablo,Heredia,2023,pcalidadvida,63.8576812744141,baseICC2023_2024.xlsx,
410,Sarapiquí,Heredia,2023,pcalidadvida,55.7180404663086,baseICC2023_2024.xlsx,
501,Liberia,Guanacaste,2023,pcalidadvida,48.2332649230957,baseICC2023_2024.xlsx,
502,Nicoya,Guanacaste,2023,pcalidadvida,67.6558227539063,baseICC2023_2024.xlsx,
503,Santa Cruz,Guanacaste,2023,pcalidadvida,58.6115951538086,baseICC2023_2024.xlsx,
504,Bagaces,Guanacaste,2023,pcalidadvida,76.6193695068359,baseICC2023_2024.xlsx,
505,Carrillo,Guanacaste,2023,pcalidadvida,53.8357048034668,baseICC2023_2024.xlsx,
506,Cañas,Guanacaste,2023,pcalidadvida,55.0898017883301,baseICC2023_2024.xlsx,
507,Abangares,Guanacaste,2023,pcalidadvida,61.2744445800781,baseICC2023_2024.xlsx,
508,Tilarán,Guanacaste,2023,pcalidadvida,73.1493225097656,baseICC2023_2024.xlsx,
509,Nandayure,Guanacaste,2023,pcalidadvida,86.7100830078125,baseICC2023_2024.xlsx,
510,La Cruz,Guanacaste,2023,pcalidadvida,75.2491760253906,baseICC2023_2024.xlsx,
511,Hojancha,Guanacaste,2023,pcalidadvida,69.2746276855469,baseICC2023_2024.xlsx,
601,Puntarenas,Puntarenas,2023,pcalidadvida,67.8501358032227,baseICC2023_2024.xlsx,
602,Esparza,Puntarenas,2023,pcalidadvida,63.6917304992676,baseICC2023_2024.xlsx,
603,Buenos Aires,Puntarenas,2023,pcalidadvida,61.4006271362305,baseICC2023_2024.xlsx,
604,Montes de Oro,Puntarenas,2023,pcalidadvida,54.6387062072754,baseICC2023_2024.xlsx,
605,Osa,Puntarenas,2023,pcalidadvida,69.6836013793945,baseICC2023_2024.xlsx,
606,Quepos,Puntarenas,2023,pcalidadvida,54.3548851013184,baseICC2023_2024.xlsx,
607,Golfito,Puntarenas,2023,pcalidadvida,69.7660369873047,baseICC2023_2024.xlsx,
608,Coto Brus,Puntarenas,2023,pcalidadvida,68.3645401000977,baseICC2023_2024.xlsx,
609,Parrita,Puntarenas,2023,pcalidadvida,59.7400703430176,baseICC2023_2024.xlsx,
610,Corredores,Puntarenas,2023,pcalidadvida,49.5602760314941,baseICC2023_2024.xlsx,
611,Garabito,Puntarenas,2023,pcalidadvida,46.4098472595215,baseICC2023_2024.xlsx,
701,Limón,Limón,2023,pcalidadvida,34.1475296020508,baseICC2023_2024.xlsx,
702,Pococí,Limón,2023,pcalidadvida,68.2050552368164,baseICC2023_2024.xlsx,
703,Siquirres,Limón,2023,pcalidadvida,62.736515045166,baseICC2023_2024.xlsx,
704,Talamanca,Limón,2023,pcalidadvida,54.7521629333496,baseICC2023_2024.xlsx,
705,Matina,Limón,2023,pcalidadvida,29.2157001495361,baseICC2023_2024.xlsx,
706,Guácimo,Limón,2023,pcalidadvida,64.1706161499023,baseICC2023_2024.xlsx,
101,San José,San José,2024,pcalidadvida,45.5352935791016,baseICC2023_2024.xlsx,
102,Escazú,San José,2024,pcalidadvida,69.5382232666016,baseICC2023_2024.xlsx,
103,Desamparados,San José,2024,pcalidadvida,64.6790237426758,baseICC2023_2024.xlsx,
104,Puriscal,San José,2024,pcalidadvida,61.5512542724609,baseICC2023_2024.xlsx,
105,Tarrazú,San José,2024,pcalidadvida,63.1716728210449,baseICC2023_2024.xlsx,
106,Aserrí,San José,2024,pcalidadvida,63.620288848877,baseICC2023_2024.xlsx,
107,Mora,San José,2024,pcalidadvida,53.6157989501953,baseICC2023_2024.xlsx,
108,Goicoechea,San José,2024,pcalidadvida,59.3567085266113,baseICC2023_2024.xlsx,
109,Santa Ana,San José,2024,pcalidadvida,65.4623031616211,baseICC2023_2024.xlsx,
110,Alajuelita,San José,2024,pcalidadvida,51.1930084228516,baseICC2023_2024.xlsx,
111,Vázquez de Coronado,San José,2024,pcalidadvida,59.4337043762207,baseICC2023_2024.xlsx,
112,Acosta,San José,2024,pcalidadvida,63.488956451416,baseICC2023_2024.xlsx,
113,Tibás,San José,2024,pcalidadvida,71.6298751831055,baseICC2023_2024.xlsx,
114,Moravia,San José,2024,pcalidadvida,74.5867462158203,baseICC2023_2024.xlsx,
115,Montes de Oca,San José,2024,pcalidadvida,66.5442276000977,baseICC2023_2024.xlsx,
116,Turrubares,San José,2024,pcalidadvida,51.6009559631348,baseICC2023_2024.xlsx,
117,Dota,San José,2024,pcalidadvida,55.3674087524414,baseICC2023_2024.xlsx,
118,Curridabat,San José,2024,pcalidadvida,62.2872772216797,baseICC2023_2024.xlsx,
119,Pérez Zeledón,San José,2024,pcalidadvida,72.0970077514648,baseICC2023_2024.xlsx,
120,León Cortés Castro,San José,2024,pcalidadvida,69.1965713500977,baseICC2023_2024.xlsx,
201,Alajuela,Alajuela,2024,pcalidadvida,58.5241584777832,baseICC2023_2024.xlsx,
202,San Ramón,Alajuela,2024,pcalidadvida,73.4251251220703,baseICC2023_2024.xlsx,
203,Grecia,Alajuela,2024,pcalidadvida,63.1917915344238,baseICC2023_2024.xlsx,
204,San Mateo,Alajuela,2024,pcalidadvida,66.3868713378906,baseICC2023_2024.xlsx,
205,Atenas,Alajuela,2024,pcalidadvida,62.1365547180176,baseICC2023_2024.xlsx,
206,Naranjo,Alajuela,2024,pcalidadvida,66.3414993286133,baseICC2023_2024.xlsx,
207,Palmares,Alajuela,2024,pcalidadvida,63.9973106384277,baseICC2023_2024.xlsx,
208,Poás,Alajuela,2024,pcalidadvida,60.6943855285645,baseICC2023_2024.xlsx,
209,Orotina,Alajuela,2024,pcalidadvida,54.6302032470703,baseICC2023_2024.xlsx,
210,San Carlos,Alajuela,2024,pcalidadvida,64.9916381835938,baseICC2023_2024.xlsx,
211,Zarcero,Alajuela,2024,pcalidadvida,59.5399742126465,baseICC2023_2024.xlsx,
212,Sarchí,Alajuela,2024,pcalidadvida,63.2530250549316,baseICC2023_2024.xlsx,
213,Upala,Alajuela,2024,pcalidadvida,59.9209327697754,baseICC2023_2024.xlsx,
214,Los Chiles,Alajuela,2024,pcalidadvida,55.4515609741211,baseICC2023_2024.xlsx,
215,Guatuso,Alajuela,2024,pcalidadvida,63.8930740356445,baseICC2023_2024.xlsx,
216,Río Cuarto,Alajuela,2024,pcalidadvida,63.6833877563477,baseICC2023_2024.xlsx,
301,Cartago,Cartago,2024,pcalidadvida,69.0723190307617,baseICC2023_2024.xlsx,
302,Paraíso,Cartago,2024,pcalidadvida,64.4899291992188,baseICC2023_2024.xlsx,
303,La Unión,Cartago,2024,pcalidadvida,68.3182907104492,baseICC2023_2024.xlsx,
304,Jiménez,Cartago,2024,pcalidadvida,71.0920944213867,baseICC2023_2024.xlsx,
305,Turrialba,Cartago,2024,pcalidadvida,60.255672454834,baseICC2023_2024.xlsx,
306,Alvarado,Cartago,2024,pcalidadvida,78.6957626342773,baseICC2023_2024.xlsx,
307,Oreamuno,Cartago,2024,pcalidadvida,67.1145324707031,baseICC2023_2024.xlsx,
308,El Guarco,Cartago,2024,pcalidadvida,74.6998977661133,baseICC2023_2024.xlsx,
401,Heredia,Heredia,2024,pcalidadvida,62.7166862487793,baseICC2023_2024.xlsx,
402,Barva,Heredia,2024,pcalidadvida,59.9990539550781,baseICC2023_2024.xlsx,
403,Santo Domingo,Heredia,2024,pcalidadvida,81.9919128417969,baseICC2023_2024.xlsx,
404,Santa Bárbara,Heredia,2024,pcalidadvida,66.5680999755859,baseICC2023_2024.xlsx,
405,San Rafael,Heredia,2024,pcalidadvida,70.8698501586914,baseICC2023_2024.xlsx,
406,San Isidro,Heredia,2024,pcalidadvida,62.6774673461914,baseICC2023_2024.xlsx,
407,Belén,Heredia,2024,pcalidadvida,62.1285285949707,baseICC2023_2024.xlsx,
408,Flores,Heredia,2024,pcalidadvida,60.0818290710449,baseICC2023_2024.xlsx,
409,San Pablo,Heredia,2024,pcalidadvida,62.6237144470215,baseICC2023_2024.xlsx,
410,Sarapiquí,Heredia,2024,pcalidadvida,59.4783821105957,baseICC2023_2024.xlsx,
501,Liberia,Guanacaste,2024,pcalidadvida,51.2187194824219,baseICC2023_2024.xlsx,
502,Nicoya,Guanacaste,2024,pcalidadvida,67.6903076171875,baseICC2023_2024.xlsx,
503,Santa Cruz,Guanacaste,2024,pcalidadvida,60.6975479125977,baseICC2023_2024.xlsx,
504,Bagaces,Guanacaste,2024,pcalidadvida,70.8990249633789,baseICC2023_2024.xlsx,
505,Carrillo,Guanacaste,2024,pcalidadvida,56.17236328125,baseICC2023_2024.xlsx,
506,Cañas,Guanacaste,2024,pcalidadvida,60.1093406677246,baseICC2023_2024.xlsx,
507,Abangares,Guanacaste,2024,pcalidadvida,65.2595367431641,baseICC2023_2024.xlsx,
508,Tilarán,Guanacaste,2024,pcalidadvida,72.2939682006836,baseICC2023_2024.xlsx,
509,Nandayure,Guanacaste,2024,pcalidadvida,81.8520812988281,baseICC2023_2024.xlsx,
510,La Cruz,Guanacaste,2024,pcalidadvida,73.1190948486328,baseICC2023_2024.xlsx,
511,Hojancha,Guanacaste,2024,pcalidadvida,63.6119689941406,baseICC2023_2024.xlsx,
601,Puntarenas,Puntarenas,2024,pcalidadvida,68.8468933105469,baseICC2023_2024.xlsx,
602,Esparza,Puntarenas,2024,pcalidadvida,62.529167175293,baseICC2023_2024.xlsx,
603,Buenos Aires,Puntarenas,2024,pcalidadvida,62.8064193725586,baseICC2023_2024.xlsx,
604,Montes de Oro,Puntarenas,2024,pcalidadvida,53.9292335510254,baseICC2023_2024.xlsx,
605,Osa,Puntarenas,2024,pcalidadvida,75.236198425293,baseICC2023_2024.xlsx,
606,Quepos,Puntarenas,2024,pcalidadvida,47.0359954833984,baseICC2023_2024.xlsx,
607,Golfito,Puntarenas,2024,pcalidadvida,70.5117034912109,baseICC2023_2024.xlsx,
608,Coto Brus,Puntarenas,2024,pcalidadvida,74.3522109985352,baseICC2023_2024.xlsx,
609,Parrita,Puntarenas,2024,pcalidadvida,51.7905540466309,baseICC2023_2024.xlsx,
610,Corredores,Puntarenas,2024,pcalidadvida,55.1791305541992,baseICC2023_2024.xlsx,
611,Garabito,Puntarenas,2024,pcalidadvida,43.0902557373047,baseICC2023_2024.xlsx,
701,Limón,Limón,2024,pcalidadvida,39.2831573486328,baseICC2023_2024.xlsx,
702,Pococí,Limón,2024,pcalidadvida,66.123291015625,baseICC2023_2024.xlsx,
703,Siquirres,Limón,2024,pcalidadvida,61.3761253356934,baseICC2023_2024.xlsx,
704,Talamanca,Limón,2024,pcalidadvida,56.720401763916,baseICC2023_2024.xlsx,
705,Matina,Limón,2024,pcalidadvida,42.6715545654297,baseICC2023_2024.xlsx,
706,Guácimo,Limón,2024,pcalidadvida,62.9554023742676,baseICC2023_2024.xlsx,
101,San José,San José,2023,pcalidadvida_rank,79,baseICC2023_2024.xlsx,
102,Escazú,San José,2023,pcalidadvida_rank,23,baseICC2023_2024.xlsx,
103,Desamparados,San José,2023,pcalidadvida_rank,43,baseICC2023_2024.xlsx,
104,Puriscal,San José,2023,pcalidadvida_rank,24,baseICC2023_2024.xlsx,
105,Tarrazú,San José,2023,pcalidadvida_rank,52,baseICC2023_2024.xlsx,
106,Aserrí,San José,2023,pcalidadvida_rank,73,baseICC2023_2024.xlsx,
107,Mora,San José,2023,pcalidadvida_rank,61,baseICC2023_2024.xlsx,
108,Goicoechea,San José,2023,pcalidadvida_rank,45,baseICC2023_2024.xlsx,
109,Santa Ana,San José,2023,pcalidadvida_rank,12,baseICC2023_2024.xlsx,
110,Alajuelita,San José,2023,pcalidadvida_rank,74,baseICC2023_2024.xlsx,
111,Vázquez de Coronado,San José,2023,pcalidadvida_rank,57,baseICC2023_2024.xlsx,
112,Acosta,San José,2023,pcalidadvida_rank,60,baseICC2023_2024.xlsx,
113,Tibás,San José,2023,pcalidadvida_rank,42,baseICC2023_2024.xlsx,
114,Moravia,San José,2023,pcalidadvida_rank,7,baseICC2023_2024.xlsx,
115,Montes de Oca,San José,2023,pcalidadvida_rank,19,baseICC2023_2024.xlsx,
116,Turrubares,San José,2023,pcalidadvida_rank,46,baseICC2023_2024.xlsx,
117,Dota,San José,2023,pcalidadvida_rank,75,baseICC2023_2024.xlsx,
118,Curridabat,San José,2023,pcalidadvida_rank,39,baseICC2023_2024.xlsx,
119,Pérez Zeledón,San José,2023,pcalidadvida_rank,26,baseICC2023_2024.xlsx,
120,León Cortés Castro,San José,2023,pcalidadvida_rank,58,baseICC2023_2024.xlsx,
201,Alajuela,Alajuela,2023,pcalidadvida_rank,64,baseICC2023_2024.xlsx,
202,San Ramón,Alajuela,2023,pcalidadvida_rank,11,baseICC2023_2024.xlsx,
203,Grecia,Alajuela,2023,pcalidadvida_rank,27,baseICC2023_2024.xlsx,
204,San Mateo,Alajuela,2023,pcalidadvida_rank,35,baseICC2023_2024.xlsx,
205,Atenas,Alajuela,2023,pcalidadvida_rank,21,baseICC2023_2024.xlsx,
206,Naranjo,Alajuela,2023,pcalidadvida_rank,32,baseICC2023_2024.xlsx,
207,Palmares,Alajuela,2023,pcalidadvida_rank,44,baseICC2023_2024.xlsx,
208,Poás,Alajuela,2023,pcalidadvida_rank,72,baseICC2023_2024.xlsx,
209,Orotina,Alajuela,2023,pcalidadvida_rank,62,baseICC2023_2024.xlsx,
210,San Carlos,Alajuela,2023,pcalidadvida_rank,29,baseICC2023_2024.xlsx,
211,Zarcero,Alajuela,2023,pcalidadvida_rank,18,baseICC2023_2024.xlsx,
212,Sarchí,Alajuela,2023,pcalidadvida_rank,28,baseICC2023_2024.xlsx,
213,Upala,Alajuela,2023,pcalidadvida_rank,40,baseICC2023_2024.xlsx,
214,Los Chiles,Alajuela,2023,pcalidadvida_rank,55,baseICC2023_2024.xlsx,
215,Guatuso,Alajuela,2023,pcalidadvida_rank,70,baseICC2023_2024.xlsx,
301,Cartago,Cartago,2023,pcalidadvida_rank,34,baseICC2023_2024.xlsx,
302,Paraíso,Cartago,2023,pcalidadvida_rank,51,baseICC2023_2024.xlsx,
303,La Unión,Cartago,2023,pcalidadvida_rank,48,baseICC2023_2024.xlsx,
304,Jiménez,Cartago,2023,pcalidadvida_rank,20,baseICC2023_2024.xlsx,
305,Turrialba,Cartago,2023,pcalidadvida_rank,25,baseICC2023_2024.xlsx,
306,Alvarado,Cartago,2023,pcalidadvida_rank,22,baseICC2023_2024.xlsx,
307,Oreamuno,Cartago,2023,pcalidadvida_rank,36,baseICC2023_2024.xlsx,
308,El Guarco,Cartago,2023,pcalidadvida_rank,54,baseICC2023_2024.xlsx,
401,Heredia,Heredia,2023,pcalidadvida_rank,50,baseICC2023_2024.xlsx,
402,Barva,Heredia,2023,pcalidadvida_rank,71,baseICC2023_2024.xlsx,
403,Santo Domingo,Heredia,2023,pcalidadvida_rank,2,baseICC2023_2024.xlsx,
404,Santa Bárbara,Heredia,2023,pcalidadvida_rank,41,baseICC2023_2024.xlsx,
405,San Rafael,Heredia,2023,pcalidadvida_rank,6,baseICC2023_2024.xlsx,
406,San Isidro,Heredia,2023,pcalidadvida_rank,37,baseICC2023_2024.xlsx,
407,Belén,Heredia,2023,pcalidadvida_rank,15,baseICC2023_2024.xlsx,
408,Flores,Heredia,2023,pcalidadvida_rank,65,baseICC2023_2024.xlsx,
409,San Pablo,Heredia,2023,pcalidadvida_rank,31,baseICC2023_2024.xlsx,
410,Sarapiquí,Heredia,2023,pcalidadvida_rank,59,baseICC2023_2024.xlsx,
501,Liberia,Guanacaste,2023,pcalidadvida_rank,77,baseICC2023_2024.xlsx,
502,Nicoya,Guanacaste,2023,pcalidadvida_rank,17,baseICC2023_2024.xlsx,
503,Santa Cruz,Guanacaste,2023,pcalidadvida_rank,56,baseICC2023_2024.xlsx,
504,Bagaces,Guanacaste,2023,pcalidadvida_rank,3,baseICC2023_2024.xlsx,
505,Carrillo,Guanacaste,2023,pcalidadvida_rank,69,baseICC2023_2024.xlsx,
506,Cañas,Guanacaste,2023,pcalidadvida_rank,63,baseICC2023_2024.xlsx,
507,Abangares,Guanacaste,2023,pcalidadvida_rank,49,baseICC2023_2024.xlsx,
508,Tilarán,Guanacaste,2023,pcalidadvida_rank,5,baseICC2023_2024.xlsx,
509,Nandayure,Guanacaste,2023,pcalidadvida_rank,1,baseICC2023_2024.xlsx,
510,La Cruz,Guanacaste,2023,pcalidadvida_rank,4,baseICC2023_2024.xlsx,
511,Hojancha,Guanacaste,2023,pcalidadvida_rank,10,baseICC2023_2024.xlsx,
601,Puntarenas,Puntarenas,2023,pcalidadvida_rank,16,baseICC2023_2024.xlsx,
602,Esparza,Puntarenas,2023,pcalidadvida_rank,33,baseICC2023_2024.xlsx,
603,Buenos Aires,Puntarenas,2023,pcalidadvida_rank,47,baseICC2023_2024.xlsx,
604,Montes de Oro,Puntarenas,2023,pcalidadvida_rank,67,baseICC2023_2024.xlsx,
605,Osa,Puntarenas,2023,pcalidadvida_rank,9,baseICC2023_2024.xlsx,
606,Quepos,Puntarenas,2023,pcalidadvida_rank,68,baseICC2023_2024.xlsx,
607,Golfito,Puntarenas,2023,pcalidadvida_rank,8,baseICC2023_2024.xlsx,
608,Coto Brus,Puntarenas,2023,pcalidadvida_rank,13,baseICC2023_2024.xlsx,
609,Parrita,Puntarenas,2023,pcalidadvida_rank,53,baseICC2023_2024.xlsx,
610,Corredores,Puntarenas,2023,pcalidadvida_rank,76,baseICC2023_2024.xlsx,
611,Garabito,Puntarenas,2023,pcalidadvida_rank,78,baseICC2023_2024.xlsx,
701,Limón,Limón,2023,pcalidadvida_rank,80,baseICC2023_2024.xlsx,
702,Pococí,Limón,2023,pcalidadvida_rank,14,baseICC2023_2024.xlsx,
703,Siquirres,Limón,2023,pcalidadvida_rank,38,baseICC2023_2024.xlsx,
704,Talamanca,Limón,2023,pcalidadvida_rank,66,baseICC2023_2024.xlsx,
705,Matina,Limón,2023,pcalidadvida_rank,81,baseICC2023_2024.xlsx,
706,Guácimo,Limón,2023,pcalidadvida_rank,30,baseICC2023_2024.xlsx,
101,San José,San José,2024,pcalidadvida_rank,79,baseICC2023_2024.xlsx,
102,Escazú,San José,2024,pcalidadvida_rank,17,baseICC2023_2024.xlsx,
103,Desamparados,San José,2024,pcalidadvida_rank,32,baseICC2023_2024.xlsx,
104,Puriscal,San José,2024,pcalidadvida_rank,52,baseICC2023_2024.xlsx,
105,Tarrazú,San José,2024,pcalidadvida_rank,42,baseICC2023_2024.xlsx,
106,Aserrí,San José,2024,pcalidadvida_rank,37,baseICC2023_2024.xlsx,
107,Mora,San José,2024,pcalidadvida_rank,73,baseICC2023_2024.xlsx,
108,Goicoechea,San José,2024,pcalidadvida_rank,64,baseICC2023_2024.xlsx,
109,Santa Ana,San José,2024,pcalidadvida_rank,29,baseICC2023_2024.xlsx,
110,Alajuelita,San José,2024,pcalidadvida_rank,77,baseICC2023_2024.xlsx,
111,Vázquez de Coronado,San José,2024,pcalidadvida_rank,63,baseICC2023_2024.xlsx,
112,Acosta,San José,2024,pcalidadvida_rank,39,baseICC2023_2024.xlsx,
113,Tibás,San José,2024,pcalidadvida_rank,12,baseICC2023_2024.xlsx,
114,Moravia,San José,2024,pcalidadvida_rank,6,baseICC2023_2024.xlsx,
115,Montes de Oca,San José,2024,pcalidadvida_rank,25,baseICC2023_2024.xlsx,
116,Turrubares,San José,2024,pcalidadvida_rank,75,baseICC2023_2024.xlsx,
117,Dota,San José,2024,pcalidadvida_rank,69,baseICC2023_2024.xlsx,
118,Curridabat,San José,2024,pcalidadvida_rank,49,baseICC2023_2024.xlsx,
119,Pérez Zeledón,San José,2024,pcalidadvida_rank,11,baseICC2023_2024.xlsx,
120,León Cortés Castro,San José,2024,pcalidadvida_rank,18,baseICC2023_2024.xlsx,
201,Alajuela,Alajuela,2024,pcalidadvida_rank,65,baseICC2023_2024.xlsx,
202,San Ramón,Alajuela,2024,pcalidadvida_rank,8,baseICC2023_2024.xlsx,
203,Grecia,Alajuela,2024,pcalidadvida_rank,41,baseICC2023_2024.xlsx,
204,San Mateo,Alajuela,2024,pcalidadvida_rank,26,baseICC2023_2024.xlsx,
205,Atenas,Alajuela,2024,pcalidadvida_rank,50,baseICC2023_2024.xlsx,
206,Naranjo,Alajuela,2024,pcalidadvida_rank,27,baseICC2023_2024.xlsx,
207,Palmares,Alajuela,2024,pcalidadvida_rank,34,baseICC2023_2024.xlsx,
208,Poás,Alajuela,2024,pcalidadvida_rank,55,baseICC2023_2024.xlsx,
209,Orotina,Alajuela,2024,pcalidadvida_rank,71,baseICC2023_2024.xlsx,
210,San Carlos,Alajuela,2024,pcalidadvida_rank,31,baseICC2023_2024.xlsx,
211,Zarcero,Alajuela,2024,pcalidadvida_rank,61,baseICC2023_2024.xlsx,
212,Sarchí,Alajuela,2024,pcalidadvida_rank,40,baseICC2023_2024.xlsx,
213,Upala,Alajuela,2024,pcalidadvida_rank,60,baseICC2023_2024.xlsx,
214,Los Chiles,Alajuela,2024,pcalidadvida_rank,68,baseICC2023_2024.xlsx,
215,Guatuso,Alajuela,2024,pcalidadvida_rank,35,baseICC2023_2024.xlsx,
216,Río Cuarto,Alajuela,2024,pcalidadvida_rank,36,baseICC2023_2024.xlsx,
301,Cartago,Cartago,2024,pcalidadvida_rank,19,baseICC2023_2024.xlsx,
302,Paraíso,Cartago,2024,pcalidadvida_rank,33,baseICC2023_2024.xlsx,
303,La Unión,Cartago,2024,pcalidadvida_rank,21,baseICC2023_2024.xlsx,
304,Jiménez,Cartago,2024,pcalidadvida_rank,13,baseICC2023_2024.xlsx,
305,Turrialba,Cartago,2024,pcalidadvida_rank,56,baseICC2023_2024.xlsx,
306,Alvarado,Cartago,2024,pcalidadvida_rank,3,baseICC2023_2024.xlsx,
307,Oreamuno,Cartago,2024,pcalidadvida_rank,23,baseICC2023_2024.xlsx,
308,El Guarco,Cartago,2024,pcalidadvida_rank,5,baseICC2023_2024.xlsx,
401,Heredia,Heredia,2024,pcalidadvida_rank,45,baseICC2023_2024.xlsx,
402,Barva,Heredia,2024,pcalidadvida_rank,59,baseICC2023_2024.xlsx,
403,Santo Domingo,Heredia,2024,pcalidadvida_rank,1,baseICC2023_2024.xlsx,
404,Santa Bárbara,Heredia,2024,pcalidadvida_rank,24,baseICC2023_2024.xlsx,
405,San Rafael,Heredia,2024,pcalidadvida_rank,15,baseICC2023_2024.xlsx,
406,San Isidro,Heredia,2024,pcalidadvida_rank,46,baseICC2023_2024.xlsx,
407,Belén,Heredia,2024,pcalidadvida_rank,51,baseICC2023_2024.xlsx,
408,Flores,Heredia,2024,pcalidadvida_rank,58,baseICC2023_2024.xlsx,
409,San Pablo,Heredia,2024,pcalidadvida_rank,47,baseICC2023_2024.xlsx,
410,Sarapiquí,Heredia,2024,pcalidadvida_rank,62,baseICC2023_2024.xlsx,
501,Liberia,Guanacaste,2024,pcalidadvida_rank,76,baseICC2023_2024.xlsx,
502,Nicoya,Guanacaste,2024,pcalidadvida_rank,22,baseICC2023_2024.xlsx,
503,Santa Cruz,Guanacaste,2024,pcalidadvida_rank,54,baseICC2023_2024.xlsx,
504,Bagaces,Guanacaste,2024,pcalidadvida_rank,14,baseICC2023_2024.xlsx,
505,Carrillo,Guanacaste,2024,pcalidadvida_rank,67,baseICC2023_2024.xlsx,
506,Cañas,Guanacaste,2024,pcalidadvida_rank,57,baseICC2023_2024.xlsx,
507,Abangares,Guanacaste,2024,pcalidadvida_rank,30,baseICC2023_2024.xlsx,
508,Tilarán,Guanacaste,2024,pcalidadvida_rank,10,baseICC2023_2024.xlsx,
509,Nandayure,Guanacaste,2024,pcalidadvida_rank,2,baseICC2023_2024.xlsx,
510,La Cruz,Guanacaste,2024,pcalidadvida_rank,9,baseICC2023_2024.xlsx,
511,Hojancha,Guanacaste,2024,pcalidadvida_rank,38,baseICC2023_2024.xlsx,
601,Puntarenas,Puntarenas,2024,pcalidadvida_rank,20,baseICC2023_2024.xlsx,
602,Esparza,Puntarenas,2024,pcalidadvida_rank,48,baseICC2023_2024.xlsx,
603,Buenos Aires,Puntarenas,2024,pcalidadvida_rank,44,baseICC2023_2024.xlsx,
604,Montes de Oro,Puntarenas,2024,pcalidadvida_rank,72,baseICC2023_2024.xlsx,
605,Osa,Puntarenas,2024,pcalidadvida_rank,4,baseICC2023_2024.xlsx,
606,Quepos,Puntarenas,2024,pcalidadvida_rank,78,baseICC2023_2024.xlsx,
607,Golfito,Puntarenas,2024,pcalidadvida_rank,16,baseICC2023_2024.xlsx,
608,Coto Brus,Puntarenas,2024,pcalidadvida_rank,7,baseICC2023_2024.xlsx,
609,Parrita,Puntarenas,2024,pcalidadvida_rank,74,baseICC2023_2024.xlsx,
610,Corredores,Puntarenas,2024,pcalidadvida_rank,70,baseICC2023_2024.xlsx,
611,Garabito,Puntarenas,2024,pcalidadvida_rank,80,baseICC2023_2024.xlsx,
701,Limón,Limón,2024,pcalidadvida_rank,82,baseICC2023_2024.xlsx,
702,Pococí,Limón,2024,pcalidadvida_rank,28,baseICC2023_2024.xlsx,
703,Siquirres,Limón,2024,pcalidadvida_rank,53,baseICC2023_2024.xlsx,
704,Talamanca,Limón,2024,pcalidadvida_rank,66,baseICC2023_2024.xlsx,
705,Matina,Limón,2024,pcalidadvida_rank,81,baseICC2023_2024.xlsx,
706,Guácimo,Limón,2024,pcalidadvida_rank,43,baseICC2023_2024.xlsx,
101,San José,San José,2023,pcalidadvida_categ,218,baseICC2023_2024.xlsx,
102,Escazú,San José,2023,pcalidadvida_categ,325,baseICC2023_2024.xlsx,
103,Desamparados,San José,2023,pcalidadvida_categ,312,baseICC2023_2024.xlsx,
104,Puriscal,San José,2023,pcalidadvida_categ,325,baseICC2023_2024.xlsx,
105,Tarrazú,San José,2023,pcalidadvida_categ,299,baseICC2023_2024.xlsx,
106,Aserrí,San José,2023,pcalidadvida_categ,260,baseICC2023_2024.xlsx,
107,Mora,San José,2023,pcalidadvida_categ,278,baseICC2023_2024.xlsx,
108,Goicoechea,San José,2023,pcalidadvida_categ,310,baseICC2023_2024.xlsx,
109,Santa Ana,San José,2023,pcalidadvida_categ,344,baseICC2023_2024.xlsx,
110,Alajuelita,San José,2023,pcalidadvida_categ,259,baseICC2023_2024.xlsx,
111,Vázquez de Coronado,San José,2023,pcalidadvida_categ,291,baseICC2023_2024.xlsx,
112,Acosta,San José,2023,pcalidadvida_categ,279,baseICC2023_2024.xlsx,
113,Tibás,San José,2023,pcalidadvida_categ,312,baseICC2023_2024.xlsx,
114,Moravia,San José,2023,pcalidadvida_categ,361,baseICC2023_2024.xlsx,
115,Montes de Oca,San José,2023,pcalidadvida_categ,331,baseICC2023_2024.xlsx,
116,Turrubares,San José,2023,pcalidadvida_categ,308,baseICC2023_2024.xlsx,
117,Dota,San José,2023,pcalidadvida_categ,257,baseICC2023_2024.xlsx,
118,Curridabat,San José,2023,pcalidadvida_categ,314,baseICC2023_2024.xlsx,
119,Pérez Zeledón,San José,2023,pcalidadvida_categ,323,baseICC2023_2024.xlsx,
120,León Cortés Castro,San José,2023,pcalidadvida_categ,289,baseICC2023_2024.xlsx,
201,Alajuela,Alajuela,2023,pcalidadvida_categ,275,baseICC2023_2024.xlsx,
202,San Ramón,Alajuela,2023,pcalidadvida_categ,345,baseICC2023_2024.xlsx,
203,Grecia,Alajuela,2023,pcalidadvida_categ,323,baseICC2023_2024.xlsx,
204,San Mateo,Alajuela,2023,pcalidadvida_categ,317,baseICC2023_2024.xlsx,
205,Atenas,Alajuela,2023,pcalidadvida_categ,330,baseICC2023_2024.xlsx,
206,Naranjo,Alajuela,2023,pcalidadvida_categ,320,baseICC2023_2024.xlsx,
207,Palmares,Alajuela,2023,pcalidadvida_categ,312,baseICC2023_2024.xlsx,
208,Poás,Alajuela,2023,pcalidadvida_categ,261,baseICC2023_2024.xlsx,
209,Orotina,Alajuela,2023,pcalidadvida_categ,277,baseICC2023_2024.xlsx,
210,San Carlos,Alajuela,2023,pcalidadvida_categ,321,baseICC2023_2024.xlsx,
211,Zarcero,Alajuela,2023,pcalidadvida_categ,334,baseICC2023_2024.xlsx,
212,Sarchí,Alajuela,2023,pcalidadvida_categ,322,baseICC2023_2024.xlsx,
213,Upala,Alajuela,2023,pcalidadvida_categ,314,baseICC2023_2024.xlsx,
214,Los Chiles,Alajuela,2023,pcalidadvida_categ,295,baseICC2023_2024.xlsx,
215,Guatuso,Alajuela,2023,pcalidadvida_categ,269,baseICC2023_2024.xlsx,
301,Cartago,Cartago,2023,pcalidadvida_categ,318,baseICC2023_2024.xlsx,
302,Paraíso,Cartago,2023,pcalidadvida_categ,300,baseICC2023_2024.xlsx,
303,La Unión,Cartago,2023,pcalidadvida_categ,307,baseICC2023_2024.xlsx,
304,Jiménez,Cartago,2023,pcalidadvida_categ,331,baseICC2023_2024.xlsx,
305,Turrialba,Cartago,2023,pcalidadvida_categ,324,baseICC2023_2024.xlsx,
306,Alvarado,Cartago,2023,pcalidadvida_categ,328,baseICC2023_2024.xlsx,
307,Oreamuno,Cartago,2023,pcalidadvida_categ,316,baseICC2023_2024.xlsx,
308,El Guarco,Cartago,2023,pcalidadvida_categ,298,baseICC2023_2024.xlsx,
401,Heredia,Heredia,2023,pcalidadvida_categ,303,baseICC2023_2024.xlsx,
402,Barva,Heredia,2023,pcalidadvida_categ,265,baseICC2023_2024.xlsx,
403,Santo Domingo,Heredia,2023,pcalidadvida_categ,388,baseICC2023_2024.xlsx,
404,Santa Bárbara,Heredia,2023,pcalidadvida_categ,313,baseICC2023_2024.xlsx,
405,San Rafael,Heredia,2023,pcalidadvida_categ,362,baseICC2023_2024.xlsx,
406,San Isidro,Heredia,2023,pcalidadvida_categ,316,baseICC2023_2024.xlsx,
407,Belén,Heredia,2023,pcalidadvida_categ,340,baseICC2023_2024.xlsx,
408,Flores,Heredia,2023,pcalidadvida_categ,275,baseICC2023_2024.xlsx,
409,San Pablo,Heredia,2023,pcalidadvida_categ,320,baseICC2023_2024.xlsx,
410,Sarapiquí,Heredia,2023,pcalidadvida_categ,279,baseICC2023_2024.xlsx,
501,Liberia,Guanacaste,2023,pcalidadvida_categ,242,baseICC2023_2024.xlsx,
502,Nicoya,Guanacaste,2023,pcalidadvida_categ,339,baseICC2023_2024.xlsx,
503,Santa Cruz,Guanacaste,2023,pcalidadvida_categ,294,baseICC2023_2024.xlsx,
504,Bagaces,Guanacaste,2023,pcalidadvida_categ,384,baseICC2023_2024.xlsx,
505,Carrillo,Guanacaste,2023,pcalidadvida_categ,270,baseICC2023_2024.xlsx,
506,Cañas,Guanacaste,2023,pcalidadvida_categ,276,baseICC2023_2024.xlsx,
507,Abangares,Guanacaste,2023,pcalidadvida_categ,307,baseICC2023_2024.xlsx,
508,Tilarán,Guanacaste,2023,pcalidadvida_categ,366,baseICC2023_2024.xlsx,
509,Nandayure,Guanacaste,2023,pcalidadvida_categ,434,baseICC2023_2024.xlsx,
510,La Cruz,Guanacaste,2023,pcalidadvida_categ,377,baseICC2023_2024.xlsx,
511,Hojancha,Guanacaste,2023,pcalidadvida_categ,347,baseICC2023_2024.xlsx,
601,Puntarenas,Puntarenas,2023,pcalidadvida_categ,340,baseICC2023_2024.xlsx,
602,Esparza,Puntarenas,2023,pcalidadvida_categ,319,baseICC2023_2024.xlsx,
603,Buenos Aires,Puntarenas,2023,pcalidadvida_categ,308,baseICC2023_2024.xlsx,
604,Montes de Oro,Puntarenas,2023,pcalidadvida_categ,274,baseICC2023_2024.xlsx,
605,Osa,Puntarenas,2023,pcalidadvida_categ,349,baseICC2023_2024.xlsx,
606,Quepos,Puntarenas,2023,pcalidadvida_categ,272,baseICC2023_2024.xlsx,
607,Golfito,Puntarenas,2023,pcalidadvida_categ,349,baseICC2023_2024.xlsx,
608,Coto Brus,Puntarenas,2023,pcalidadvida_categ,342,baseICC2023_2024.xlsx,
609,Parrita,Puntarenas,2023,pcalidadvida_categ,299,baseICC2023_2024.xlsx,
610,Corredores,Puntarenas,2023,pcalidadvida_categ,248,baseICC2023_2024.xlsx,
611,Garabito,Puntarenas,2023,pcalidadvida_categ,233,baseICC2023_2024.xlsx,
701,Limón,Limón,2023,pcalidadvida_categ,171,baseICC2023_2024.xlsx,
702,Pococí,Limón,2023,pcalidadvida_categ,342,baseICC2023_2024.xlsx,
703,Siquirres,Limón,2023,pcalidadvida_categ,314,baseICC2023_2024.xlsx,
704,Talamanca,Limón,2023,pcalidadvida_categ,274,baseICC2023_2024.xlsx,
705,Matina,Limón,2023,pcalidadvida_categ,147,baseICC2023_2024.xlsx,
706,Guácimo,Limón,2023,pcalidadvida_categ,321,baseICC2023_2024.xlsx,
101,San José,San José,2024,pcalidadvida_categ,Medio,baseICC2023_2024.xlsx,
102,Escazú,San José,2024,pcalidadvida_categ,Alto,baseICC2023_2024.xlsx,
103,Desamparados,San José,2024,pcalidadvida_categ,Alto,baseICC2023_2024.xlsx,
104,Puriscal,San José,2024,pcalidadvida_categ,Alto,baseICC2023_2024.xlsx,
105,Tarrazú,San José,2024,pcalidadvida_categ,Alto,baseICC2023_2024.xlsx,
106,Aserrí,San José,2024,pcalidadvida_categ,Alto,baseICC2023_2024.xlsx,
107,Mora,San José,2024,pcalidadvida_categ,Medio,baseICC2023_2024.xlsx,
108,Goicoechea,San José,2024,pcalidadvida_categ,Medio,baseICC2023_2024.xlsx,
109,Santa Ana,San José,2024,pcalidadvida_categ,Alto,baseICC2023_2024.xlsx,
110,Alajuelita,San José,2024,pcalidadvida_categ,Medio,baseICC2023_2024.xlsx,
111,Vázquez de Coronado,San José,2024,pcalidadvida_categ,Medio,baseICC2023_2024.xlsx,
112,Acosta,San José,2024,pcalidadvida_categ,Alto,baseICC2023_2024.xlsx,
113,Tibás,San José,2024,pcalidadvida_categ,Alto,baseICC2023_2024.xlsx,
114,Moravia,San José,2024,pcalidadvida_categ,Alto,baseICC2023_2024.xlsx,
115,Montes de Oca,San José,2024,pcalidadvida_categ,Alto,baseICC2023_2024.xlsx,
116,Turrubares,San José,2024,pcalidadvida_categ,Medio,baseICC2023_2024.xlsx,
117,Dota,San José,2024,pcalidadvida_categ,Medio,baseICC2023_2024.xlsx,
118,Curridabat,San José,2024,pcalidadvida_categ,Alto,baseICC2023_2024.xlsx,
119,Pérez Zeledón,San José,2024,pcalidadvida_categ,Alto,baseICC2023_2024.xlsx,
120,León Cortés Castro,San José,2024,pcalidadvida_categ,Alto,baseICC2023_2024.xlsx,
201,Alajuela,Alajuela,2024,pcalidadvida_categ,Medio,baseICC2023_2024.xlsx,
202,San Ramón,Alajuela,2024,pcalidadvida_categ,Alto,baseICC2023_2024.xlsx,
203,Grecia,Alajuela,2024,pcalidadvida_categ,Alto,baseICC2023_2024.xlsx,
204,San Mateo,Alajuela,2024,pcalidadvida_categ,Alto,baseICC2023_2024.xlsx,
205,Atenas,Alajuela,2024,pcalidadvida_categ,Alto,baseICC2023_2024.xlsx,
206,Naranjo,Alajuela,2024,pcalidadvida_categ,Alto,baseICC2023_2024.xlsx,
207,Palmares,Alajuela,2024,pcalidadvida_categ,Alto,baseICC2023_2024.xlsx,
208,Poás,Alajuela,2024,pcalidadvida_categ,Alto,baseICC2023_2024.xlsx,
209,Orotina,Alajuela,2024,pcalidadvida_categ,Medio,baseICC2023_2024.xlsx,
210,San Carlos,Alajuela,2024,pcalidadvida_categ,Alto,baseICC2023_2024.xlsx,
211,Zarcero,Alajuela,2024,pcalidadvida_categ,Medio,baseICC2023_2024.xlsx,
212,Sarchí,Alajuela,2024,pcalidadvida_categ,Alto,baseICC2023_2024.xlsx,
213,Upala,Alajuela,2024,pcalidadvida_categ,Medio,baseICC2023_2024.xlsx,
214,Los Chiles,Alajuela,2024,pcalidadvida_categ,Medio,baseICC2023_2024.xlsx,
215,Guatuso,Alajuela,2024,pcalidadvida_categ,Alto,baseICC2023_2024.xlsx,
216,Río Cuarto,Alajuela,2024,pcalidadvida_categ,Alto,baseICC2023_2024.xlsx,
301,Cartago,Cartago,2024,pcalidadvida_categ,Alto,baseICC2023_2024.xlsx,
302,Paraíso,Cartago,2024,pcalidadvida_categ,Alto,baseICC2023_2024.xlsx,
303,La Unión,Cartago,2024,pcalidadvida_categ,Alto,baseICC2023_2024.xlsx,
304,Jiménez,Cartago,2024,pcalidadvida_categ,Alto,baseICC2023_2024.xlsx,
305,Turrialba,Cartago,2024,pcalidadvida_categ,Alto,baseICC2023_2024.xlsx,
306,Alvarado,Cartago,2024,pcalidadvida_categ,Alto,baseICC2023_2024.xlsx,
307,Oreamuno,Cartago,2024,pcalidadvida_categ,Alto,baseICC2023_2024.xlsx,
308,El Guarco,Cartago,2024,pcalidadvida_categ,Alto,baseICC2023_2024.xlsx,
401,Heredia,Heredia,2024,pcalidadvida_categ,Alto,baseICC2023_2024.xlsx,
402,Barva,Heredia,2024,pcalidadvida_categ,Medio,baseICC2023_2024.xlsx,
403,Santo Domingo,Heredia,2024,pcalidadvida_categ,Muy alto,baseICC2023_2024.xlsx,
404,Santa Bárbara,Heredia,2024,pcalidadvida_categ,Alto,baseICC2023_2024.xlsx,
405,San Rafael,Heredia,2024,pcalidadvida_categ,Alto,baseICC2023_2024.xlsx,
406,San Isidro,Heredia,2024,pcalidadvida_categ,Alto,baseICC2023_2024.xlsx,
407,Belén,Heredia,2024,pcalidadvida_categ,Alto,baseICC2023_2024.xlsx,
408,Flores,Heredia,2024,pcalidadvida_categ,Alto,baseICC2023_2024.xlsx,
409,San Pablo,Heredia,2024,pcalidadvida_categ,Alto,baseICC2023_2024.xlsx,
410,Sarapiquí,Heredia,2024,pcalidadvida_categ,Medio,baseICC2023_2024.xlsx,
501,Liberia,Guanacaste,2024,pcalidadvida_categ,Medio,baseICC2023_2024.xlsx,
502,Nicoya,Guanacaste,2024,pcalidadvida_categ,Alto,baseICC2023_2024.xlsx,
503,Santa Cruz,Guanacaste,2024,pcalidadvida_categ,Alto,baseICC2023_2024.xlsx,
504,Bagaces,Guanacaste,2024,pcalidadvida_categ,Alto,baseICC2023_2024.xlsx,
505,Carrillo,Guanacaste,2024,pcalidadvida_categ,Medio,baseICC2023_2024.xlsx,
506,Cañas,Guanacaste,2024,pcalidadvida_categ,Alto,baseICC2023_2024.xlsx,
507,Abangares,Guanacaste,2024,pcalidadvida_categ,Alto,baseICC2023_2024.xlsx,
508,Tilarán,Guanacaste,2024,pcalidadvida_categ,Alto,baseICC2023_2024.xlsx,
509,Nandayure,Guanacaste,2024,pcalidadvida_categ,Muy alto,baseICC2023_2024.xlsx,
510,La Cruz,Guanacaste,2024,pcalidadvida_categ,Alto,baseICC2023_2024.xlsx,
511,Hojancha,Guanacaste,2024,pcalidadvida_categ,Alto,baseICC2023_2024.xlsx,
601,Puntarenas,Puntarenas,2024,pcalidadvida_categ,Alto,baseICC2023_2024.xlsx,
602,Esparza,Puntarenas,2024,pcalidadvida_categ,Alto,baseICC2023_2024.xlsx,
603,Buenos Aires,Puntarenas,2024,pcalidadvida_categ,Alto,baseICC2023_2024.xlsx,
604,Montes de Oro,Puntarenas,2024,pcalidadvida_categ,Medio,baseICC2023_2024.xlsx,
605,Osa,Puntarenas,2024,pcalidadvida_categ,Alto,baseICC2023_2024.xlsx,
606,Quepos,Puntarenas,2024,pcalidadvida_categ,Medio,baseICC2023_2024.xlsx,
607,Golfito,Puntarenas,2024,pcalidadvida_categ,Alto,baseICC2023_2024.xlsx,
608,Coto Brus,Puntarenas,2024,pcalidadvida_categ,Alto,baseICC2023_2024.xlsx,
609,Parrita,Puntarenas,2024,pcalidadvida_categ,Medio,baseICC2023_2024.xlsx,
610,Corredores,Puntarenas,2024,pcalidadvida_categ,Medio,baseICC2023_2024.xlsx,
611,Garabito,Puntarenas,2024,pcalidadvida_categ,Medio,baseICC2023_2024.xlsx,
701,Limón,Limón,2024,pcalidadvida_categ,Bajo,baseICC2023_2024.xlsx,
702,Pococí,Limón,2024,pcalidadvida_categ,Alto,baseICC2023_2024.xlsx,
703,Siquirres,Limón,2024,pcalidadvida_categ,Alto,baseICC2023_2024.xlsx,
704,Talamanca,Limón,2024,pcalidadvida_categ,Medio,baseICC2023_2024.xlsx,
705,Matina,Limón,2024,pcalidadvida_categ,Medio,baseICC2023_2024.xlsx,
706,Guácimo,Limón,2024,pcalidadvida_categ,Alto,baseICC2023_2024.xlsx,
101,San José,San José,2023,pob,354025.0,baseICC2023_2024.xlsx,
102,Escazú,San José,2023,pob,71746.0,baseICC2023_2024.xlsx,
103,Desamparados,San José,2023,pob,251324.0,baseICC2023_2024.xlsx,
104,Puriscal,San José,2023,pob,38872.0,baseICC2023_2024.xlsx,
105,Tarrazú,San José,2023,pob,18908.0,baseICC2023_2024.xlsx,
106,Aserrí,San José,2023,pob,64920.0,baseICC2023_2024.xlsx,
107,Mora,San José,2023,pob,30956.0,baseICC2023_2024.xlsx,
108,Goicoechea,San José,2023,pob,141800.0,baseICC2023_2024.xlsx,
109,Santa Ana,San José,2023,pob,62538.0,baseICC2023_2024.xlsx,
110,Alajuelita,San José,2023,pob,98409.0,baseICC2023_2024.xlsx,
111,Vázquez de Coronado,San José,2023,pob,73532.0,baseICC2023_2024.xlsx,
112,Acosta,San José,2023,pob,22377.0,baseICC2023_2024.xlsx,
113,Tibás,San José,2023,pob,86628.0,baseICC2023_2024.xlsx,
114,Moravia,San José,2023,pob,63509.0,baseICC2023_2024.xlsx,
115,Montes de Oca,San José,2023,pob,62946.0,baseICC2023_2024.xlsx,
116,Turrubares,San José,2023,pob,7100.0,baseICC2023_2024.xlsx,
117,Dota,San José,2023,pob,8092.0,baseICC2023_2024.xlsx,
118,Curridabat,San José,2023,pob,81193.0,baseICC2023_2024.xlsx,
119,Pérez Zeledón,San José,2023,pob,143293.0,baseICC2023_2024.xlsx,
120,León Cortés Castro,San José,2023,pob,14097.0,baseICC2023_2024.xlsx,
201,Alajuela,Alajuela,2023,pob,325567.0,baseICC2023_2024.xlsx,
202,San Ramón,Alajuela,2023,pob,96709.0,baseICC2023_2024.xlsx,
203,Grecia,Alajuela,2023,pob,97310.0,baseICC2023_2024.xlsx,
204,San Mateo,Alajuela,2023,pob,7338.0,baseICC2023_2024.xlsx,
205,Atenas,Alajuela,2023,pob,30147.0,baseICC2023_2024.xlsx,
206,Naranjo,Alajuela,2023,pob,50234.0,baseICC2023_2024.xlsx,
207,Palmares,Alajuela,2023,pob,42217.0,baseICC2023_2024.xlsx,
208,Poás,Alajuela,2023,pob,35362.0,baseICC2023_2024.xlsx,
209,Orotina,Alajuela,2023,pob,24764.0,baseICC2023_2024.xlsx,
210,San Carlos,Alajuela,2023,pob,209017.0,baseICC2023_2024.xlsx,
211,Zarcero,Alajuela,2023,pob,14766.0,baseICC2023_2024.xlsx,
212,Sarchí,Alajuela,2023,pob,22797.0,baseICC2023_2024.xlsx,
213,Upala,Alajuela,2023,pob,56173.0,baseICC2023_2024.xlsx,
214,Los Chiles,Alajuela,2023,pob,35941.0,baseICC2023_2024.xlsx,
215,Guatuso,Alajuela,2023,pob,19916.0,baseICC2023_2024.xlsx,
301,Cartago,Cartago,2023,pob,167179.0,baseICC2023_2024.xlsx,
302,Paraíso,Cartago,2023,pob,64193.0,baseICC2023_2024.xlsx,
303,La Unión,Cartago,2023,pob,115619.0,baseICC2023_2024.xlsx,
304,Jiménez,Cartago,2023,pob,16379.0,baseICC2023_2024.xlsx,
305,Turrialba,Cartago,2023,pob,73446.0,baseICC2023_2024.xlsx,
306,Alvarado,Cartago,2023,pob,15704.0,baseICC2023_2024.xlsx,
307,Oreamuno,Cartago,2023,pob,50874.0,baseICC2023_2024.xlsx,
308,El Guarco,Cartago,2023,pob,47261.0,baseICC2023_2024.xlsx,
401,Heredia,Heredia,2023,pob,147353.0,baseICC2023_2024.xlsx,
402,Barva,Heredia,2023,pob,48759.0,baseICC2023_2024.xlsx,
403,Santo Domingo,Heredia,2023,pob,50210.0,baseICC2023_2024.xlsx,
404,Santa Bárbara,Heredia,2023,pob,44414.0,baseICC2023_2024.xlsx,
405,San Rafael,Heredia,2023,pob,57163.0,baseICC2023_2024.xlsx,
406,San Isidro,Heredia,2023,pob,23858.0,baseICC2023_2024.xlsx,
407,Belén,Heredia,2023,pob,27032.0,baseICC2023_2024.xlsx,
408,Flores,Heredia,2023,pob,25655.0,baseICC2023_2024.xlsx,
409,San Pablo,Heredia,2023,pob,31659.0,baseICC2023_2024.xlsx,
410,Sarapiquí,Heredia,2023,pob,90036.0,baseICC2023_2024.xlsx,
501,Liberia,Guanacaste,2023,pob,80874.0,baseICC2023_2024.xlsx,
502,Nicoya,Guanacaste,2023,pob,58117.0,baseICC2023_2024.xlsx,
503,Santa Cruz,Guanacaste,2023,pob,72412.0,baseICC2023_2024.xlsx,
504,Bagaces,Guanacaste,2023,pob,25203.0,baseICC2023_2024.xlsx,
505,Carrillo,Guanacaste,2023,pob,48641.0,baseICC2023_2024.xlsx,
506,Cañas,Guanacaste,2023,pob,33739.0,baseICC2023_2024.xlsx,
507,Abangares,Guanacaste,2023,pob,20413.0,baseICC2023_2024.xlsx,
508,Tilarán,Guanacaste,2023,pob,22093.0,baseICC2023_2024.xlsx,
509,Nandayure,Guanacaste,2023,pob,11865.0,baseICC2023_2024.xlsx,
510,La Cruz,Guanacaste,2023,pob,28567.0,baseICC2023_2024.xlsx,
511,Hojancha,Guanacaste,2023,pob,8131.0,baseICC2023_2024.xlsx,
601,Puntarenas,Puntarenas,2023,pob,145711.0,baseICC2023_2024.xlsx,
602,Esparza,Puntarenas,2023,pob,39759.0,baseICC2023_2024.xlsx,
603,Buenos Aires,Puntarenas,2023,pob,55443.0,baseICC2023_2024.xlsx,
604,Montes de Oro,Puntarenas,2023,pob,14709.0,baseICC2023_2024.xlsx,
605,Osa,Puntarenas,2023,pob,31496.0,baseICC2023_2024.xlsx,
606,Quepos,Puntarenas,2023,pob,34487.0,baseICC2023_2024.xlsx,
607,Golfito,Puntarenas,2023,pob,46988.0,baseICC2023_2024.xlsx,
608,Coto Brus,Puntarenas,2023,pob,44282.0,baseICC2023_2024.xlsx,
609,Parrita,Puntarenas,2023,pob,21366.0,baseICC2023_2024.xlsx,
610,Corredores,Puntarenas,2023,pob,54007.0,baseICC2023_2024.xlsx,
611,Garabito,Puntarenas,2023,pob,28078.0,baseICC2023_2024.xlsx,
701,Limón,Limón,2023,pob,100401.0,baseICC2023_2024.xlsx,
702,Pococí,Limón,2023,pob,156626.0,baseICC2023_2024.xlsx,
703,Siquirres,Limón,2023,pob,66036.0,baseICC2023_2024.xlsx,
704,Talamanca,Limón,2023,pob,45618.0,baseICC2023_2024.xlsx,
705,Matina,Limón,2023,pob,47894.0,baseICC2023_2024.xlsx,
706,Guácimo,Limón,2023,pob,57952.0,baseICC2023_2024.xlsx,
101,San José,San José,2024,pob,352298.484914735,baseICC2023_2024.xlsx,
102,Escazú,San José,2024,pob,70903.348646244,baseICC2023_2024.xlsx,
103,Desamparados,San José,2024,pob,244173.396489553,baseICC2023_2024.xlsx,
104,Puriscal,San José,2024,pob,39069.2826194758,baseICC2023_2024.xlsx,
105,Tarrazú,San José,2024,pob,17990.1756830942,baseICC2023_2024.xlsx,
106,Aserrí,San José,2024,pob,62687.9486110922,baseICC2023_2024.xlsx,
107,Mora,San José,2024,pob,28730.9952515327,baseICC2023_2024.xlsx,
108,Goicoechea,San José,2024,pob,139708.297430376,baseICC2023_2024.xlsx,
109,Santa Ana,San José,2024,pob,61701.0087259139,baseICC2023_2024.xlsx,
110,Alajuelita,San José,2024,pob,96711.6441973667,baseICC2023_2024.xlsx,
111,Vázquez de Coronado,San José,2024,pob,71683.8755846546,baseICC2023_2024.xlsx,
112,Acosta,San José,2024,pob,21955.1029158777,baseICC2023_2024.xlsx,
113,Tibás,San José,2024,pob,85124.0366233938,baseICC2023_2024.xlsx,
114,Moravia,San José,2024,pob,61582.7754449824,baseICC2023_2024.xlsx,
115,Montes de Oca,San José,2024,pob,61195.4109892075,baseICC2023_2024.xlsx,
116,Turrubares,San José,2024,pob,7350.59047908974,baseICC2023_2024.xlsx,
117,Dota,San José,2024,pob,7798.45138620831,baseICC2023_2024.xlsx,
118,Curridabat,San José,2024,pob,79242.0613531113,baseICC2023_2024.xlsx,
119,Pérez Zeledón,San José,2024,pob,133935.424704047,baseICC2023_2024.xlsx,
120,León Cortés Castro,San José,2024,pob,13444.7850015614,baseICC2023_2024.xlsx,
201,Alajuela,Alajuela,2024,pob,325535.314369906,baseICC2023_2024.xlsx,
202,San Ramón,Alajuela,2024,pob,91936.2542568401,baseICC2023_2024.xlsx,
203,Grecia,Alajuela,2024,pob,80425.3777349169,baseICC2023_2024.xlsx,
204,San Mateo,Alajuela,2024,pob,7506.67668616861,baseICC2023_2024.xlsx,
205,Atenas,Alajuela,2024,pob,30387.0109153942,baseICC2023_2024.xlsx,
206,Naranjo,Alajuela,2024,pob,50096.6949591677,baseICC2023_2024.xlsx,
207,Palmares,Alajuela,2024,pob,42451.9742033654,baseICC2023_2024.xlsx,
208,Poás,Alajuela,2024,pob,35326.3880419904,baseICC2023_2024.xlsx,
209,Orotina,Alajuela,2024,pob,24995.1113609038,baseICC2023_2024.xlsx,
210,San Carlos,Alajuela,2024,pob,209952.36142776,baseICC2023_2024.xlsx,
211,Zarcero,Alajuela,2024,pob,14775.2588917292,baseICC2023_2024.xlsx,
212,Sarchí,Alajuela,2024,pob,22736.1414994956,baseICC2023_2024.xlsx,
213,Upala,Alajuela,2024,pob,56595.6727093407,baseICC2023_2024.xlsx,
214,Los Chiles,Alajuela,2024,pob,36830.3295427301,baseICC2023_2024.xlsx,
215,Guatuso,Alajuela,2024,pob,19867.6436389979,baseICC2023_2024.xlsx,
216,Río Cuarto,Alajuela,2024,pob,17781.4902712971,baseICC2023_2024.xlsx,
301,Cartago,Cartago,2024,pob,162917.634052082,baseICC2023_2024.xlsx,
302,Paraíso,Cartago,2024,pob,61406.7451341172,baseICC2023_2024.xlsx,
303,La Unión,Cartago,2024,pob,113862.04590936,baseICC2023_2024.xlsx,
304,Jiménez,Cartago,2024,pob,15810.9602427005,baseICC2023_2024.xlsx,
305,Turrialba,Cartago,2024,pob,68965.4720080658,baseICC2023_2024.xlsx,
306,Alvarado,Cartago,2024,pob,15180.4973522278,baseICC2023_2024.xlsx,
307,Oreamuno,Cartago,2024,pob,48752.5663290699,baseICC2023_2024.xlsx,
308,El Guarco,Cartago,2024,pob,45181.1622099125,baseICC2023_2024.xlsx,
401,Heredia,Heredia,2024,pob,145753.17484596,baseICC2023_2024.xlsx,
402,Barva,Heredia,2024,pob,48455.4164761371,baseICC2023_2024.xlsx,
403,Santo Domingo,Heredia,2024,pob,49815.7283148475,baseICC2023_2024.xlsx,
404,Santa Bárbara,Heredia,2024,pob,44769.2448830514,baseICC2023_2024.xlsx,
405,San Rafael,Heredia,2024,pob,56366.5975966746,baseICC2023_2024.xlsx,
406,San Isidro,Heredia,2024,pob,23372.1497920889,baseICC2023_2024.xlsx,
407,Belén,Heredia,2024,pob,26400.4363168843,baseICC2023_2024.xlsx,
408,Flores,Heredia,2024,pob,22009.6578971217,baseICC2023_2024.xlsx,
409,San Pablo,Heredia,2024,pob,30413.0457438652,baseICC2023_2024.xlsx,
410,Sarapiquí,Heredia,2024,pob,94754.3035712029,baseICC2023_2024.xlsx,
501,Liberia,Guanacaste,2024,pob,80807.241453146,baseICC2023_2024.xlsx,
502,Nicoya,Guanacaste,2024,pob,58648.8036536389,baseICC2023_2024.xlsx,
503,Santa Cruz,Guanacaste,2024,pob,72442.974913997,baseICC2023_2024.xlsx,
504,Bagaces,Guanacaste,2024,pob,25390.6009897136,baseICC2023_2024.xlsx,
505,Carrillo,Guanacaste,2024,pob,49230.8839658532,baseICC2023_2024.xlsx,
506,Cañas,Guanacaste,2024,pob,32561.982938916,baseICC2023_2024.xlsx,
507,Abangares,Guanacaste,2024,pob,20064.6751033854,baseICC2023_2024.xlsx,
508,Tilarán,Guanacaste,2024,pob,24813.9989996885,baseICC2023_2024.xlsx,
509,Nandayure,Guanacaste,2024,pob,11469.0547248137,baseICC2023_2024.xlsx,
510,La Cruz,Guanacaste,2024,pob,27752.1489212555,baseICC2023_2024.xlsx,
511,Hojancha,Guanacaste,2024,pob,7148.57248341905,baseICC2023_2024.xlsx,
601,Puntarenas,Puntarenas,2024,pob,148060.751301985,baseICC2023_2024.xlsx,
602,Esparza,Puntarenas,2024,pob,35161.3310321991,baseICC2023_2024.xlsx,
603,Buenos Aires,Puntarenas,2024,pob,54690.4861929181,baseICC2023_2024.xlsx,
604,Montes de Oro,Puntarenas,2024,pob,14894.3576294311,baseICC2023_2024.xlsx,
605,Osa,Puntarenas,2024,pob,29494.7389772653,baseICC2023_2024.xlsx,
606,Quepos,Puntarenas,2024,pob,34707.0915826573,baseICC2023_2024.xlsx,
607,Golfito,Puntarenas,2024,pob,45783.167033774,baseICC2023_2024.xlsx,
608,Coto Brus,Puntarenas,2024,pob,35761.9924110881,baseICC2023_2024.xlsx,
609,Parrita,Puntarenas,2024,pob,22249.9163739786,baseICC2023_2024.xlsx,
610,Corredores,Puntarenas,2024,pob,53152.8834048693,baseICC2023_2024.xlsx,
611,Garabito,Puntarenas,2024,pob,28298.2228411638,baseICC2023_2024.xlsx,
701,Limón,Limón,2024,pob,92328.2028323393,baseICC2023_2024.xlsx,
702,Pococí,Limón,2024,pob,155073.826041374,baseICC2023_2024.xlsx,
703,Siquirres,Limón,2024,pob,57058.749044345,baseICC2023_2024.xlsx,
704,Talamanca,Limón,2024,pob,45601.1985614793,baseICC2023_2024.xlsx,
705,Matina,Limón,2024,pob,45291.400921535,baseICC2023_2024.xlsx,
706,Guácimo,Limón,2024,pob,58247.0487559604,baseICC2023_2024.xlsx,
101,San José,San José,2023,pea,184799,baseICC2023_2024.xlsx,
102,Escazú,San José,2023,pea,36502,baseICC2023_2024.xlsx,
103,Desamparados,San José,2023,pea,125614,baseICC2023_2024.xlsx,
104,Puriscal,San José,2023,pea,19947,baseICC2023_2024.xlsx,
105,Tarrazú,San José,2023,pea,9095,baseICC2023_2024.xlsx,
106,Aserrí,San José,2023,pea,32256,baseICC2023_2024.xlsx,
107,Mora,San José,2023,pea,15773,baseICC2023_2024.xlsx,
108,Goicoechea,San José,2023,pea,72458,baseICC2023_2024.xlsx,
109,Santa Ana,San José,2023,pea,30782,baseICC2023_2024.xlsx,
110,Alajuelita,San José,2023,pea,47668,baseICC2023_2024.xlsx,
111,Vázquez de Coronado,San José,2023,pea,36846,baseICC2023_2024.xlsx,
112,Acosta,San José,2023,pea,11335,baseICC2023_2024.xlsx,
113,Tibás,San José,2023,pea,44422,baseICC2023_2024.xlsx,
114,Moravia,San José,2023,pea,32445,baseICC2023_2024.xlsx,
115,Montes de Oca,San José,2023,pea,33227,baseICC2023_2024.xlsx,
116,Turrubares,San José,2023,pea,3630,baseICC2023_2024.xlsx,
117,Dota,San José,2023,pea,3931,baseICC2023_2024.xlsx,
118,Curridabat,San José,2023,pea,40868,baseICC2023_2024.xlsx,
119,Pérez Zeledón,San José,2023,pea,71846,baseICC2023_2024.xlsx,
120,León Cortés Castro,San José,2023,pea,6515,baseICC2023_2024.xlsx,
201,Alajuela,Alajuela,2023,pea,162334,baseICC2023_2024.xlsx,
202,San Ramón,Alajuela,2023,pea,48569,baseICC2023_2024.xlsx,
203,Grecia,Alajuela,2023,pea,48502,baseICC2023_2024.xlsx,
204,San Mateo,Alajuela,2023,pea,3746,baseICC2023_2024.xlsx,
205,Atenas,Alajuela,2023,pea,15282,baseICC2023_2024.xlsx,
206,Naranjo,Alajuela,2023,pea,25093,baseICC2023_2024.xlsx,
207,Palmares,Alajuela,2023,pea,21269,baseICC2023_2024.xlsx,
208,Poás,Alajuela,2023,pea,17312,baseICC2023_2024.xlsx,
209,Orotina,Alajuela,2023,pea,12143,baseICC2023_2024.xlsx,
210,San Carlos,Alajuela,2023,pea,99891,baseICC2023_2024.xlsx,
211,Zarcero,Alajuela,2023,pea,7238,baseICC2023_2024.xlsx,
212,Sarchí,Alajuela,2023,pea,11437,baseICC2023_2024.xlsx,
213,Upala,Alajuela,2023,pea,26177,baseICC2023_2024.xlsx,
214,Los Chiles,Alajuela,2023,pea,16150,baseICC2023_2024.xlsx,
215,Guatuso,Alajuela,2023,pea,9511,baseICC2023_2024.xlsx,
301,Cartago,Cartago,2023,pea,84560,baseICC2023_2024.xlsx,
302,Paraíso,Cartago,2023,pea,31569,baseICC2023_2024.xlsx,
303,La Unión,Cartago,2023,pea,57894,baseICC2023_2024.xlsx,
304,Jiménez,Cartago,2023,pea,8206,baseICC2023_2024.xlsx,
305,Turrialba,Cartago,2023,pea,36325,baseICC2023_2024.xlsx,
306,Alvarado,Cartago,2023,pea,7711,baseICC2023_2024.xlsx,
307,Oreamuno,Cartago,2023,pea,25142,baseICC2023_2024.xlsx,
308,El Guarco,Cartago,2023,pea,23249,baseICC2023_2024.xlsx,
401,Heredia,Heredia,2023,pea,74978,baseICC2023_2024.xlsx,
402,Barva,Heredia,2023,pea,24216,baseICC2023_2024.xlsx,
403,Santo Domingo,Heredia,2023,pea,25620,baseICC2023_2024.xlsx,
404,Santa Bárbara,Heredia,2023,pea,21973,baseICC2023_2024.xlsx,
405,San Rafael,Heredia,2023,pea,28416,baseICC2023_2024.xlsx,
406,San Isidro,Heredia,2023,pea,11961,baseICC2023_2024.xlsx,
407,Belén,Heredia,2023,pea,13822,baseICC2023_2024.xlsx,
408,Flores,Heredia,2023,pea,12626,baseICC2023_2024.xlsx,
409,San Pablo,Heredia,2023,pea,16066,baseICC2023_2024.xlsx,
410,Sarapiquí,Heredia,2023,pea,41024,baseICC2023_2024.xlsx,
501,Liberia,Guanacaste,2023,pea,39092,baseICC2023_2024.xlsx,
502,Nicoya,Guanacaste,2023,pea,29134,baseICC2023_2024.xlsx,
503,Santa Cruz,Guanacaste,2023,pea,34055,baseICC2023_2024.xlsx,
504,Bagaces,Guanacaste,2023,pea,11933,baseICC2023_2024.xlsx,
505,Carrillo,Guanacaste,2023,pea,22863,baseICC2023_2024.xlsx,
506,Cañas,Guanacaste,2023,pea,16040,baseICC2023_2024.xlsx,
507,Abangares,Guanacaste,2023,pea,9894,baseICC2023_2024.xlsx,
508,Tilarán,Guanacaste,2023,pea,11031,baseICC2023_2024.xlsx,
509,Nandayure,Guanacaste,2023,pea,5879,baseICC2023_2024.xlsx,
510,La Cruz,Guanacaste,2023,pea,12494,baseICC2023_2024.xlsx,
511,Hojancha,Guanacaste,2023,pea,4135,baseICC2023_2024.xlsx,
601,Puntarenas,Puntarenas,2023,pea,71705,baseICC2023_2024.xlsx,
602,Esparza,Puntarenas,2023,pea,18943,baseICC2023_2024.xlsx,
603,Buenos Aires,Puntarenas,2023,pea,25583,baseICC2023_2024.xlsx,
604,Montes de Oro,Puntarenas,2023,pea,7378,baseICC2023_2024.xlsx,
605,Osa,Puntarenas,2023,pea,14864,baseICC2023_2024.xlsx,
606,Quepos,Puntarenas,2023,pea,16873,baseICC2023_2024.xlsx,
607,Golfito,Puntarenas,2023,pea,22145,baseICC2023_2024.xlsx,
608,Coto Brus,Puntarenas,2023,pea,20075,baseICC2023_2024.xlsx,
609,Parrita,Puntarenas,2023,pea,10545,baseICC2023_2024.xlsx,
610,Corredores,Puntarenas,2023,pea,25786,baseICC2023_2024.xlsx,
611,Garabito,Puntarenas,2023,pea,12619,baseICC2023_2024.xlsx,
701,Limón,Limón,2023,pea,47242,baseICC2023_2024.xlsx,
702,Pococí,Limón,2023,pea,75027,baseICC2023_2024.xlsx,
703,Siquirres,Limón,2023,pea,31499,baseICC2023_2024.xlsx,
704,Talamanca,Limón,2023,pea,20557,baseICC2023_2024.xlsx,
705,Matina,Limón,2023,pea,21598,baseICC2023_2024.xlsx,
706,Guácimo,Limón,2023,pea,26812,baseICC2023_2024.xlsx,
101,San José,San José,2024,pea,185991,baseICC2023_2024.xlsx,
102,Escazú,San José,2024,pea,36836,baseICC2023_2024.xlsx,
103,Desamparados,San José,2024,pea,126764,baseICC2023_2024.xlsx,
104,Puriscal,San José,2024,pea,20112,baseICC2023_2024.xlsx,
105,Tarrazú,San José,2024,pea,9171,baseICC2023_2024.xlsx,
106,Aserrí,San José,2024,pea,32534,baseICC2023_2024.xlsx,
107,Mora,San José,2024,pea,15901,baseICC2023_2024.xlsx,
108,Goicoechea,San José,2024,pea,73033,baseICC2023_2024.xlsx,
109,Santa Ana,San José,2024,pea,31185,baseICC2023_2024.xlsx,
110,Alajuelita,San José,2024,pea,48376,baseICC2023_2024.xlsx,
111,Vázquez de Coronado,San José,2024,pea,37214,baseICC2023_2024.xlsx,
112,Acosta,San José,2024,pea,11410,baseICC2023_2024.xlsx,
113,Tibás,San José,2024,pea,44716,baseICC2023_2024.xlsx,
114,Moravia,San José,2024,pea,32612,baseICC2023_2024.xlsx,
115,Montes de Oca,San José,2024,pea,33278,baseICC2023_2024.xlsx,
116,Turrubares,San José,2024,pea,3678,baseICC2023_2024.xlsx,
117,Dota,San José,2024,pea,3961,baseICC2023_2024.xlsx,
118,Curridabat,San José,2024,pea,41166,baseICC2023_2024.xlsx,
119,Pérez Zeledón,San José,2024,pea,72037,baseICC2023_2024.xlsx,
120,León Cortés Castro,San José,2024,pea,6603,baseICC2023_2024.xlsx,
201,Alajuela,Alajuela,2024,pea,164484,baseICC2023_2024.xlsx,
202,San Ramón,Alajuela,2024,pea,49118,baseICC2023_2024.xlsx,
203,Grecia,Alajuela,2024,pea,40553,baseICC2023_2024.xlsx,
204,San Mateo,Alajuela,2024,pea,3784,baseICC2023_2024.xlsx,
205,Atenas,Alajuela,2024,pea,15440,baseICC2023_2024.xlsx,
206,Naranjo,Alajuela,2024,pea,25363,baseICC2023_2024.xlsx,
207,Palmares,Alajuela,2024,pea,21529,baseICC2023_2024.xlsx,
208,Poás,Alajuela,2024,pea,17565,baseICC2023_2024.xlsx,
209,Orotina,Alajuela,2024,pea,12337,baseICC2023_2024.xlsx,
210,San Carlos,Alajuela,2024,pea,101579,baseICC2023_2024.xlsx,
211,Zarcero,Alajuela,2024,pea,7319,baseICC2023_2024.xlsx,
212,Sarchí,Alajuela,2024,pea,11557,baseICC2023_2024.xlsx,
213,Upala,Alajuela,2024,pea,26583,baseICC2023_2024.xlsx,
214,Los Chiles,Alajuela,2024,pea,16522,baseICC2023_2024.xlsx,
215,Guatuso,Alajuela,2024,pea,9648,baseICC2023_2024.xlsx,
216,Río Cuarto,Alajuela,2024,pea,8590,baseICC2023_2024.xlsx,
301,Cartago,Cartago,2024,pea,85153,baseICC2023_2024.xlsx,
302,Paraíso,Cartago,2024,pea,31818,baseICC2023_2024.xlsx,
303,La Unión,Cartago,2024,pea,58479,baseICC2023_2024.xlsx,
304,Jiménez,Cartago,2024,pea,8224,baseICC2023_2024.xlsx,
305,Turrialba,Cartago,2024,pea,36347,baseICC2023_2024.xlsx,
306,Alvarado,Cartago,2024,pea,7768,baseICC2023_2024.xlsx,
307,Oreamuno,Cartago,2024,pea,25335,baseICC2023_2024.xlsx,
308,El Guarco,Cartago,2024,pea,23447,baseICC2023_2024.xlsx,
401,Heredia,Heredia,2024,pea,75757,baseICC2023_2024.xlsx,
402,Barva,Heredia,2024,pea,24551,baseICC2023_2024.xlsx,
403,Santo Domingo,Heredia,2024,pea,25836,baseICC2023_2024.xlsx,
404,Santa Bárbara,Heredia,2024,pea,22279,baseICC2023_2024.xlsx,
405,San Rafael,Heredia,2024,pea,28782,baseICC2023_2024.xlsx,
406,San Isidro,Heredia,2024,pea,12081,baseICC2023_2024.xlsx,
407,Belén,Heredia,2024,pea,13932,baseICC2023_2024.xlsx,
408,Flores,Heredia,2024,pea,12777,baseICC2023_2024.xlsx,
409,San Pablo,Heredia,2024,pea,16163,baseICC2023_2024.xlsx,
410,Sarapiquí,Heredia,2024,pea,42223,baseICC2023_2024.xlsx,
501,Liberia,Guanacaste,2024,pea,39861,baseICC2023_2024.xlsx,
502,Nicoya,Guanacaste,2024,pea,29447,baseICC2023_2024.xlsx,
503,Santa Cruz,Guanacaste,2024,pea,34666,baseICC2023_2024.xlsx,
504,Bagaces,Guanacaste,2024,pea,12139,baseICC2023_2024.xlsx,
505,Carrillo,Guanacaste,2024,pea,23361,baseICC2023_2024.xlsx,
506,Cañas,Guanacaste,2024,pea,16249,baseICC2023_2024.xlsx,
507,Abangares,Guanacaste,2024,pea,9974,baseICC2023_2024.xlsx,
508,Tilarán,Guanacaste,2024,pea,11106,baseICC2023_2024.xlsx,
509,Nandayure,Guanacaste,2024,pea,5910,baseICC2023_2024.xlsx,
510,La Cruz,Guanacaste,2024,pea,12754,baseICC2023_2024.xlsx,
511,Hojancha,Guanacaste,2024,pea,4162,baseICC2023_2024.xlsx,
601,Puntarenas,Puntarenas,2024,pea,72768,baseICC2023_2024.xlsx,
602,Esparza,Puntarenas,2024,pea,19259,baseICC2023_2024.xlsx,
603,Buenos Aires,Puntarenas,2024,pea,25975,baseICC2023_2024.xlsx,
604,Montes de Oro,Puntarenas,2024,pea,7456,baseICC2023_2024.xlsx,
605,Osa,Puntarenas,2024,pea,14960,baseICC2023_2024.xlsx,
606,Quepos,Puntarenas,2024,pea,17164,baseICC2023_2024.xlsx,
607,Golfito,Puntarenas,2024,pea,22415,baseICC2023_2024.xlsx,
608,Coto Brus,Puntarenas,2024,pea,20092,baseICC2023_2024.xlsx,
609,Parrita,Puntarenas,2024,pea,10773,baseICC2023_2024.xlsx,
610,Corredores,Puntarenas,2024,pea,26103,baseICC2023_2024.xlsx,
611,Garabito,Puntarenas,2024,pea,13008,baseICC2023_2024.xlsx,
701,Limón,Limón,2024,pea,47413,baseICC2023_2024.xlsx,
702,Pococí,Limón,2024,pea,76205,baseICC2023_2024.xlsx,
703,Siquirres,Limón,2024,pea,31735,baseICC2023_2024.xlsx,
704,Talamanca,Limón,2024,pea,21019,baseICC2023_2024.xlsx,
705,Matina,Limón,2024,pea,21885,baseICC2023_2024.xlsx,
706,Guácimo,Limón,2024,pea,27340,baseICC2023_2024.xlsx,
101,San José,San José,2023,area_canton,44.62,baseICC2023_2024.xlsx,
102,Escazú,San José,2023,area_canton,34.53,baseICC2023_2024.xlsx,
103,Desamparados,San José,2023,area_canton,118.89,baseICC2023_2024.xlsx,
104,Puriscal,San José,2023,area_canton,555.04,baseICC2023_2024.xlsx,
105,Tarrazú,San José,2023,area_canton,291.27,baseICC2023_2024.xlsx,
106,Aserrí,San José,2023,area_canton,168.26,baseICC2023_2024.xlsx,
107,Mora,San José,2023,area_canton,163.48,baseICC2023_2024.xlsx,
108,Goicoechea,San José,2023,area_canton,31.7,baseICC2023_2024.xlsx,
109,Santa Ana,San José,2023,area_canton,61.42,baseICC2023_2024.xlsx,
110,Alajuelita,San José,2023,area_canton,21.47,baseICC2023_2024.xlsx,
111,Vázquez de Coronado,San José,2023,area_canton,223.93,baseICC2023_2024.xlsx,
112,Acosta,San José,2023,area_canton,342.56,baseICC2023_2024.xlsx,
113,Tibás,San José,2023,area_canton,8.27,baseICC2023_2024.xlsx,
114,Moravia,San José,2023,area_canton,28.82,baseICC2023_2024.xlsx,
115,Montes de Oca,San José,2023,area_canton,15.78,baseICC2023_2024.xlsx,
116,Turrubares,San José,2023,area_canton,416.25,baseICC2023_2024.xlsx,
117,Dota,San José,2023,area_canton,404.44,baseICC2023_2024.xlsx,
118,Curridabat,San José,2023,area_canton,16.06,baseICC2023_2024.xlsx,
119,Pérez Zeledón,San José,2023,area_canton,1901.08,baseICC2023_2024.xlsx,
120,León Cortés Castro,San José,2023,area_canton,121.9,baseICC2023_2024.xlsx,
201,Alajuela,Alajuela,2023,area_canton,391.61,baseICC2023_2024.xlsx,
202,San Ramón,Alajuela,2023,area_canton,1021.75,baseICC2023_2024.xlsx,
203,Grecia,Alajuela,2023,area_canton,397.37,baseICC2023_2024.xlsx,
204,San Mateo,Alajuela,2023,area_canton,125.03,baseICC2023_2024.xlsx,
205,Atenas,Alajuela,2023,area_canton,126.32,baseICC2023_2024.xlsx,
206,Naranjo,Alajuela,2023,area_canton,127.03,baseICC2023_2024.xlsx,
207,Palmares,Alajuela,2023,area_canton,38.94,baseICC2023_2024.xlsx,
208,Poás,Alajuela,2023,area_canton,74.48,baseICC2023_2024.xlsx,
209,Orotina,Alajuela,2023,area_canton,145.11,baseICC2023_2024.xlsx,
210,San Carlos,Alajuela,2023,area_canton,3352.14,baseICC2023_2024.xlsx,
211,Zarcero,Alajuela,2023,area_canton,157.36,baseICC2023_2024.xlsx,
212,Sarchí,Alajuela,2023,area_canton,136.77,baseICC2023_2024.xlsx,
213,Upala,Alajuela,2023,area_canton,1592.68,baseICC2023_2024.xlsx,
214,Los Chiles,Alajuela,2023,area_canton,1332.71,baseICC2023_2024.xlsx,
215,Guatuso,Alajuela,2023,area_canton,752.83,baseICC2023_2024.xlsx,
301,Cartago,Cartago,2023,area_canton,278.66,baseICC2023_2024.xlsx,
302,Paraíso,Cartago,2023,area_canton,477.0,baseICC2023_2024.xlsx,
303,La Unión,Cartago,2023,area_canton,44.18,baseICC2023_2024.xlsx,
304,Jiménez,Cartago,2023,area_canton,250.07,baseICC2023_2024.xlsx,
305,Turrialba,Cartago,2023,area_canton,1589.24,baseICC2023_2024.xlsx,
306,Alvarado,Cartago,2023,area_canton,79.19,baseICC2023_2024.xlsx,
307,Oreamuno,Cartago,2023,area_canton,202.89,baseICC2023_2024.xlsx,
308,El Guarco,Cartago,2023,area_canton,172.0,baseICC2023_2024.xlsx,
401,Heredia,Heredia,2023,area_canton,283.12,baseICC2023_2024.xlsx,
402,Barva,Heredia,2023,area_canton,56.02,baseICC2023_2024.xlsx,
403,Santo Domingo,Heredia,2023,area_canton,25.4,baseICC2023_2024.xlsx,
404,Santa Bárbara,Heredia,2023,area_canton,52.1,baseICC2023_2024.xlsx,
405,San Rafael,Heredia,2023,area_canton,48.31,baseICC2023_2024.xlsx,
406,San Isidro,Heredia,2023,area_canton,26.67,baseICC2023_2024.xlsx,
407,Belén,Heredia,2023,area_canton,12.38,baseICC2023_2024.xlsx,
408,Flores,Heredia,2023,area_canton,6.75,baseICC2023_2024.xlsx,
409,San Pablo,Heredia,2023,area_canton,8.34,baseICC2023_2024.xlsx,
410,Sarapiquí,Heredia,2023,area_canton,2144.22,baseICC2023_2024.xlsx,
501,Liberia,Guanacaste,2023,area_canton,1442.17,baseICC2023_2024.xlsx,
502,Nicoya,Guanacaste,2023,area_canton,1337.56,baseICC2023_2024.xlsx,
503,Santa Cruz,Guanacaste,2023,area_canton,1320.8,baseICC2023_2024.xlsx,
504,Bagaces,Guanacaste,2023,area_canton,1277.93,baseICC2023_2024.xlsx,
505,Carrillo,Guanacaste,2023,area_canton,599.01,baseICC2023_2024.xlsx,
506,Cañas,Guanacaste,2023,area_canton,687.04,baseICC2023_2024.xlsx,
507,Abangares,Guanacaste,2023,area_canton,646.02,baseICC2023_2024.xlsx,
508,Tilarán,Guanacaste,2023,area_canton,669.24,baseICC2023_2024.xlsx,
509,Nandayure,Guanacaste,2023,area_canton,568.14,baseICC2023_2024.xlsx,
510,La Cruz,Guanacaste,2023,area_canton,1385.4,baseICC2023_2024.xlsx,
511,Hojancha,Guanacaste,2023,area_canton,262.99,baseICC2023_2024.xlsx,
601,Puntarenas,Puntarenas,2023,area_canton,1816.86,baseICC2023_2024.xlsx,
602,Esparza,Puntarenas,2023,area_canton,217.23,baseICC2023_2024.xlsx,
603,Buenos Aires,Puntarenas,2023,area_canton,2382.94,baseICC2023_2024.xlsx,
604,Montes de Oro,Puntarenas,2023,area_canton,247.6,baseICC2023_2024.xlsx,
605,Osa,Puntarenas,2023,area_canton,1932.7,baseICC2023_2024.xlsx,
606,Quepos,Puntarenas,2023,area_canton,557.85,baseICC2023_2024.xlsx,
607,Golfito,Puntarenas,2023,area_canton,1752.75,baseICC2023_2024.xlsx,
608,Coto Brus,Puntarenas,2023,area_canton,944.22,baseICC2023_2024.xlsx,
609,Parrita,Puntarenas,2023,area_canton,483.22,baseICC2023_2024.xlsx,
610,Corredores,Puntarenas,2023,area_canton,623.62,baseICC2023_2024.xlsx,
611,Garabito,Puntarenas,2023,area_canton,316.01,baseICC2023_2024.xlsx,
701,Limón,Limón,2023,area_canton,1769.38,baseICC2023_2024.xlsx,
702,Pococí,Limón,2023,area_canton,2188.17,baseICC2023_2024.xlsx,
703,Siquirres,Limón,2023,area_canton,855.14,baseICC2023_2024.xlsx,
704,Talamanca,Limón,2023,area_canton,2792.23,baseICC2023_2024.xlsx,
705,Matina,Limón,2023,area_canton,770.4,baseICC2023_2024.xlsx,
706,Guácimo,Limón,2023,area_canton,801.56,baseICC2023_2024.xlsx,
101,San José,San José,2024,area_canton,44.62,baseICC2023_2024.xlsx,
102,Escazú,San José,2024,area_canton,34.53,baseICC2023_2024.xlsx,
103,Desamparados,San José,2024,area_canton,118.89,baseICC2023_2024.xlsx,
104,Puriscal,San José,2024,area_canton,555.04,baseICC2023_2024.xlsx,
105,Tarrazú,San José,2024,area_canton,291.27,baseICC2023_2024.xlsx,
106,Aserrí,San José,2024,area_canton,168.26,baseICC2023_2024.xlsx,
107,Mora,San José,2024,area_canton,163.48,baseICC2023_2024.xlsx,
108,Goicoechea,San José,2024,area_canton,31.7,baseICC2023_2024.xlsx,
109,Santa Ana,San José,2024,area_canton,61.42,baseICC2023_2024.xlsx,
110,Alajuelita,San José,2024,area_canton,21.47,baseICC2023_2024.xlsx,
111,Vázquez de Coronado,San José,2024,area_canton,223.93,baseICC2023_2024.xlsx,
112,Acosta,San José,2024,area_canton,342.56,baseICC2023_2024.xlsx,
113,Tibás,San José,2024,area_canton,8.27,baseICC2023_2024.xlsx,
114,Moravia,San José,2024,area_canton,28.82,baseICC2023_2024.xlsx,
115,Montes de Oca,San José,2024,area_canton,15.78,baseICC2023_2024.xlsx,
116,Turrubares,San José,2024,area_canton,416.25,baseICC2023_2024.xlsx,
117,Dota,San José,2024,area_canton,404.44,baseICC2023_2024.xlsx,
118,Curridabat,San José,2024,area_canton,16.06,baseICC2023_2024.xlsx,
119,Pérez Zeledón,San José,2024,area_canton,1901.08,baseICC2023_2024.xlsx,
120,León Cortés Castro,San José,2024,area_canton,121.9,baseICC2023_2024.xlsx,
201,Alajuela,Alajuela,2024,area_canton,391.61,baseICC2023_2024.xlsx,
202,San Ramón,Alajuela,2024,area_canton,1021.75,baseICC2023_2024.xlsx,
203,Grecia,Alajuela,2024,area_canton,142.47,baseICC2023_2024.xlsx,
204,San Mateo,Alajuela,2024,area_canton,125.03,baseICC2023_2024.xlsx,
205,Atenas,Alajuela,2024,area_canton,126.32,baseICC2023_2024.xlsx,
206,Naranjo,Alajuela,2024,area_canton,127.03,baseICC2023_2024.xlsx,
207,Palmares,Alajuela,2024,area_canton,38.94,baseICC2023_2024.xlsx,
208,Poás,Alajuela,2024,area_canton,74.48,baseICC2023_2024.xlsx,
209,Orotina,Alajuela,2024,area_canton,145.11,baseICC2023_2024.xlsx,
210,San Carlos,Alajuela,2024,area_canton,3352.14,baseICC2023_2024.xlsx,
211,Zarcero,Alajuela,2024,area_canton,157.36,baseICC2023_2024.xlsx,
212,Sarchí,Alajuela,2024,area_canton,136.77,baseICC2023_2024.xlsx,
213,Upala,Alajuela,2024,area_canton,1592.68,baseICC2023_2024.xlsx,
214,Los Chiles,Alajuela,2024,area_canton,1332.71,baseICC2023_2024.xlsx,
215,Guatuso,Alajuela,2024,area_canton,752.83,baseICC2023_2024.xlsx,
216,Río Cuarto,Alajuela,2024,area_canton,254.9,baseICC2023_2024.xlsx,
301,Cartago,Cartago,2024,area_canton,278.66,baseICC2023_2024.xlsx,
302,Paraíso,Cartago,2024,area_canton,477.0,baseICC2023_2024.xlsx,
303,La Unión,Cartago,2024,area_canton,44.18,baseICC2023_2024.xlsx,
304,Jiménez,Cartago,2024,area_canton,250.07,baseICC2023_2024.xlsx,
305,Turrialba,Cartago,2024,area_canton,1589.24,baseICC2023_2024.xlsx,
306,Alvarado,Cartago,2024,area_canton,79.19,baseICC2023_2024.xlsx,
307,Oreamuno,Cartago,2024,area_canton,202.89,baseICC2023_2024.xlsx,
308,El Guarco,Cartago,2024,area_canton,172.0,baseICC2023_2024.xlsx,
401,Heredia,Heredia,2024,area_canton,283.12,baseICC2023_2024.xlsx,
402,Barva,Heredia,2024,area_canton,56.02,baseICC2023_2024.xlsx,
403,Santo Domingo,Heredia,2024,area_canton,25.4,baseICC2023_2024.xlsx,
404,Santa Bárbara,Heredia,2024,area_canton,52.1,baseICC2023_2024.xlsx,
405,San Rafael,Heredia,2024,area_canton,48.31,baseICC2023_2024.xlsx,
406,San Isidro,Heredia,2024,area_canton,26.67,baseICC2023_2024.xlsx,
407,Belén,Heredia,2024,area_canton,12.38,baseICC2023_2024.xlsx,
408,Flores,Heredia,2024,area_canton,6.75,baseICC2023_2024.xlsx,
409,San Pablo,Heredia,2024,area_canton,8.34,baseICC2023_2024.xlsx,
410,Sarapiquí,Heredia,2024,area_canton,2144.22,baseICC2023_2024.xlsx,
501,Liberia,Guanacaste,2024,area_canton,1442.17,baseICC2023_2024.xlsx,
502,Nicoya,Guanacaste,2024,area_canton,1337.56,baseICC2023_2024.xlsx,
503,Santa Cruz,Guanacaste,2024,area_canton,1320.8,baseICC2023_2024.xlsx,
504,Bagaces,Guanacaste,2024,area_canton,1277.93,baseICC2023_2024.xlsx,
505,Carrillo,Guanacaste,2024,area_canton,599.01,baseICC2023_2024.xlsx,
506,Cañas,Guanacaste,2024,area_canton,687.04,baseICC2023_2024.xlsx,
507,Abangares,Guanacaste,2024,area_canton,646.02,baseICC2023_2024.xlsx,
508,Tilarán,Guanacaste,2024,area_canton,669.24,baseICC2023_2024.xlsx,
509,Nandayure,Guanacaste,2024,area_canton,568.14,baseICC2023_2024.xlsx,
510,La Cruz,Guanacaste,2024,area_canton,1385.4,baseICC2023_2024.xlsx,
511,Hojancha,Guanacaste,2024,area_canton,262.99,baseICC2023_2024.xlsx,
601,Puntarenas,Puntarenas,2024,area_canton,1816.86,baseICC2023_2024.xlsx,
602,Esparza,Puntarenas,2024,area_canton,217.23,baseICC2023_2024.xlsx,
603,Buenos Aires,Puntarenas,2024,area_canton,2382.94,baseICC2023_2024.xlsx,
604,Montes de Oro,Puntarenas,2024,area_canton,247.6,baseICC2023_2024.xlsx,
605,Osa,Puntarenas,2024,area_canton,1932.7,baseICC2023_2024.xlsx,
606,Quepos,Puntarenas,2024,area_canton,557.85,baseICC2023_2024.xlsx,
607,Golfito,Puntarenas,2024,area_canton,1752.75,baseICC2023_2024.xlsx,
608,Coto Brus,Puntarenas,2024,area_canton,944.22,baseICC2023_2024.xlsx,
609,Parrita,Puntarenas,2024,area_canton,483.22,baseICC2023_2024.xlsx,
610,Corredores,Puntarenas,2024,area_canton,623.62,baseICC2023_2024.xlsx,
611,Garabito,Puntarenas,2024,area_canton,316.01,baseICC2023_2024.xlsx,
701,Limón,Limón,2024,area_canton,1769.38,baseICC2023_2024.xlsx,
702,Pococí,Limón,2024,area_canton,2188.17,baseICC2023_2024.xlsx,
703,Siquirres,Limón,2024,area_canton,855.14,baseICC2023_2024.xlsx,
704,Talamanca,Limón,2024,area_canton,2792.23,baseICC2023_2024.xlsx,
705,Matina,Limón,2024,area_canton,770.4,baseICC2023_2024.xlsx,
706,Guácimo,Limón,2024,area_canton,801.56,baseICC2023_2024.xlsx,
101,San José,San José,2023,ln_elec_pcapn,37.8481330871582,baseICC2023_2024.xlsx,
102,Escazú,San José,2023,ln_elec_pcapn,57.3994293212891,baseICC2023_2024.xlsx,
103,Desamparados,San José,2023,ln_elec_pcapn,10.0045585632324,baseICC2023_2024.xlsx,
104,Puriscal,San José,2023,ln_elec_pcapn,13.0392093658447,baseICC2023_2024.xlsx,
105,Tarrazú,San José,2023,ln_elec_pcapn,9.4323263168335,baseICC2023_2024.xlsx,
106,Aserrí,San José,2023,ln_elec_pcapn,5.30635738372803,baseICC2023_2024.xlsx,
107,Mora,San José,2023,ln_elec_pcapn,23.4083404541016,baseICC2023_2024.xlsx,
108,Goicoechea,San José,2023,ln_elec_pcapn,20.7080593109131,baseICC2023_2024.xlsx,
109,Santa Ana,San José,2023,ln_elec_pcapn,53.9058494567871,baseICC2023_2024.xlsx,
110,Alajuelita,San José,2023,ln_elec_pcapn,0.797940015792847,baseICC2023_2024.xlsx,
111,Vázquez de Coronado,San José,2023,ln_elec_pcapn,14.7118310928345,baseICC2023_2024.xlsx,
112,Acosta,San José,2023,ln_elec_pcapn,6.9625415802002,baseICC2023_2024.xlsx,
113,Tibás,San José,2023,ln_elec_pcapn,21.7786140441895,baseICC2023_2024.xlsx,
114,Moravia,San José,2023,ln_elec_pcapn,23.6723098754883,baseICC2023_2024.xlsx,
115,Montes de Oca,San José,2023,ln_elec_pcapn,37.239387512207,baseICC2023_2024.xlsx,
116,Turrubares,San José,2023,ln_elec_pcapn,19.0118179321289,baseICC2023_2024.xlsx,
117,Dota,San José,2023,ln_elec_pcapn,19.9750595092773,baseICC2023_2024.xlsx,
118,Curridabat,San José,2023,ln_elec_pcapn,34.9225273132324,baseICC2023_2024.xlsx,
119,Pérez Zeledón,San José,2023,ln_elec_pcapn,19.8963642120361,baseICC2023_2024.xlsx,
120,León Cortés Castro,San José,2023,ln_elec_pcapn,5.43480655323947e-06,baseICC2023_2024.xlsx,
201,Alajuela,Alajuela,2023,ln_elec_pcapn,51.1693344116211,baseICC2023_2024.xlsx,
202,San Ramón,Alajuela,2023,ln_elec_pcapn,20.2371044158936,baseICC2023_2024.xlsx,
203,Grecia,Alajuela,2023,ln_elec_pcapn,26.8245105743408,baseICC2023_2024.xlsx,
204,San Mateo,Alajuela,2023,ln_elec_pcapn,31.916877746582,baseICC2023_2024.xlsx,
205,Atenas,Alajuela,2023,ln_elec_pcapn,30.6306953430176,baseICC2023_2024.xlsx,
206,Naranjo,Alajuela,2023,ln_elec_pcapn,10.8660268783569,baseICC2023_2024.xlsx,
207,Palmares,Alajuela,2023,ln_elec_pcapn,15.9840898513794,baseICC2023_2024.xlsx,
208,Poás,Alajuela,2023,ln_elec_pcapn,17.8517665863037,baseICC2023_2024.xlsx,
209,Orotina,Alajuela,2023,ln_elec_pcapn,48.0347633361816,baseICC2023_2024.xlsx,
210,San Carlos,Alajuela,2023,ln_elec_pcapn,33.7232780456543,baseICC2023_2024.xlsx,
211,Zarcero,Alajuela,2023,ln_elec_pcapn,22.8933162689209,baseICC2023_2024.xlsx,
212,Sarchí,Alajuela,2023,ln_elec_pcapn,16.1420860290527,baseICC2023_2024.xlsx,
213,Upala,Alajuela,2023,ln_elec_pcapn,9.70657634735107,baseICC2023_2024.xlsx,
214,Los Chiles,Alajuela,2023,ln_elec_pcapn,4.18964052200317,baseICC2023_2024.xlsx,
215,Guatuso,Alajuela,2023,ln_elec_pcapn,6.708083152771,baseICC2023_2024.xlsx,
301,Cartago,Cartago,2023,ln_elec_pcapn,51.3892364501953,baseICC2023_2024.xlsx,
302,Paraíso,Cartago,2023,ln_elec_pcapn,20.3208274841309,baseICC2023_2024.xlsx,
303,La Unión,Cartago,2023,ln_elec_pcapn,21.2594413757324,baseICC2023_2024.xlsx,
304,Jiménez,Cartago,2023,ln_elec_pcapn,9.73611927032471,baseICC2023_2024.xlsx,
305,Turrialba,Cartago,2023,ln_elec_pcapn,19.4302539825439,baseICC2023_2024.xlsx,
306,Alvarado,Cartago,2023,ln_elec_pcapn,20.1224231719971,baseICC2023_2024.xlsx,
307,Oreamuno,Cartago,2023,ln_elec_pcapn,18.0722064971924,baseICC2023_2024.xlsx,
308,El Guarco,Cartago,2023,ln_elec_pcapn,29.8824481964111,baseICC2023_2024.xlsx,
401,Heredia,Heredia,2023,ln_elec_pcapn,51.2068939208984,baseICC2023_2024.xlsx,
402,Barva,Heredia,2023,ln_elec_pcapn,17.0817317962647,baseICC2023_2024.xlsx,
403,Santo Domingo,Heredia,2023,ln_elec_pcapn,38.2257995605469,baseICC2023_2024.xlsx,
404,Santa Bárbara,Heredia,2023,ln_elec_pcapn,13.9654951095581,baseICC2023_2024.xlsx,
405,San Rafael,Heredia,2023,ln_elec_pcapn,20.7557163238525,baseICC2023_2024.xlsx,
406,San Isidro,Heredia,2023,ln_elec_pcapn,26.3163394927979,baseICC2023_2024.xlsx,
407,Belén,Heredia,2023,ln_elec_pcapn,100.000015258789,baseICC2023_2024.xlsx,
408,Flores,Heredia,2023,ln_elec_pcapn,27.5234260559082,baseICC2023_2024.xlsx,
409,San Pablo,Heredia,2023,ln_elec_pcapn,28.95139503479,baseICC2023_2024.xlsx,
410,Sarapiquí,Heredia,2023,ln_elec_pcapn,13.5525522232056,baseICC2023_2024.xlsx,
501,Liberia,Guanacaste,2023,ln_elec_pcapn,38.0568962097168,baseICC2023_2024.xlsx,
502,Nicoya,Guanacaste,2023,ln_elec_pcapn,41.1209449768066,baseICC2023_2024.xlsx,
503,Santa Cruz,Guanacaste,2023,ln_elec_pcapn,56.3146171569824,baseICC2023_2024.xlsx,
504,Bagaces,Guanacaste,2023,ln_elec_pcapn,19.5184154510498,baseICC2023_2024.xlsx,
505,Carrillo,Guanacaste,2023,ln_elec_pcapn,55.4228286743164,baseICC2023_2024.xlsx,
506,Cañas,Guanacaste,2023,ln_elec_pcapn,39.254508972168,baseICC2023_2024.xlsx,
507,Abangares,Guanacaste,2023,ln_elec_pcapn,66.1115264892578,baseICC2023_2024.xlsx,
508,Tilarán,Guanacaste,2023,ln_elec_pcapn,25.6289176940918,baseICC2023_2024.xlsx,
509,Nandayure,Guanacaste,2023,ln_elec_pcapn,30.7730255126953,baseICC2023_2024.xlsx,
510,La Cruz,Guanacaste,2023,ln_elec_pcapn,24.3188018798828,baseICC2023_2024.xlsx,
511,Hojancha,Guanacaste,2023,ln_elec_pcapn,27.7531089782715,baseICC2023_2024.xlsx,
601,Puntarenas,Puntarenas,2023,ln_elec_pcapn,37.5882110595703,baseICC2023_2024.xlsx,
602,Esparza,Puntarenas,2023,ln_elec_pcapn,30.6498908996582,baseICC2023_2024.xlsx,
603,Buenos Aires,Puntarenas,2023,ln_elec_pcapn,6.36305379867554,baseICC2023_2024.xlsx,
604,Montes de Oro,Puntarenas,2023,ln_elec_pcapn,18.7125129699707,baseICC2023_2024.xlsx,
605,Osa,Puntarenas,2023,ln_elec_pcapn,41.2154235839844,baseICC2023_2024.xlsx,
606,Quepos,Puntarenas,2023,ln_elec_pcapn,43.8535232543945,baseICC2023_2024.xlsx,
607,Golfito,Puntarenas,2023,ln_elec_pcapn,26.8668479919434,baseICC2023_2024.xlsx,
608,Coto Brus,Puntarenas,2023,ln_elec_pcapn,9.15652084350586,baseICC2023_2024.xlsx,
609,Parrita,Puntarenas,2023,ln_elec_pcapn,37.4138870239258,baseICC2023_2024.xlsx,
610,Corredores,Puntarenas,2023,ln_elec_pcapn,15.4644536972046,baseICC2023_2024.xlsx,
611,Garabito,Puntarenas,2023,ln_elec_pcapn,65.8318023681641,baseICC2023_2024.xlsx,
701,Limón,Limón,2023,ln_elec_pcapn,39.8070983886719,baseICC2023_2024.xlsx,
702,Pococí,Limón,2023,ln_elec_pcapn,23.4039821624756,baseICC2023_2024.xlsx,
703,Siquirres,Limón,2023,ln_elec_pcapn,31.33571434021,baseICC2023_2024.xlsx,
704,Talamanca,Limón,2023,ln_elec_pcapn,20.0885124206543,baseICC2023_2024.xlsx,
705,Matina,Limón,2023,ln_elec_pcapn,5.47167634963989,baseICC2023_2024.xlsx,
706,Guácimo,Limón,2023,ln_elec_pcapn,10.5716772079468,baseICC2023_2024.xlsx,
101,San José,San José,2024,ln_elec_pcapn,36.9147186279297,baseICC2023_2024.xlsx,
102,Escazú,San José,2024,ln_elec_pcapn,56.4891586303711,baseICC2023_2024.xlsx,
103,Desamparados,San José,2024,ln_elec_pcapn,9.64015102386475,baseICC2023_2024.xlsx,
104,Puriscal,San José,2024,ln_elec_pcapn,12.1698694229126,baseICC2023_2024.xlsx,
105,Tarrazú,San José,2024,ln_elec_pcapn,7.33016347885132,baseICC2023_2024.xlsx,
106,Aserrí,San José,2024,ln_elec_pcapn,5.25042915344238,baseICC2023_2024.xlsx,
107,Mora,San José,2024,ln_elec_pcapn,25.1905670166016,baseICC2023_2024.xlsx,
108,Goicoechea,San José,2024,ln_elec_pcapn,19.916389465332,baseICC2023_2024.xlsx,
109,Santa Ana,San José,2024,ln_elec_pcapn,54.0929183959961,baseICC2023_2024.xlsx,
110,Alajuelita,San José,2024,ln_elec_pcapn,1.02559173107147,baseICC2023_2024.xlsx,
111,Vázquez de Coronado,San José,2024,ln_elec_pcapn,13.8480072021484,baseICC2023_2024.xlsx,
112,Acosta,San José,2024,ln_elec_pcapn,6.5104775428772,baseICC2023_2024.xlsx,
113,Tibás,San José,2024,ln_elec_pcapn,20.7812671661377,baseICC2023_2024.xlsx,
114,Moravia,San José,2024,ln_elec_pcapn,23.6866226196289,baseICC2023_2024.xlsx,
115,Montes de Oca,San José,2024,ln_elec_pcapn,36.4055213928223,baseICC2023_2024.xlsx,
116,Turrubares,San José,2024,ln_elec_pcapn,16.4525547027588,baseICC2023_2024.xlsx,
117,Dota,San José,2024,ln_elec_pcapn,20.391092300415,baseICC2023_2024.xlsx,
118,Curridabat,San José,2024,ln_elec_pcapn,34.6381492614746,baseICC2023_2024.xlsx,
119,Pérez Zeledón,San José,2024,ln_elec_pcapn,21.4902439117432,baseICC2023_2024.xlsx,
120,León Cortés Castro,San José,2024,ln_elec_pcapn,0.0,baseICC2023_2024.xlsx,
201,Alajuela,Alajuela,2024,ln_elec_pcapn,50.3740425109863,baseICC2023_2024.xlsx,
202,San Ramón,Alajuela,2024,ln_elec_pcapn,21.2725563049316,baseICC2023_2024.xlsx,
203,Grecia,Alajuela,2024,ln_elec_pcapn,26.3260726928711,baseICC2023_2024.xlsx,
204,San Mateo,Alajuela,2024,ln_elec_pcapn,31.6563014984131,baseICC2023_2024.xlsx,
205,Atenas,Alajuela,2024,ln_elec_pcapn,30.157527923584,baseICC2023_2024.xlsx,
206,Naranjo,Alajuela,2024,ln_elec_pcapn,10.1713428497314,baseICC2023_2024.xlsx,
207,Palmares,Alajuela,2024,ln_elec_pcapn,15.0590400695801,baseICC2023_2024.xlsx,
208,Poás,Alajuela,2024,ln_elec_pcapn,17.0073261260986,baseICC2023_2024.xlsx,
209,Orotina,Alajuela,2024,ln_elec_pcapn,48.2485122680664,baseICC2023_2024.xlsx,
210,San Carlos,Alajuela,2024,ln_elec_pcapn,33.4813385009766,baseICC2023_2024.xlsx,
211,Zarcero,Alajuela,2024,ln_elec_pcapn,22.5130825042725,baseICC2023_2024.xlsx,
212,Sarchí,Alajuela,2024,ln_elec_pcapn,14.8894968032837,baseICC2023_2024.xlsx,
213,Upala,Alajuela,2024,ln_elec_pcapn,9.53616619110107,baseICC2023_2024.xlsx,
214,Los Chiles,Alajuela,2024,ln_elec_pcapn,3.35900926589966,baseICC2023_2024.xlsx,
215,Guatuso,Alajuela,2024,ln_elec_pcapn,6.79576921463013,baseICC2023_2024.xlsx,
216,Río Cuarto,Alajuela,2024,ln_elec_pcapn,30.3823261260986,baseICC2023_2024.xlsx,
301,Cartago,Cartago,2024,ln_elec_pcapn,51.952507019043,baseICC2023_2024.xlsx,
302,Paraíso,Cartago,2024,ln_elec_pcapn,20.744743347168,baseICC2023_2024.xlsx,
303,La Unión,Cartago,2024,ln_elec_pcapn,20.5846271514893,baseICC2023_2024.xlsx,
304,Jiménez,Cartago,2024,ln_elec_pcapn,9.49655437469482,baseICC2023_2024.xlsx,
305,Turrialba,Cartago,2024,ln_elec_pcapn,20.9117794036865,baseICC2023_2024.xlsx,
306,Alvarado,Cartago,2024,ln_elec_pcapn,20.022985458374,baseICC2023_2024.xlsx,
307,Oreamuno,Cartago,2024,ln_elec_pcapn,17.9802799224854,baseICC2023_2024.xlsx,
308,El Guarco,Cartago,2024,ln_elec_pcapn,30.465503692627,baseICC2023_2024.xlsx,
401,Heredia,Heredia,2024,ln_elec_pcapn,50.7121200561523,baseICC2023_2024.xlsx,
402,Barva,Heredia,2024,ln_elec_pcapn,15.9389238357544,baseICC2023_2024.xlsx,
403,Santo Domingo,Heredia,2024,ln_elec_pcapn,37.7607841491699,baseICC2023_2024.xlsx,
404,Santa Bárbara,Heredia,2024,ln_elec_pcapn,13.3171691894531,baseICC2023_2024.xlsx,
405,San Rafael,Heredia,2024,ln_elec_pcapn,18.9547367095947,baseICC2023_2024.xlsx,
406,San Isidro,Heredia,2024,ln_elec_pcapn,25.6641178131104,baseICC2023_2024.xlsx,
407,Belén,Heredia,2024,ln_elec_pcapn,100.0,baseICC2023_2024.xlsx,
408,Flores,Heredia,2024,ln_elec_pcapn,33.3426017761231,baseICC2023_2024.xlsx,
409,San Pablo,Heredia,2024,ln_elec_pcapn,29.4837303161621,baseICC2023_2024.xlsx,
410,Sarapiquí,Heredia,2024,ln_elec_pcapn,10.5918579101563,baseICC2023_2024.xlsx,
501,Liberia,Guanacaste,2024,ln_elec_pcapn,38.0544738769531,baseICC2023_2024.xlsx,
502,Nicoya,Guanacaste,2024,ln_elec_pcapn,41.0502510070801,baseICC2023_2024.xlsx,
503,Santa Cruz,Guanacaste,2024,ln_elec_pcapn,56.6001129150391,baseICC2023_2024.xlsx,
504,Bagaces,Guanacaste,2024,ln_elec_pcapn,18.8957958221436,baseICC2023_2024.xlsx,
505,Carrillo,Guanacaste,2024,ln_elec_pcapn,53.7761573791504,baseICC2023_2024.xlsx,
506,Cañas,Guanacaste,2024,ln_elec_pcapn,37.9377174377441,baseICC2023_2024.xlsx,
507,Abangares,Guanacaste,2024,ln_elec_pcapn,64.9788818359375,baseICC2023_2024.xlsx,
508,Tilarán,Guanacaste,2024,ln_elec_pcapn,21.9885005950928,baseICC2023_2024.xlsx,
509,Nandayure,Guanacaste,2024,ln_elec_pcapn,30.7516899108887,baseICC2023_2024.xlsx,
510,La Cruz,Guanacaste,2024,ln_elec_pcapn,21.8073043823242,baseICC2023_2024.xlsx,
511,Hojancha,Guanacaste,2024,ln_elec_pcapn,31.59130859375,baseICC2023_2024.xlsx,
601,Puntarenas,Puntarenas,2024,ln_elec_pcapn,37.6196632385254,baseICC2023_2024.xlsx,
602,Esparza,Puntarenas,2024,ln_elec_pcapn,33.5593566894531,baseICC2023_2024.xlsx,
603,Buenos Aires,Puntarenas,2024,ln_elec_pcapn,5.91438627243042,baseICC2023_2024.xlsx,
604,Montes de Oro,Puntarenas,2024,ln_elec_pcapn,19.304666519165,baseICC2023_2024.xlsx,
605,Osa,Puntarenas,2024,ln_elec_pcapn,43.7927436828613,baseICC2023_2024.xlsx,
606,Quepos,Puntarenas,2024,ln_elec_pcapn,42.5588417053223,baseICC2023_2024.xlsx,
607,Golfito,Puntarenas,2024,ln_elec_pcapn,27.3677654266357,baseICC2023_2024.xlsx,
608,Coto Brus,Puntarenas,2024,ln_elec_pcapn,14.7928609848022,baseICC2023_2024.xlsx,
609,Parrita,Puntarenas,2024,ln_elec_pcapn,35.7308464050293,baseICC2023_2024.xlsx,
610,Corredores,Puntarenas,2024,ln_elec_pcapn,15.1693429946899,baseICC2023_2024.xlsx,
611,Garabito,Puntarenas,2024,ln_elec_pcapn,64.8421630859375,baseICC2023_2024.xlsx,
701,Limón,Limón,2024,ln_elec_pcapn,40.8867340087891,baseICC2023_2024.xlsx,
702,Pococí,Limón,2024,ln_elec_pcapn,22.1136264801025,baseICC2023_2024.xlsx,
703,Siquirres,Limón,2024,ln_elec_pcapn,33.5661544799805,baseICC2023_2024.xlsx,
704,Talamanca,Limón,2024,ln_elec_pcapn,20.7550830841064,baseICC2023_2024.xlsx,
705,Matina,Limón,2024,ln_elec_pcapn,6.570152759552,baseICC2023_2024.xlsx,
706,Guácimo,Limón,2024,ln_elec_pcapn,9.36258888244629,baseICC2023_2024.xlsx,
101,San José,San José,2023,ln_m2cons_xkm2n,96.7733001708984,baseICC2023_2024.xlsx,
102,Escazú,San José,2023,ln_m2cons_xkm2n,86.6142501831055,baseICC2023_2024.xlsx,
103,Desamparados,San José,2023,ln_m2cons_xkm2n,71.2338180541992,baseICC2023_2024.xlsx,
104,Puriscal,San José,2023,ln_m2cons_xkm2n,20.4593143463135,baseICC2023_2024.xlsx,
105,Tarrazú,San José,2023,ln_m2cons_xkm2n,21.0044403076172,baseICC2023_2024.xlsx,
106,Aserrí,San José,2023,ln_m2cons_xkm2n,33.1416702270508,baseICC2023_2024.xlsx,
107,Mora,San José,2023,ln_m2cons_xkm2n,53.4397850036621,baseICC2023_2024.xlsx,
108,Goicoechea,San José,2023,ln_m2cons_xkm2n,74.9630737304688,baseICC2023_2024.xlsx,
109,Santa Ana,San José,2023,ln_m2cons_xkm2n,97.8676376342773,baseICC2023_2024.xlsx,
110,Alajuelita,San José,2023,ln_m2cons_xkm2n,76.9269638061523,baseICC2023_2024.xlsx,
111,Vázquez de Coronado,San José,2023,ln_m2cons_xkm2n,28.7609481811523,baseICC2023_2024.xlsx,
112,Acosta,San José,2023,ln_m2cons_xkm2n,15.279990196228,baseICC2023_2024.xlsx,
113,Tibás,San José,2023,ln_m2cons_xkm2n,54.9637870788574,baseICC2023_2024.xlsx,
114,Moravia,San José,2023,ln_m2cons_xkm2n,69.1306991577148,baseICC2023_2024.xlsx,
115,Montes de Oca,San José,2023,ln_m2cons_xkm2n,73.8723526000977,baseICC2023_2024.xlsx,
116,Turrubares,San José,2023,ln_m2cons_xkm2n,7.13069581985474,baseICC2023_2024.xlsx,
117,Dota,San José,2023,ln_m2cons_xkm2n,16.7141513824463,baseICC2023_2024.xlsx,
118,Curridabat,San José,2023,ln_m2cons_xkm2n,93.7771759033203,baseICC2023_2024.xlsx,
119,Pérez Zeledón,San José,2023,ln_m2cons_xkm2n,30.3379421234131,baseICC2023_2024.xlsx,
120,León Cortés Castro,San José,2023,ln_m2cons_xkm2n,23.9140167236328,baseICC2023_2024.xlsx,
201,Alajuela,Alajuela,2023,ln_m2cons_xkm2n,74.6214447021484,baseICC2023_2024.xlsx,
202,San Ramón,Alajuela,2023,ln_m2cons_xkm2n,29.8260040283203,baseICC2023_2024.xlsx,
203,Grecia,Alajuela,2023,ln_m2cons_xkm2n,66.1752243041992,baseICC2023_2024.xlsx,
204,San Mateo,Alajuela,2023,ln_m2cons_xkm2n,47.9537200927734,baseICC2023_2024.xlsx,
205,Atenas,Alajuela,2023,ln_m2cons_xkm2n,56.548755645752,baseICC2023_2024.xlsx,
206,Naranjo,Alajuela,2023,ln_m2cons_xkm2n,56.9944801330566,baseICC2023_2024.xlsx,
207,Palmares,Alajuela,2023,ln_m2cons_xkm2n,75.513801574707,baseICC2023_2024.xlsx,
208,Poás,Alajuela,2023,ln_m2cons_xkm2n,56.1331520080566,baseICC2023_2024.xlsx,
209,Orotina,Alajuela,2023,ln_m2cons_xkm2n,61.552059173584,baseICC2023_2024.xlsx,
210,San Carlos,Alajuela,2023,ln_m2cons_xkm2n,22.5766124725342,baseICC2023_2024.xlsx,
211,Zarcero,Alajuela,2023,ln_m2cons_xkm2n,29.4837532043457,baseICC2023_2024.xlsx,
212,Sarchí,Alajuela,2023,ln_m2cons_xkm2n,32.2781486511231,baseICC2023_2024.xlsx,
213,Upala,Alajuela,2023,ln_m2cons_xkm2n,15.3705196380615,baseICC2023_2024.xlsx,
214,Los Chiles,Alajuela,2023,ln_m2cons_xkm2n,1.97142851352692,baseICC2023_2024.xlsx,
215,Guatuso,Alajuela,2023,ln_m2cons_xkm2n,11.1878995895386,baseICC2023_2024.xlsx,
301,Cartago,Cartago,2023,ln_m2cons_xkm2n,68.9353256225586,baseICC2023_2024.xlsx,
302,Paraíso,Cartago,2023,ln_m2cons_xkm2n,28.1761379241943,baseICC2023_2024.xlsx,
303,La Unión,Cartago,2023,ln_m2cons_xkm2n,89.1138763427734,baseICC2023_2024.xlsx,
304,Jiménez,Cartago,2023,ln_m2cons_xkm2n,9.91159915924072,baseICC2023_2024.xlsx,
305,Turrialba,Cartago,2023,ln_m2cons_xkm2n,16.8217830657959,baseICC2023_2024.xlsx,
306,Alvarado,Cartago,2023,ln_m2cons_xkm2n,44.9943695068359,baseICC2023_2024.xlsx,
307,Oreamuno,Cartago,2023,ln_m2cons_xkm2n,31.947437286377,baseICC2023_2024.xlsx,
308,El Guarco,Cartago,2023,ln_m2cons_xkm2n,49.5702285766602,baseICC2023_2024.xlsx,
401,Heredia,Heredia,2023,ln_m2cons_xkm2n,55.7607345581055,baseICC2023_2024.xlsx,
402,Barva,Heredia,2023,ln_m2cons_xkm2n,55.380672454834,baseICC2023_2024.xlsx,
403,Santo Domingo,Heredia,2023,ln_m2cons_xkm2n,86.849006652832,baseICC2023_2024.xlsx,
404,Santa Bárbara,Heredia,2023,ln_m2cons_xkm2n,88.2629547119141,baseICC2023_2024.xlsx,
405,San Rafael,Heredia,2023,ln_m2cons_xkm2n,71.8905792236328,baseICC2023_2024.xlsx,
406,San Isidro,Heredia,2023,ln_m2cons_xkm2n,66.7045974731445,baseICC2023_2024.xlsx,
407,Belén,Heredia,2023,ln_m2cons_xkm2n,100.0,baseICC2023_2024.xlsx,
408,Flores,Heredia,2023,ln_m2cons_xkm2n,81.8895111083984,baseICC2023_2024.xlsx,
409,San Pablo,Heredia,2023,ln_m2cons_xkm2n,85.5476837158203,baseICC2023_2024.xlsx,
410,Sarapiquí,Heredia,2023,ln_m2cons_xkm2n,14.0685873031616,baseICC2023_2024.xlsx,
501,Liberia,Guanacaste,2023,ln_m2cons_xkm2n,35.8836174011231,baseICC2023_2024.xlsx,
502,Nicoya,Guanacaste,2023,ln_m2cons_xkm2n,42.1913452148438,baseICC2023_2024.xlsx,
503,Santa Cruz,Guanacaste,2023,ln_m2cons_xkm2n,54.9303703308106,baseICC2023_2024.xlsx,
504,Bagaces,Guanacaste,2023,ln_m2cons_xkm2n,3.22827434539795,baseICC2023_2024.xlsx,
505,Carrillo,Guanacaste,2023,ln_m2cons_xkm2n,57.1958122253418,baseICC2023_2024.xlsx,
506,Cañas,Guanacaste,2023,ln_m2cons_xkm2n,12.6831169128418,baseICC2023_2024.xlsx,
507,Abangares,Guanacaste,2023,ln_m2cons_xkm2n,8.2040548324585,baseICC2023_2024.xlsx,
508,Tilarán,Guanacaste,2023,ln_m2cons_xkm2n,22.0073719024658,baseICC2023_2024.xlsx,
509,Nandayure,Guanacaste,2023,ln_m2cons_xkm2n,16.0869789123535,baseICC2023_2024.xlsx,
510,La Cruz,Guanacaste,2023,ln_m2cons_xkm2n,6.31832408905029,baseICC2023_2024.xlsx,
511,Hojancha,Guanacaste,2023,ln_m2cons_xkm2n,33.284839630127,baseICC2023_2024.xlsx,
601,Puntarenas,Puntarenas,2023,ln_m2cons_xkm2n,32.0249633789063,baseICC2023_2024.xlsx,
602,Esparza,Puntarenas,2023,ln_m2cons_xkm2n,47.6237258911133,baseICC2023_2024.xlsx,
603,Buenos Aires,Puntarenas,2023,ln_m2cons_xkm2n,0.00499999988824129,baseICC2023_2024.xlsx,
604,Montes de Oro,Puntarenas,2023,ln_m2cons_xkm2n,25.996265411377,baseICC2023_2024.xlsx,
605,Osa,Puntarenas,2023,ln_m2cons_xkm2n,29.527717590332,baseICC2023_2024.xlsx,
606,Quepos,Puntarenas,2023,ln_m2cons_xkm2n,40.8524551391602,baseICC2023_2024.xlsx,
607,Golfito,Puntarenas,2023,ln_m2cons_xkm2n,16.1821842193604,baseICC2023_2024.xlsx,
608,Coto Brus,Puntarenas,2023,ln_m2cons_xkm2n,18.5921268463135,baseICC2023_2024.xlsx,
609,Parrita,Puntarenas,2023,ln_m2cons_xkm2n,27.1312561035156,baseICC2023_2024.xlsx,
610,Corredores,Puntarenas,2023,ln_m2cons_xkm2n,19.5861167907715,baseICC2023_2024.xlsx,
611,Garabito,Puntarenas,2023,ln_m2cons_xkm2n,63.114070892334,baseICC2023_2024.xlsx,
701,Limón,Limón,2023,ln_m2cons_xkm2n,9.53136730194092,baseICC2023_2024.xlsx,
702,Pococí,Limón,2023,ln_m2cons_xkm2n,24.5184726715088,baseICC2023_2024.xlsx,
703,Siquirres,Limón,2023,ln_m2cons_xkm2n,13.9691410064697,baseICC2023_2024.xlsx,
704,Talamanca,Limón,2023,ln_m2cons_xkm2n,9.7509651184082,baseICC2023_2024.xlsx,
705,Matina,Limón,2023,ln_m2cons_xkm2n,10.6737031936646,baseICC2023_2024.xlsx,
706,Guácimo,Limón,2023,ln_m2cons_xkm2n,14.653169631958,baseICC2023_2024.xlsx,
101,San José,San José,2024,ln_m2cons_xkm2n,85.2847595214844,baseICC2023_2024.xlsx,
102,Escazú,San José,2024,ln_m2cons_xkm2n,88.6319961547852,baseICC2023_2024.xlsx,
103,Desamparados,San José,2024,ln_m2cons_xkm2n,44.607292175293,baseICC2023_2024.xlsx,
104,Puriscal,San José,2024,ln_m2cons_xkm2n,22.3310012817383,baseICC2023_2024.xlsx,
105,Tarrazú,San José,2024,ln_m2cons_xkm2n,22.6848220825195,baseICC2023_2024.xlsx,
106,Aserrí,San José,2024,ln_m2cons_xkm2n,29.6235179901123,baseICC2023_2024.xlsx,
107,Mora,San José,2024,ln_m2cons_xkm2n,37.1864395141602,baseICC2023_2024.xlsx,
108,Goicoechea,San José,2024,ln_m2cons_xkm2n,75.960807800293,baseICC2023_2024.xlsx,
109,Santa Ana,San José,2024,ln_m2cons_xkm2n,83.911262512207,baseICC2023_2024.xlsx,
110,Alajuelita,San José,2024,ln_m2cons_xkm2n,66.1969223022461,baseICC2023_2024.xlsx,
111,Vázquez de Coronado,San José,2024,ln_m2cons_xkm2n,28.6542739868164,baseICC2023_2024.xlsx,
112,Acosta,San José,2024,ln_m2cons_xkm2n,17.0017566680908,baseICC2023_2024.xlsx,
113,Tibás,San José,2024,ln_m2cons_xkm2n,78.4337768554688,baseICC2023_2024.xlsx,
114,Moravia,San José,2024,ln_m2cons_xkm2n,60.5423812866211,baseICC2023_2024.xlsx,
115,Montes de Oca,San José,2024,ln_m2cons_xkm2n,87.5611419677734,baseICC2023_2024.xlsx,
116,Turrubares,San José,2024,ln_m2cons_xkm2n,12.284161567688,baseICC2023_2024.xlsx,
117,Dota,San José,2024,ln_m2cons_xkm2n,21.1274185180664,baseICC2023_2024.xlsx,
118,Curridabat,San José,2024,ln_m2cons_xkm2n,89.6533050537109,baseICC2023_2024.xlsx,
119,Pérez Zeledón,San José,2024,ln_m2cons_xkm2n,29.4807643890381,baseICC2023_2024.xlsx,
120,León Cortés Castro,San José,2024,ln_m2cons_xkm2n,25.7160339355469,baseICC2023_2024.xlsx,
201,Alajuela,Alajuela,2024,ln_m2cons_xkm2n,67.0496139526367,baseICC2023_2024.xlsx,
202,San Ramón,Alajuela,2024,ln_m2cons_xkm2n,32.5656127929688,baseICC2023_2024.xlsx,
203,Grecia,Alajuela,2024,ln_m2cons_xkm2n,72.6048126220703,baseICC2023_2024.xlsx,
204,San Mateo,Alajuela,2024,ln_m2cons_xkm2n,45.0630302429199,baseICC2023_2024.xlsx,
205,Atenas,Alajuela,2024,ln_m2cons_xkm2n,49.3105049133301,baseICC2023_2024.xlsx,
206,Naranjo,Alajuela,2024,ln_m2cons_xkm2n,50.5827713012695,baseICC2023_2024.xlsx,
207,Palmares,Alajuela,2024,ln_m2cons_xkm2n,58.1362609863281,baseICC2023_2024.xlsx,
208,Poás,Alajuela,2024,ln_m2cons_xkm2n,48.5117683410645,baseICC2023_2024.xlsx,
209,Orotina,Alajuela,2024,ln_m2cons_xkm2n,45.3683853149414,baseICC2023_2024.xlsx,
210,San Carlos,Alajuela,2024,ln_m2cons_xkm2n,28.1252212524414,baseICC2023_2024.xlsx,
211,Zarcero,Alajuela,2024,ln_m2cons_xkm2n,33.9725685119629,baseICC2023_2024.xlsx,
212,Sarchí,Alajuela,2024,ln_m2cons_xkm2n,34.977912902832,baseICC2023_2024.xlsx,
213,Upala,Alajuela,2024,ln_m2cons_xkm2n,18.9788589477539,baseICC2023_2024.xlsx,
214,Los Chiles,Alajuela,2024,ln_m2cons_xkm2n,5.31638097763062,baseICC2023_2024.xlsx,
215,Guatuso,Alajuela,2024,ln_m2cons_xkm2n,6.82157516479492,baseICC2023_2024.xlsx,
216,Río Cuarto,Alajuela,2024,ln_m2cons_xkm2n,22.0100173950195,baseICC2023_2024.xlsx,
301,Cartago,Cartago,2024,ln_m2cons_xkm2n,71.9258804321289,baseICC2023_2024.xlsx,
302,Paraíso,Cartago,2024,ln_m2cons_xkm2n,29.126989364624,baseICC2023_2024.xlsx,
303,La Unión,Cartago,2024,ln_m2cons_xkm2n,86.098030090332,baseICC2023_2024.xlsx,
304,Jiménez,Cartago,2024,ln_m2cons_xkm2n,9.11146259307861,baseICC2023_2024.xlsx,
305,Turrialba,Cartago,2024,ln_m2cons_xkm2n,14.7194309234619,baseICC2023_2024.xlsx,
306,Alvarado,Cartago,2024,ln_m2cons_xkm2n,32.8451080322266,baseICC2023_2024.xlsx,
307,Oreamuno,Cartago,2024,ln_m2cons_xkm2n,39.7900199890137,baseICC2023_2024.xlsx,
308,El Guarco,Cartago,2024,ln_m2cons_xkm2n,48.040210723877,baseICC2023_2024.xlsx,
401,Heredia,Heredia,2024,ln_m2cons_xkm2n,53.7062759399414,baseICC2023_2024.xlsx,
402,Barva,Heredia,2024,ln_m2cons_xkm2n,58.7118263244629,baseICC2023_2024.xlsx,
403,Santo Domingo,Heredia,2024,ln_m2cons_xkm2n,80.226676940918,baseICC2023_2024.xlsx,
404,Santa Bárbara,Heredia,2024,ln_m2cons_xkm2n,54.6290054321289,baseICC2023_2024.xlsx,
405,San Rafael,Heredia,2024,ln_m2cons_xkm2n,69.339111328125,baseICC2023_2024.xlsx,
406,San Isidro,Heredia,2024,ln_m2cons_xkm2n,69.5188751220703,baseICC2023_2024.xlsx,
407,Belén,Heredia,2024,ln_m2cons_xkm2n,99.9999923706055,baseICC2023_2024.xlsx,
408,Flores,Heredia,2024,ln_m2cons_xkm2n,80.0104370117188,baseICC2023_2024.xlsx,
409,San Pablo,Heredia,2024,ln_m2cons_xkm2n,69.0363922119141,baseICC2023_2024.xlsx,
410,Sarapiquí,Heredia,2024,ln_m2cons_xkm2n,13.175612449646,baseICC2023_2024.xlsx,
501,Liberia,Guanacaste,2024,ln_m2cons_xkm2n,32.9174194335938,baseICC2023_2024.xlsx,
502,Nicoya,Guanacaste,2024,ln_m2cons_xkm2n,35.0388870239258,baseICC2023_2024.xlsx,
503,Santa Cruz,Guanacaste,2024,ln_m2cons_xkm2n,50.2993392944336,baseICC2023_2024.xlsx,
504,Bagaces,Guanacaste,2024,ln_m2cons_xkm2n,8.19558525085449,baseICC2023_2024.xlsx,
505,Carrillo,Guanacaste,2024,ln_m2cons_xkm2n,49.0365867614746,baseICC2023_2024.xlsx,
506,Cañas,Guanacaste,2024,ln_m2cons_xkm2n,8.70018863677979,baseICC2023_2024.xlsx,
507,Abangares,Guanacaste,2024,ln_m2cons_xkm2n,10.4548435211182,baseICC2023_2024.xlsx,
508,Tilarán,Guanacaste,2024,ln_m2cons_xkm2n,21.7404117584229,baseICC2023_2024.xlsx,
509,Nandayure,Guanacaste,2024,ln_m2cons_xkm2n,21.0152797698975,baseICC2023_2024.xlsx,
510,La Cruz,Guanacaste,2024,ln_m2cons_xkm2n,0.0,baseICC2023_2024.xlsx,
511,Hojancha,Guanacaste,2024,ln_m2cons_xkm2n,28.7445487976074,baseICC2023_2024.xlsx,
601,Puntarenas,Puntarenas,2024,ln_m2cons_xkm2n,32.4091987609863,baseICC2023_2024.xlsx,
602,Esparza,Puntarenas,2024,ln_m2cons_xkm2n,45.5009117126465,baseICC2023_2024.xlsx,
603,Buenos Aires,Puntarenas,2024,ln_m2cons_xkm2n,6.45092487335205,baseICC2023_2024.xlsx,
604,Montes de Oro,Puntarenas,2024,ln_m2cons_xkm2n,20.3610191345215,baseICC2023_2024.xlsx,
605,Osa,Puntarenas,2024,ln_m2cons_xkm2n,25.5020198822022,baseICC2023_2024.xlsx,
606,Quepos,Puntarenas,2024,ln_m2cons_xkm2n,37.0017127990723,baseICC2023_2024.xlsx,
607,Golfito,Puntarenas,2024,ln_m2cons_xkm2n,13.6169013977051,baseICC2023_2024.xlsx,
608,Coto Brus,Puntarenas,2024,ln_m2cons_xkm2n,21.0134754180908,baseICC2023_2024.xlsx,
609,Parrita,Puntarenas,2024,ln_m2cons_xkm2n,23.1646537780762,baseICC2023_2024.xlsx,
610,Corredores,Puntarenas,2024,ln_m2cons_xkm2n,18.6685390472412,baseICC2023_2024.xlsx,
611,Garabito,Puntarenas,2024,ln_m2cons_xkm2n,61.0375900268555,baseICC2023_2024.xlsx,
701,Limón,Limón,2024,ln_m2cons_xkm2n,14.0564575195313,baseICC2023_2024.xlsx,
702,Pococí,Limón,2024,ln_m2cons_xkm2n,25.0752830505371,baseICC2023_2024.xlsx,
703,Siquirres,Limón,2024,ln_m2cons_xkm2n,14.6779670715332,baseICC2023_2024.xlsx,
704,Talamanca,Limón,2024,ln_m2cons_xkm2n,12.0901470184326,baseICC2023_2024.xlsx,
705,Matina,Limón,2024,ln_m2cons_xkm2n,11.2617034912109,baseICC2023_2024.xlsx,
706,Guácimo,Limón,2024,ln_m2cons_xkm2n,19.2994556427002,baseICC2023_2024.xlsx,
101,San José,San José,2023,ln_gasto_noinv_pcapn,82.9140243530273,baseICC2023_2024.xlsx,
102,Escazú,San José,2023,ln_gasto_noinv_pcapn,91.4546203613281,baseICC2023_2024.xlsx,
103,Desamparados,San José,2023,ln_gasto_noinv_pcapn,27.3492393493652,baseICC2023_2024.xlsx,
104,Puriscal,San José,2023,ln_gasto_noinv_pcapn,35.3692932128906,baseICC2023_2024.xlsx,
105,Tarrazú,San José,2023,ln_gasto_noinv_pcapn,32.5257148742676,baseICC2023_2024.xlsx,
106,Aserrí,San José,2023,ln_gasto_noinv_pcapn,23.3368358612061,baseICC2023_2024.xlsx,
107,Mora,San José,2023,ln_gasto_noinv_pcapn,55.7931976318359,baseICC2023_2024.xlsx,
108,Goicoechea,San José,2023,ln_gasto_noinv_pcapn,43.8433151245117,baseICC2023_2024.xlsx,
109,Santa Ana,San José,2023,ln_gasto_noinv_pcapn,80.2517547607422,baseICC2023_2024.xlsx,
110,Alajuelita,San José,2023,ln_gasto_noinv_pcapn,16.6742820739746,baseICC2023_2024.xlsx,
111,Vázquez de Coronado,San José,2023,ln_gasto_noinv_pcapn,29.4488010406494,baseICC2023_2024.xlsx,
112,Acosta,San José,2023,ln_gasto_noinv_pcapn,28.4801654815674,baseICC2023_2024.xlsx,
113,Tibás,San José,2023,ln_gasto_noinv_pcapn,45.9614028930664,baseICC2023_2024.xlsx,
114,Moravia,San José,2023,ln_gasto_noinv_pcapn,48.9276428222656,baseICC2023_2024.xlsx,
115,Montes de Oca,San José,2023,ln_gasto_noinv_pcapn,69.5906829833984,baseICC2023_2024.xlsx,
116,Turrubares,San José,2023,ln_gasto_noinv_pcapn,41.2126350402832,baseICC2023_2024.xlsx,
117,Dota,San José,2023,ln_gasto_noinv_pcapn,45.3216705322266,baseICC2023_2024.xlsx,
118,Curridabat,San José,2023,ln_gasto_noinv_pcapn,72.7275543212891,baseICC2023_2024.xlsx,
119,Pérez Zeledón,San José,2023,ln_gasto_noinv_pcapn,33.3194274902344,baseICC2023_2024.xlsx,
120,León Cortés Castro,San José,2023,ln_gasto_noinv_pcapn,24.5469779968262,baseICC2023_2024.xlsx,
201,Alajuela,Alajuela,2023,ln_gasto_noinv_pcapn,45.2364311218262,baseICC2023_2024.xlsx,
202,San Ramón,Alajuela,2023,ln_gasto_noinv_pcapn,40.7627906799316,baseICC2023_2024.xlsx,
203,Grecia,Alajuela,2023,ln_gasto_noinv_pcapn,43.417610168457,baseICC2023_2024.xlsx,
204,San Mateo,Alajuela,2023,ln_gasto_noinv_pcapn,56.9703521728516,baseICC2023_2024.xlsx,
205,Atenas,Alajuela,2023,ln_gasto_noinv_pcapn,38.318286895752,baseICC2023_2024.xlsx,
206,Naranjo,Alajuela,2023,ln_gasto_noinv_pcapn,36.4879150390625,baseICC2023_2024.xlsx,
207,Palmares,Alajuela,2023,ln_gasto_noinv_pcapn,29.4437675476074,baseICC2023_2024.xlsx,
208,Poás,Alajuela,2023,ln_gasto_noinv_pcapn,36.0511665344238,baseICC2023_2024.xlsx,
209,Orotina,Alajuela,2023,ln_gasto_noinv_pcapn,58.2312240600586,baseICC2023_2024.xlsx,
210,San Carlos,Alajuela,2023,ln_gasto_noinv_pcapn,31.3250064849854,baseICC2023_2024.xlsx,
211,Zarcero,Alajuela,2023,ln_gasto_noinv_pcapn,53.8958549499512,baseICC2023_2024.xlsx,
212,Sarchí,Alajuela,2023,ln_gasto_noinv_pcapn,45.6932830810547,baseICC2023_2024.xlsx,
213,Upala,Alajuela,2023,ln_gasto_noinv_pcapn,19.0274124145508,baseICC2023_2024.xlsx,
214,Los Chiles,Alajuela,2023,ln_gasto_noinv_pcapn,5.59134006500244,baseICC2023_2024.xlsx,
215,Guatuso,Alajuela,2023,ln_gasto_noinv_pcapn,0.799287736415863,baseICC2023_2024.xlsx,
301,Cartago,Cartago,2023,ln_gasto_noinv_pcapn,68.3415069580078,baseICC2023_2024.xlsx,
302,Paraíso,Cartago,2023,ln_gasto_noinv_pcapn,46.3979415893555,baseICC2023_2024.xlsx,
303,La Unión,Cartago,2023,ln_gasto_noinv_pcapn,45.4111022949219,baseICC2023_2024.xlsx,
304,Jiménez,Cartago,2023,ln_gasto_noinv_pcapn,27.4933338165283,baseICC2023_2024.xlsx,
305,Turrialba,Cartago,2023,ln_gasto_noinv_pcapn,29.7567195892334,baseICC2023_2024.xlsx,
306,Alvarado,Cartago,2023,ln_gasto_noinv_pcapn,31.3498611450195,baseICC2023_2024.xlsx,
307,Oreamuno,Cartago,2023,ln_gasto_noinv_pcapn,32.2511596679688,baseICC2023_2024.xlsx,
308,El Guarco,Cartago,2023,ln_gasto_noinv_pcapn,40.6610374450684,baseICC2023_2024.xlsx,
401,Heredia,Heredia,2023,ln_gasto_noinv_pcapn,59.290397644043,baseICC2023_2024.xlsx,
402,Barva,Heredia,2023,ln_gasto_noinv_pcapn,30.2659816741943,baseICC2023_2024.xlsx,
403,Santo Domingo,Heredia,2023,ln_gasto_noinv_pcapn,56.4794845581055,baseICC2023_2024.xlsx,
404,Santa Bárbara,Heredia,2023,ln_gasto_noinv_pcapn,35.2140159606934,baseICC2023_2024.xlsx,
405,San Rafael,Heredia,2023,ln_gasto_noinv_pcapn,47.6313858032227,baseICC2023_2024.xlsx,
406,San Isidro,Heredia,2023,ln_gasto_noinv_pcapn,52.7961311340332,baseICC2023_2024.xlsx,
407,Belén,Heredia,2023,ln_gasto_noinv_pcapn,100.0,baseICC2023_2024.xlsx,
408,Flores,Heredia,2023,ln_gasto_noinv_pcapn,60.7623634338379,baseICC2023_2024.xlsx,
409,San Pablo,Heredia,2023,ln_gasto_noinv_pcapn,58.6770896911621,baseICC2023_2024.xlsx,
410,Sarapiquí,Heredia,2023,ln_gasto_noinv_pcapn,6.10707569122314,baseICC2023_2024.xlsx,
501,Liberia,Guanacaste,2023,ln_gasto_noinv_pcapn,50.9270782470703,baseICC2023_2024.xlsx,
502,Nicoya,Guanacaste,2023,ln_gasto_noinv_pcapn,52.6502380371094,baseICC2023_2024.xlsx,
503,Santa Cruz,Guanacaste,2023,ln_gasto_noinv_pcapn,72.5796127319336,baseICC2023_2024.xlsx,
504,Bagaces,Guanacaste,2023,ln_gasto_noinv_pcapn,42.4993705749512,baseICC2023_2024.xlsx,
505,Carrillo,Guanacaste,2023,ln_gasto_noinv_pcapn,57.2964973449707,baseICC2023_2024.xlsx,
506,Cañas,Guanacaste,2023,ln_gasto_noinv_pcapn,46.3928947448731,baseICC2023_2024.xlsx,
507,Abangares,Guanacaste,2023,ln_gasto_noinv_pcapn,62.4948081970215,baseICC2023_2024.xlsx,
508,Tilarán,Guanacaste,2023,ln_gasto_noinv_pcapn,52.2822303771973,baseICC2023_2024.xlsx,
509,Nandayure,Guanacaste,2023,ln_gasto_noinv_pcapn,50.7963829040527,baseICC2023_2024.xlsx,
510,La Cruz,Guanacaste,2023,ln_gasto_noinv_pcapn,46.7369041442871,baseICC2023_2024.xlsx,
511,Hojancha,Guanacaste,2023,ln_gasto_noinv_pcapn,55.919189453125,baseICC2023_2024.xlsx,
601,Puntarenas,Puntarenas,2023,ln_gasto_noinv_pcapn,41.7090568542481,baseICC2023_2024.xlsx,
602,Esparza,Puntarenas,2023,ln_gasto_noinv_pcapn,57.0179710388184,baseICC2023_2024.xlsx,
603,Buenos Aires,Puntarenas,2023,ln_gasto_noinv_pcapn,0.00499999988824129,baseICC2023_2024.xlsx,
604,Montes de Oro,Puntarenas,2023,ln_gasto_noinv_pcapn,53.5704002380371,baseICC2023_2024.xlsx,
605,Osa,Puntarenas,2023,ln_gasto_noinv_pcapn,67.2926864624023,baseICC2023_2024.xlsx,
606,Quepos,Puntarenas,2023,ln_gasto_noinv_pcapn,57.8421363830566,baseICC2023_2024.xlsx,
607,Golfito,Puntarenas,2023,ln_gasto_noinv_pcapn,34.1559906005859,baseICC2023_2024.xlsx,
608,Coto Brus,Puntarenas,2023,ln_gasto_noinv_pcapn,20.8807830810547,baseICC2023_2024.xlsx,
609,Parrita,Puntarenas,2023,ln_gasto_noinv_pcapn,50.0311431884766,baseICC2023_2024.xlsx,
610,Corredores,Puntarenas,2023,ln_gasto_noinv_pcapn,29.1351222991943,baseICC2023_2024.xlsx,
611,Garabito,Puntarenas,2023,ln_gasto_noinv_pcapn,83.4248504638672,baseICC2023_2024.xlsx,
701,Limón,Limón,2023,ln_gasto_noinv_pcapn,48.5031127929688,baseICC2023_2024.xlsx,
702,Pococí,Limón,2023,ln_gasto_noinv_pcapn,24.7087783813477,baseICC2023_2024.xlsx,
703,Siquirres,Limón,2023,ln_gasto_noinv_pcapn,30.1845664978027,baseICC2023_2024.xlsx,
704,Talamanca,Limón,2023,ln_gasto_noinv_pcapn,22.3102531433105,baseICC2023_2024.xlsx,
705,Matina,Limón,2023,ln_gasto_noinv_pcapn,25.9107971191406,baseICC2023_2024.xlsx,
706,Guácimo,Limón,2023,ln_gasto_noinv_pcapn,16.9127426147461,baseICC2023_2024.xlsx,
101,San José,San José,2024,ln_gasto_noinv_pcapn,70.7274932861328,baseICC2023_2024.xlsx,
102,Escazú,San José,2024,ln_gasto_noinv_pcapn,100.0,baseICC2023_2024.xlsx,
103,Desamparados,San José,2024,ln_gasto_noinv_pcapn,17.9743499755859,baseICC2023_2024.xlsx,
104,Puriscal,San José,2024,ln_gasto_noinv_pcapn,35.7008743286133,baseICC2023_2024.xlsx,
105,Tarrazú,San José,2024,ln_gasto_noinv_pcapn,42.7551574707031,baseICC2023_2024.xlsx,
106,Aserrí,San José,2024,ln_gasto_noinv_pcapn,10.4095869064331,baseICC2023_2024.xlsx,
107,Mora,San José,2024,ln_gasto_noinv_pcapn,58.6094093322754,baseICC2023_2024.xlsx,
108,Goicoechea,San José,2024,ln_gasto_noinv_pcapn,37.0712699890137,baseICC2023_2024.xlsx,
109,Santa Ana,San José,2024,ln_gasto_noinv_pcapn,75.0745086669922,baseICC2023_2024.xlsx,
110,Alajuelita,San José,2024,ln_gasto_noinv_pcapn,6.32309547654586e-06,baseICC2023_2024.xlsx,
111,Vázquez de Coronado,San José,2024,ln_gasto_noinv_pcapn,13.7300777435303,baseICC2023_2024.xlsx,
112,Acosta,San José,2024,ln_gasto_noinv_pcapn,13.405611038208,baseICC2023_2024.xlsx,
113,Tibás,San José,2024,ln_gasto_noinv_pcapn,30.3142585754395,baseICC2023_2024.xlsx,
114,Moravia,San José,2024,ln_gasto_noinv_pcapn,40.1261405944824,baseICC2023_2024.xlsx,
115,Montes de Oca,San José,2024,ln_gasto_noinv_pcapn,65.5035552978516,baseICC2023_2024.xlsx,
116,Turrubares,San José,2024,ln_gasto_noinv_pcapn,42.8926124572754,baseICC2023_2024.xlsx,
117,Dota,San José,2024,ln_gasto_noinv_pcapn,52.4726104736328,baseICC2023_2024.xlsx,
118,Curridabat,San José,2024,ln_gasto_noinv_pcapn,61.5321350097656,baseICC2023_2024.xlsx,
119,Pérez Zeledón,San José,2024,ln_gasto_noinv_pcapn,32.0923881530762,baseICC2023_2024.xlsx,
120,León Cortés Castro,San José,2024,ln_gasto_noinv_pcapn,48.2568778991699,baseICC2023_2024.xlsx,
201,Alajuela,Alajuela,2024,ln_gasto_noinv_pcapn,47.6159019470215,baseICC2023_2024.xlsx,
202,San Ramón,Alajuela,2024,ln_gasto_noinv_pcapn,32.2058563232422,baseICC2023_2024.xlsx,
203,Grecia,Alajuela,2024,ln_gasto_noinv_pcapn,38.0360946655273,baseICC2023_2024.xlsx,
204,San Mateo,Alajuela,2024,ln_gasto_noinv_pcapn,64.582649230957,baseICC2023_2024.xlsx,
205,Atenas,Alajuela,2024,ln_gasto_noinv_pcapn,28.0929889678955,baseICC2023_2024.xlsx,
206,Naranjo,Alajuela,2024,ln_gasto_noinv_pcapn,33.0163154602051,baseICC2023_2024.xlsx,
207,Palmares,Alajuela,2024,ln_gasto_noinv_pcapn,20.1195526123047,baseICC2023_2024.xlsx,
208,Poás,Alajuela,2024,ln_gasto_noinv_pcapn,35.2864379882813,baseICC2023_2024.xlsx,
209,Orotina,Alajuela,2024,ln_gasto_noinv_pcapn,65.3502655029297,baseICC2023_2024.xlsx,
210,San Carlos,Alajuela,2024,ln_gasto_noinv_pcapn,32.5491714477539,baseICC2023_2024.xlsx,
211,Zarcero,Alajuela,2024,ln_gasto_noinv_pcapn,50.9076995849609,baseICC2023_2024.xlsx,
212,Sarchí,Alajuela,2024,ln_gasto_noinv_pcapn,46.7503166198731,baseICC2023_2024.xlsx,
213,Upala,Alajuela,2024,ln_gasto_noinv_pcapn,17.6897850036621,baseICC2023_2024.xlsx,
214,Los Chiles,Alajuela,2024,ln_gasto_noinv_pcapn,28.1831150054932,baseICC2023_2024.xlsx,
215,Guatuso,Alajuela,2024,ln_gasto_noinv_pcapn,18.4132995605469,baseICC2023_2024.xlsx,
216,Río Cuarto,Alajuela,2024,ln_gasto_noinv_pcapn,19.8152389526367,baseICC2023_2024.xlsx,
301,Cartago,Cartago,2024,ln_gasto_noinv_pcapn,56.3159217834473,baseICC2023_2024.xlsx,
302,Paraíso,Cartago,2024,ln_gasto_noinv_pcapn,48.939079284668,baseICC2023_2024.xlsx,
303,La Unión,Cartago,2024,ln_gasto_noinv_pcapn,46.7628135681152,baseICC2023_2024.xlsx,
304,Jiménez,Cartago,2024,ln_gasto_noinv_pcapn,36.7727737426758,baseICC2023_2024.xlsx,
305,Turrialba,Cartago,2024,ln_gasto_noinv_pcapn,26.1279735565186,baseICC2023_2024.xlsx,
306,Alvarado,Cartago,2024,ln_gasto_noinv_pcapn,29.3772068023682,baseICC2023_2024.xlsx,
307,Oreamuno,Cartago,2024,ln_gasto_noinv_pcapn,31.616735458374,baseICC2023_2024.xlsx,
308,El Guarco,Cartago,2024,ln_gasto_noinv_pcapn,33.7406616210938,baseICC2023_2024.xlsx,
401,Heredia,Heredia,2024,ln_gasto_noinv_pcapn,56.8628616333008,baseICC2023_2024.xlsx,
402,Barva,Heredia,2024,ln_gasto_noinv_pcapn,24.3194885253906,baseICC2023_2024.xlsx,
403,Santo Domingo,Heredia,2024,ln_gasto_noinv_pcapn,53.3302307128906,baseICC2023_2024.xlsx,
404,Santa Bárbara,Heredia,2024,ln_gasto_noinv_pcapn,39.0953330993652,baseICC2023_2024.xlsx,
405,San Rafael,Heredia,2024,ln_gasto_noinv_pcapn,34.0832786560059,baseICC2023_2024.xlsx,
406,San Isidro,Heredia,2024,ln_gasto_noinv_pcapn,51.6593818664551,baseICC2023_2024.xlsx,
407,Belén,Heredia,2024,ln_gasto_noinv_pcapn,99.6858291625977,baseICC2023_2024.xlsx,
408,Flores,Heredia,2024,ln_gasto_noinv_pcapn,66.1465530395508,baseICC2023_2024.xlsx,
409,San Pablo,Heredia,2024,ln_gasto_noinv_pcapn,54.1381492614746,baseICC2023_2024.xlsx,
410,Sarapiquí,Heredia,2024,ln_gasto_noinv_pcapn,8.46229076385498,baseICC2023_2024.xlsx,
501,Liberia,Guanacaste,2024,ln_gasto_noinv_pcapn,45.879997253418,baseICC2023_2024.xlsx,
502,Nicoya,Guanacaste,2024,ln_gasto_noinv_pcapn,53.8738136291504,baseICC2023_2024.xlsx,
503,Santa Cruz,Guanacaste,2024,ln_gasto_noinv_pcapn,68.1308212280273,baseICC2023_2024.xlsx,
504,Bagaces,Guanacaste,2024,ln_gasto_noinv_pcapn,39.72998046875,baseICC2023_2024.xlsx,
505,Carrillo,Guanacaste,2024,ln_gasto_noinv_pcapn,52.6187133789063,baseICC2023_2024.xlsx,
506,Cañas,Guanacaste,2024,ln_gasto_noinv_pcapn,44.0604820251465,baseICC2023_2024.xlsx,
507,Abangares,Guanacaste,2024,ln_gasto_noinv_pcapn,62.6667137145996,baseICC2023_2024.xlsx,
508,Tilarán,Guanacaste,2024,ln_gasto_noinv_pcapn,44.3620643615723,baseICC2023_2024.xlsx,
509,Nandayure,Guanacaste,2024,ln_gasto_noinv_pcapn,61.2043571472168,baseICC2023_2024.xlsx,
510,La Cruz,Guanacaste,2024,ln_gasto_noinv_pcapn,46.2819557189941,baseICC2023_2024.xlsx,
511,Hojancha,Guanacaste,2024,ln_gasto_noinv_pcapn,76.6401062011719,baseICC2023_2024.xlsx,
601,Puntarenas,Puntarenas,2024,ln_gasto_noinv_pcapn,27.5192623138428,baseICC2023_2024.xlsx,
602,Esparza,Puntarenas,2024,ln_gasto_noinv_pcapn,60.5797424316406,baseICC2023_2024.xlsx,
603,Buenos Aires,Puntarenas,2024,ln_gasto_noinv_pcapn,24.8263664245605,baseICC2023_2024.xlsx,
604,Montes de Oro,Puntarenas,2024,ln_gasto_noinv_pcapn,55.4595527648926,baseICC2023_2024.xlsx,
605,Osa,Puntarenas,2024,ln_gasto_noinv_pcapn,71.5738754272461,baseICC2023_2024.xlsx,
606,Quepos,Puntarenas,2024,ln_gasto_noinv_pcapn,56.5519790649414,baseICC2023_2024.xlsx,
607,Golfito,Puntarenas,2024,ln_gasto_noinv_pcapn,28.9071731567383,baseICC2023_2024.xlsx,
608,Coto Brus,Puntarenas,2024,ln_gasto_noinv_pcapn,38.1257705688477,baseICC2023_2024.xlsx,
609,Parrita,Puntarenas,2024,ln_gasto_noinv_pcapn,44.9465522766113,baseICC2023_2024.xlsx,
610,Corredores,Puntarenas,2024,ln_gasto_noinv_pcapn,6.1311149597168,baseICC2023_2024.xlsx,
611,Garabito,Puntarenas,2024,ln_gasto_noinv_pcapn,73.7049560546875,baseICC2023_2024.xlsx,
701,Limón,Limón,2024,ln_gasto_noinv_pcapn,47.9079399108887,baseICC2023_2024.xlsx,
702,Pococí,Limón,2024,ln_gasto_noinv_pcapn,14.3663835525513,baseICC2023_2024.xlsx,
703,Siquirres,Limón,2024,ln_gasto_noinv_pcapn,36.6897163391113,baseICC2023_2024.xlsx,
704,Talamanca,Limón,2024,ln_gasto_noinv_pcapn,27.0589618682861,baseICC2023_2024.xlsx,
705,Matina,Limón,2024,ln_gasto_noinv_pcapn,36.5919189453125,baseICC2023_2024.xlsx,
706,Guácimo,Limón,2024,ln_gasto_noinv_pcapn,21.0338916778564,baseICC2023_2024.xlsx,
101,San José,San José,2023,ln_exp_cid_pean,76.6115036010742,baseICC2023_2024.xlsx,
102,Escazú,San José,2023,ln_exp_cid_pean,70.0762557983398,baseICC2023_2024.xlsx,
103,Desamparados,San José,2023,ln_exp_cid_pean,41.9069557189941,baseICC2023_2024.xlsx,
104,Puriscal,San José,2023,ln_exp_cid_pean,44.9833488464356,baseICC2023_2024.xlsx,
105,Tarrazú,San José,2023,ln_exp_cid_pean,79.0169677734375,baseICC2023_2024.xlsx,
106,Aserrí,San José,2023,ln_exp_cid_pean,12.7515554428101,baseICC2023_2024.xlsx,
107,Mora,San José,2023,ln_exp_cid_pean,63.5908737182617,baseICC2023_2024.xlsx,
108,Goicoechea,San José,2023,ln_exp_cid_pean,67.0632019042969,baseICC2023_2024.xlsx,
109,Santa Ana,San José,2023,ln_exp_cid_pean,78.9627075195313,baseICC2023_2024.xlsx,
110,Alajuelita,San José,2023,ln_exp_cid_pean,7.32174015045166,baseICC2023_2024.xlsx,
111,Vázquez de Coronado,San José,2023,ln_exp_cid_pean,31.7138938903809,baseICC2023_2024.xlsx,
112,Acosta,San José,2023,ln_exp_cid_pean,72.4761276245117,baseICC2023_2024.xlsx,
113,Tibás,San José,2023,ln_exp_cid_pean,65.9253692626953,baseICC2023_2024.xlsx,
114,Moravia,San José,2023,ln_exp_cid_pean,67.1609039306641,baseICC2023_2024.xlsx,
115,Montes de Oca,San José,2023,ln_exp_cid_pean,61.865592956543,baseICC2023_2024.xlsx,
116,Turrubares,San José,2023,ln_exp_cid_pean,0.00499999988824129,baseICC2023_2024.xlsx,
117,Dota,San José,2023,ln_exp_cid_pean,70.5824890136719,baseICC2023_2024.xlsx,
118,Curridabat,San José,2023,ln_exp_cid_pean,67.5911865234375,baseICC2023_2024.xlsx,
119,Pérez Zeledón,San José,2023,ln_exp_cid_pean,56.0635147094727,baseICC2023_2024.xlsx,
120,León Cortés Castro,San José,2023,ln_exp_cid_pean,13.0276041030884,baseICC2023_2024.xlsx,
201,Alajuela,Alajuela,2023,ln_exp_cid_pean,96.1775436401367,baseICC2023_2024.xlsx,
202,San Ramón,Alajuela,2023,ln_exp_cid_pean,62.663948059082,baseICC2023_2024.xlsx,
203,Grecia,Alajuela,2023,ln_exp_cid_pean,81.3322677612305,baseICC2023_2024.xlsx,
204,San Mateo,Alajuela,2023,ln_exp_cid_pean,37.5564155578613,baseICC2023_2024.xlsx,
205,Atenas,Alajuela,2023,ln_exp_cid_pean,39.6771926879883,baseICC2023_2024.xlsx,
206,Naranjo,Alajuela,2023,ln_exp_cid_pean,60.4341735839844,baseICC2023_2024.xlsx,
207,Palmares,Alajuela,2023,ln_exp_cid_pean,55.7817153930664,baseICC2023_2024.xlsx,
208,Poás,Alajuela,2023,ln_exp_cid_pean,55.2569999694824,baseICC2023_2024.xlsx,
209,Orotina,Alajuela,2023,ln_exp_cid_pean,86.9263534545898,baseICC2023_2024.xlsx,
210,San Carlos,Alajuela,2023,ln_exp_cid_pean,84.0451583862305,baseICC2023_2024.xlsx,
211,Zarcero,Alajuela,2023,ln_exp_cid_pean,39.9769706726074,baseICC2023_2024.xlsx,
212,Sarchí,Alajuela,2023,ln_exp_cid_pean,69.3522720336914,baseICC2023_2024.xlsx,
213,Upala,Alajuela,2023,ln_exp_cid_pean,69.5677490234375,baseICC2023_2024.xlsx,
214,Los Chiles,Alajuela,2023,ln_exp_cid_pean,77.4686431884766,baseICC2023_2024.xlsx,
215,Guatuso,Alajuela,2023,ln_exp_cid_pean,55.9141387939453,baseICC2023_2024.xlsx,
301,Cartago,Cartago,2023,ln_exp_cid_pean,91.683219909668,baseICC2023_2024.xlsx,
302,Paraíso,Cartago,2023,ln_exp_cid_pean,68.3796081542969,baseICC2023_2024.xlsx,
303,La Unión,Cartago,2023,ln_exp_cid_pean,71.0997161865234,baseICC2023_2024.xlsx,
304,Jiménez,Cartago,2023,ln_exp_cid_pean,0.00499999988824129,baseICC2023_2024.xlsx,
305,Turrialba,Cartago,2023,ln_exp_cid_pean,66.573127746582,baseICC2023_2024.xlsx,
306,Alvarado,Cartago,2023,ln_exp_cid_pean,68.5428161621094,baseICC2023_2024.xlsx,
307,Oreamuno,Cartago,2023,ln_exp_cid_pean,63.9769248962402,baseICC2023_2024.xlsx,
308,El Guarco,Cartago,2023,ln_exp_cid_pean,92.4586868286133,baseICC2023_2024.xlsx,
401,Heredia,Heredia,2023,ln_exp_cid_pean,99.1861114501953,baseICC2023_2024.xlsx,
402,Barva,Heredia,2023,ln_exp_cid_pean,68.0326080322266,baseICC2023_2024.xlsx,
403,Santo Domingo,Heredia,2023,ln_exp_cid_pean,84.5620422363281,baseICC2023_2024.xlsx,
404,Santa Bárbara,Heredia,2023,ln_exp_cid_pean,31.9831676483154,baseICC2023_2024.xlsx,
405,San Rafael,Heredia,2023,ln_exp_cid_pean,28.4337100982666,baseICC2023_2024.xlsx,
406,San Isidro,Heredia,2023,ln_exp_cid_pean,38.2111129760742,baseICC2023_2024.xlsx,
407,Belén,Heredia,2023,ln_exp_cid_pean,100.0,baseICC2023_2024.xlsx,
408,Flores,Heredia,2023,ln_exp_cid_pean,69.3291778564453,baseICC2023_2024.xlsx,
409,San Pablo,Heredia,2023,ln_exp_cid_pean,67.8314590454102,baseICC2023_2024.xlsx,
410,Sarapiquí,Heredia,2023,ln_exp_cid_pean,70.6051788330078,baseICC2023_2024.xlsx,
501,Liberia,Guanacaste,2023,ln_exp_cid_pean,92.1508636474609,baseICC2023_2024.xlsx,
502,Nicoya,Guanacaste,2023,ln_exp_cid_pean,41.1522483825684,baseICC2023_2024.xlsx,
503,Santa Cruz,Guanacaste,2023,ln_exp_cid_pean,30.6356315612793,baseICC2023_2024.xlsx,
504,Bagaces,Guanacaste,2023,ln_exp_cid_pean,57.0487213134766,baseICC2023_2024.xlsx,
505,Carrillo,Guanacaste,2023,ln_exp_cid_pean,40.4493827819824,baseICC2023_2024.xlsx,
506,Cañas,Guanacaste,2023,ln_exp_cid_pean,78.8449554443359,baseICC2023_2024.xlsx,
507,Abangares,Guanacaste,2023,ln_exp_cid_pean,86.5037536621094,baseICC2023_2024.xlsx,
508,Tilarán,Guanacaste,2023,ln_exp_cid_pean,29.3474197387695,baseICC2023_2024.xlsx,
509,Nandayure,Guanacaste,2023,ln_exp_cid_pean,73.3263168334961,baseICC2023_2024.xlsx,
510,La Cruz,Guanacaste,2023,ln_exp_cid_pean,77.1272354125977,baseICC2023_2024.xlsx,
511,Hojancha,Guanacaste,2023,ln_exp_cid_pean,25.8061790466309,baseICC2023_2024.xlsx,
601,Puntarenas,Puntarenas,2023,ln_exp_cid_pean,71.5424346923828,baseICC2023_2024.xlsx,
602,Esparza,Puntarenas,2023,ln_exp_cid_pean,60.8794708251953,baseICC2023_2024.xlsx,
603,Buenos Aires,Puntarenas,2023,ln_exp_cid_pean,56.8097457885742,baseICC2023_2024.xlsx,
604,Montes de Oro,Puntarenas,2023,ln_exp_cid_pean,61.7527847290039,baseICC2023_2024.xlsx,
605,Osa,Puntarenas,2023,ln_exp_cid_pean,43.8174095153809,baseICC2023_2024.xlsx,
606,Quepos,Puntarenas,2023,ln_exp_cid_pean,75.0368194580078,baseICC2023_2024.xlsx,
607,Golfito,Puntarenas,2023,ln_exp_cid_pean,26.5033836364746,baseICC2023_2024.xlsx,
608,Coto Brus,Puntarenas,2023,ln_exp_cid_pean,59.7750968933106,baseICC2023_2024.xlsx,
609,Parrita,Puntarenas,2023,ln_exp_cid_pean,72.0591583251953,baseICC2023_2024.xlsx,
610,Corredores,Puntarenas,2023,ln_exp_cid_pean,86.585823059082,baseICC2023_2024.xlsx,
611,Garabito,Puntarenas,2023,ln_exp_cid_pean,53.5934257507324,baseICC2023_2024.xlsx,
701,Limón,Limón,2023,ln_exp_cid_pean,64.3699493408203,baseICC2023_2024.xlsx,
702,Pococí,Limón,2023,ln_exp_cid_pean,84.8135147094727,baseICC2023_2024.xlsx,
703,Siquirres,Limón,2023,ln_exp_cid_pean,81.6979141235352,baseICC2023_2024.xlsx,
704,Talamanca,Limón,2023,ln_exp_cid_pean,48.0150413513184,baseICC2023_2024.xlsx,
705,Matina,Limón,2023,ln_exp_cid_pean,80.8451690673828,baseICC2023_2024.xlsx,
706,Guácimo,Limón,2023,ln_exp_cid_pean,95.4236679077148,baseICC2023_2024.xlsx,
101,San José,San José,2024,ln_exp_cid_pean,74.7649230957031,baseICC2023_2024.xlsx,
102,Escazú,San José,2024,ln_exp_cid_pean,76.4764099121094,baseICC2023_2024.xlsx,
103,Desamparados,San José,2024,ln_exp_cid_pean,43.7665901184082,baseICC2023_2024.xlsx,
104,Puriscal,San José,2024,ln_exp_cid_pean,44.9618225097656,baseICC2023_2024.xlsx,
105,Tarrazú,San José,2024,ln_exp_cid_pean,76.4891204833984,baseICC2023_2024.xlsx,
106,Aserrí,San José,2024,ln_exp_cid_pean,12.8024072647095,baseICC2023_2024.xlsx,
107,Mora,San José,2024,ln_exp_cid_pean,63.7586135864258,baseICC2023_2024.xlsx,
108,Goicoechea,San José,2024,ln_exp_cid_pean,56.4185562133789,baseICC2023_2024.xlsx,
109,Santa Ana,San José,2024,ln_exp_cid_pean,79.5137252807617,baseICC2023_2024.xlsx,
110,Alajuelita,San José,2024,ln_exp_cid_pean,14.4759845733643,baseICC2023_2024.xlsx,
111,Vázquez de Coronado,San José,2024,ln_exp_cid_pean,29.5309982299805,baseICC2023_2024.xlsx,
112,Acosta,San José,2024,ln_exp_cid_pean,68.2651824951172,baseICC2023_2024.xlsx,
113,Tibás,San José,2024,ln_exp_cid_pean,65.6796188354492,baseICC2023_2024.xlsx,
114,Moravia,San José,2024,ln_exp_cid_pean,67.0160675048828,baseICC2023_2024.xlsx,
115,Montes de Oca,San José,2024,ln_exp_cid_pean,60.6005668640137,baseICC2023_2024.xlsx,
116,Turrubares,San José,2024,ln_exp_cid_pean,0.0,baseICC2023_2024.xlsx,
117,Dota,San José,2024,ln_exp_cid_pean,69.3861618041992,baseICC2023_2024.xlsx,
118,Curridabat,San José,2024,ln_exp_cid_pean,67.8507537841797,baseICC2023_2024.xlsx,
119,Pérez Zeledón,San José,2024,ln_exp_cid_pean,55.655689239502,baseICC2023_2024.xlsx,
120,León Cortés Castro,San José,2024,ln_exp_cid_pean,17.3502464294434,baseICC2023_2024.xlsx,
201,Alajuela,Alajuela,2024,ln_exp_cid_pean,96.8047180175781,baseICC2023_2024.xlsx,
202,San Ramón,Alajuela,2024,ln_exp_cid_pean,60.2887077331543,baseICC2023_2024.xlsx,
203,Grecia,Alajuela,2024,ln_exp_cid_pean,79.5101852416992,baseICC2023_2024.xlsx,
204,San Mateo,Alajuela,2024,ln_exp_cid_pean,37.2288780212402,baseICC2023_2024.xlsx,
205,Atenas,Alajuela,2024,ln_exp_cid_pean,38.9284057617188,baseICC2023_2024.xlsx,
206,Naranjo,Alajuela,2024,ln_exp_cid_pean,58.4088134765625,baseICC2023_2024.xlsx,
207,Palmares,Alajuela,2024,ln_exp_cid_pean,61.1060752868652,baseICC2023_2024.xlsx,
208,Poás,Alajuela,2024,ln_exp_cid_pean,54.5725517272949,baseICC2023_2024.xlsx,
209,Orotina,Alajuela,2024,ln_exp_cid_pean,87.1241073608398,baseICC2023_2024.xlsx,
210,San Carlos,Alajuela,2024,ln_exp_cid_pean,84.8431625366211,baseICC2023_2024.xlsx,
211,Zarcero,Alajuela,2024,ln_exp_cid_pean,52.5813446044922,baseICC2023_2024.xlsx,
212,Sarchí,Alajuela,2024,ln_exp_cid_pean,70.5207214355469,baseICC2023_2024.xlsx,
213,Upala,Alajuela,2024,ln_exp_cid_pean,70.8697509765625,baseICC2023_2024.xlsx,
214,Los Chiles,Alajuela,2024,ln_exp_cid_pean,79.2900238037109,baseICC2023_2024.xlsx,
215,Guatuso,Alajuela,2024,ln_exp_cid_pean,60.1503486633301,baseICC2023_2024.xlsx,
216,Río Cuarto,Alajuela,2024,ln_exp_cid_pean,91.7084655761719,baseICC2023_2024.xlsx,
301,Cartago,Cartago,2024,ln_exp_cid_pean,93.8111877441406,baseICC2023_2024.xlsx,
302,Paraíso,Cartago,2024,ln_exp_cid_pean,69.5914077758789,baseICC2023_2024.xlsx,
303,La Unión,Cartago,2024,ln_exp_cid_pean,72.8073043823242,baseICC2023_2024.xlsx,
304,Jiménez,Cartago,2024,ln_exp_cid_pean,0.0,baseICC2023_2024.xlsx,
305,Turrialba,Cartago,2024,ln_exp_cid_pean,69.12744140625,baseICC2023_2024.xlsx,
306,Alvarado,Cartago,2024,ln_exp_cid_pean,67.4221878051758,baseICC2023_2024.xlsx,
307,Oreamuno,Cartago,2024,ln_exp_cid_pean,63.4656372070313,baseICC2023_2024.xlsx,
308,El Guarco,Cartago,2024,ln_exp_cid_pean,82.5190811157227,baseICC2023_2024.xlsx,
401,Heredia,Heredia,2024,ln_exp_cid_pean,100.0,baseICC2023_2024.xlsx,
402,Barva,Heredia,2024,ln_exp_cid_pean,69.8365325927734,baseICC2023_2024.xlsx,
403,Santo Domingo,Heredia,2024,ln_exp_cid_pean,84.5503845214844,baseICC2023_2024.xlsx,
404,Santa Bárbara,Heredia,2024,ln_exp_cid_pean,42.8328247070313,baseICC2023_2024.xlsx,
405,San Rafael,Heredia,2024,ln_exp_cid_pean,12.3212251663208,baseICC2023_2024.xlsx,
406,San Isidro,Heredia,2024,ln_exp_cid_pean,37.4657135009766,baseICC2023_2024.xlsx,
407,Belén,Heredia,2024,ln_exp_cid_pean,99.683723449707,baseICC2023_2024.xlsx,
408,Flores,Heredia,2024,ln_exp_cid_pean,70.5458984375,baseICC2023_2024.xlsx,
409,San Pablo,Heredia,2024,ln_exp_cid_pean,67.835090637207,baseICC2023_2024.xlsx,
410,Sarapiquí,Heredia,2024,ln_exp_cid_pean,71.4714126586914,baseICC2023_2024.xlsx,
501,Liberia,Guanacaste,2024,ln_exp_cid_pean,92.8124160766602,baseICC2023_2024.xlsx,
502,Nicoya,Guanacaste,2024,ln_exp_cid_pean,36.6523704528809,baseICC2023_2024.xlsx,
503,Santa Cruz,Guanacaste,2024,ln_exp_cid_pean,24.283842086792,baseICC2023_2024.xlsx,
504,Bagaces,Guanacaste,2024,ln_exp_cid_pean,56.0391120910645,baseICC2023_2024.xlsx,
505,Carrillo,Guanacaste,2024,ln_exp_cid_pean,62.8413505554199,baseICC2023_2024.xlsx,
506,Cañas,Guanacaste,2024,ln_exp_cid_pean,75.6714019775391,baseICC2023_2024.xlsx,
507,Abangares,Guanacaste,2024,ln_exp_cid_pean,86.6757583618164,baseICC2023_2024.xlsx,
508,Tilarán,Guanacaste,2024,ln_exp_cid_pean,30.350414276123,baseICC2023_2024.xlsx,
509,Nandayure,Guanacaste,2024,ln_exp_cid_pean,77.3427276611328,baseICC2023_2024.xlsx,
510,La Cruz,Guanacaste,2024,ln_exp_cid_pean,73.7263641357422,baseICC2023_2024.xlsx,
511,Hojancha,Guanacaste,2024,ln_exp_cid_pean,1.27553701400757,baseICC2023_2024.xlsx,
601,Puntarenas,Puntarenas,2024,ln_exp_cid_pean,70.9133987426758,baseICC2023_2024.xlsx,
602,Esparza,Puntarenas,2024,ln_exp_cid_pean,60.7282829284668,baseICC2023_2024.xlsx,
603,Buenos Aires,Puntarenas,2024,ln_exp_cid_pean,56.1801071166992,baseICC2023_2024.xlsx,
604,Montes de Oro,Puntarenas,2024,ln_exp_cid_pean,57.253231048584,baseICC2023_2024.xlsx,
605,Osa,Puntarenas,2024,ln_exp_cid_pean,45.0998649597168,baseICC2023_2024.xlsx,
606,Quepos,Puntarenas,2024,ln_exp_cid_pean,58.3952674865723,baseICC2023_2024.xlsx,
607,Golfito,Puntarenas,2024,ln_exp_cid_pean,10.9993543624878,baseICC2023_2024.xlsx,
608,Coto Brus,Puntarenas,2024,ln_exp_cid_pean,59.1741485595703,baseICC2023_2024.xlsx,
609,Parrita,Puntarenas,2024,ln_exp_cid_pean,74.0436401367188,baseICC2023_2024.xlsx,
610,Corredores,Puntarenas,2024,ln_exp_cid_pean,85.2463302612305,baseICC2023_2024.xlsx,
611,Garabito,Puntarenas,2024,ln_exp_cid_pean,60.0659599304199,baseICC2023_2024.xlsx,
701,Limón,Limón,2024,ln_exp_cid_pean,65.4321823120117,baseICC2023_2024.xlsx,
702,Pococí,Limón,2024,ln_exp_cid_pean,84.7525177001953,baseICC2023_2024.xlsx,
703,Siquirres,Limón,2024,ln_exp_cid_pean,81.6507720947266,baseICC2023_2024.xlsx,
704,Talamanca,Limón,2024,ln_exp_cid_pean,50.1223564147949,baseICC2023_2024.xlsx,
705,Matina,Limón,2024,ln_exp_cid_pean,80.9578399658203,baseICC2023_2024.xlsx,
706,Guácimo,Limón,2024,ln_exp_cid_pean,94.6023025512695,baseICC2023_2024.xlsx,
101,San José,San José,2023,ln_ingtot_pcapn,73.3366470336914,baseICC2023_2024.xlsx,
102,Escazú,San José,2023,ln_ingtot_pcapn,100.000015258789,baseICC2023_2024.xlsx,
103,Desamparados,San José,2023,ln_ingtot_pcapn,21.9939041137695,baseICC2023_2024.xlsx,
104,Puriscal,San José,2023,ln_ingtot_pcapn,35.0287971496582,baseICC2023_2024.xlsx,
105,Tarrazú,San José,2023,ln_ingtot_pcapn,62.3355102539063,baseICC2023_2024.xlsx,
106,Aserrí,San José,2023,ln_ingtot_pcapn,26.6693019866943,baseICC2023_2024.xlsx,
107,Mora,San José,2023,ln_ingtot_pcapn,59.6111946105957,baseICC2023_2024.xlsx,
108,Goicoechea,San José,2023,ln_ingtot_pcapn,32.8899459838867,baseICC2023_2024.xlsx,
109,Santa Ana,San José,2023,ln_ingtot_pcapn,74.8680572509766,baseICC2023_2024.xlsx,
110,Alajuelita,San José,2023,ln_ingtot_pcapn,0.00499999988824129,baseICC2023_2024.xlsx,
111,Vázquez de Coronado,San José,2023,ln_ingtot_pcapn,33.7601890563965,baseICC2023_2024.xlsx,
112,Acosta,San José,2023,ln_ingtot_pcapn,58.0300636291504,baseICC2023_2024.xlsx,
113,Tibás,San José,2023,ln_ingtot_pcapn,46.0776901245117,baseICC2023_2024.xlsx,
114,Moravia,San José,2023,ln_ingtot_pcapn,42.7680740356445,baseICC2023_2024.xlsx,
115,Montes de Oca,San José,2023,ln_ingtot_pcapn,60.7042007446289,baseICC2023_2024.xlsx,
116,Turrubares,San José,2023,ln_ingtot_pcapn,73.9540405273438,baseICC2023_2024.xlsx,
117,Dota,San José,2023,ln_ingtot_pcapn,67.5649185180664,baseICC2023_2024.xlsx,
118,Curridabat,San José,2023,ln_ingtot_pcapn,63.2581100463867,baseICC2023_2024.xlsx,
119,Pérez Zeledón,San José,2023,ln_ingtot_pcapn,37.319751739502,baseICC2023_2024.xlsx,
120,León Cortés Castro,San José,2023,ln_ingtot_pcapn,57.2898559570313,baseICC2023_2024.xlsx,
201,Alajuela,Alajuela,2023,ln_ingtot_pcapn,72.5859451293945,baseICC2023_2024.xlsx,
202,San Ramón,Alajuela,2023,ln_ingtot_pcapn,43.3619041442871,baseICC2023_2024.xlsx,
203,Grecia,Alajuela,2023,ln_ingtot_pcapn,50.6785507202148,baseICC2023_2024.xlsx,
204,San Mateo,Alajuela,2023,ln_ingtot_pcapn,77.6337356567383,baseICC2023_2024.xlsx,
205,Atenas,Alajuela,2023,ln_ingtot_pcapn,31.1713600158691,baseICC2023_2024.xlsx,
206,Naranjo,Alajuela,2023,ln_ingtot_pcapn,36.7964591979981,baseICC2023_2024.xlsx,
207,Palmares,Alajuela,2023,ln_ingtot_pcapn,43.9734878540039,baseICC2023_2024.xlsx,
208,Poás,Alajuela,2023,ln_ingtot_pcapn,39.5125274658203,baseICC2023_2024.xlsx,
209,Orotina,Alajuela,2023,ln_ingtot_pcapn,75.6021957397461,baseICC2023_2024.xlsx,
210,San Carlos,Alajuela,2023,ln_ingtot_pcapn,38.4556274414063,baseICC2023_2024.xlsx,
211,Zarcero,Alajuela,2023,ln_ingtot_pcapn,62.5969047546387,baseICC2023_2024.xlsx,
212,Sarchí,Alajuela,2023,ln_ingtot_pcapn,51.8910636901856,baseICC2023_2024.xlsx,
213,Upala,Alajuela,2023,ln_ingtot_pcapn,34.3659210205078,baseICC2023_2024.xlsx,
214,Los Chiles,Alajuela,2023,ln_ingtot_pcapn,28.0269031524658,baseICC2023_2024.xlsx,
215,Guatuso,Alajuela,2023,ln_ingtot_pcapn,39.7606544494629,baseICC2023_2024.xlsx,
301,Cartago,Cartago,2023,ln_ingtot_pcapn,62.6299934387207,baseICC2023_2024.xlsx,
302,Paraíso,Cartago,2023,ln_ingtot_pcapn,41.9463958740234,baseICC2023_2024.xlsx,
303,La Unión,Cartago,2023,ln_ingtot_pcapn,50.0167388916016,baseICC2023_2024.xlsx,
304,Jiménez,Cartago,2023,ln_ingtot_pcapn,54.9659194946289,baseICC2023_2024.xlsx,
305,Turrialba,Cartago,2023,ln_ingtot_pcapn,40.7678947448731,baseICC2023_2024.xlsx,
306,Alvarado,Cartago,2023,ln_ingtot_pcapn,47.2355728149414,baseICC2023_2024.xlsx,
307,Oreamuno,Cartago,2023,ln_ingtot_pcapn,39.047233581543,baseICC2023_2024.xlsx,
308,El Guarco,Cartago,2023,ln_ingtot_pcapn,39.2753448486328,baseICC2023_2024.xlsx,
401,Heredia,Heredia,2023,ln_ingtot_pcapn,54.1836242675781,baseICC2023_2024.xlsx,
402,Barva,Heredia,2023,ln_ingtot_pcapn,46.4614944458008,baseICC2023_2024.xlsx,
403,Santo Domingo,Heredia,2023,ln_ingtot_pcapn,49.9228630065918,baseICC2023_2024.xlsx,
404,Santa Bárbara,Heredia,2023,ln_ingtot_pcapn,60.4940185546875,baseICC2023_2024.xlsx,
405,San Rafael,Heredia,2023,ln_ingtot_pcapn,47.9679374694824,baseICC2023_2024.xlsx,
406,San Isidro,Heredia,2023,ln_ingtot_pcapn,47.8875770568848,baseICC2023_2024.xlsx,
407,Belén,Heredia,2023,ln_ingtot_pcapn,98.1090621948242,baseICC2023_2024.xlsx,
408,Flores,Heredia,2023,ln_ingtot_pcapn,64.0968170166016,baseICC2023_2024.xlsx,
409,San Pablo,Heredia,2023,ln_ingtot_pcapn,55.6881828308106,baseICC2023_2024.xlsx,
410,Sarapiquí,Heredia,2023,ln_ingtot_pcapn,31.7897911071777,baseICC2023_2024.xlsx,
501,Liberia,Guanacaste,2023,ln_ingtot_pcapn,47.5204238891602,baseICC2023_2024.xlsx,
502,Nicoya,Guanacaste,2023,ln_ingtot_pcapn,55.6999931335449,baseICC2023_2024.xlsx,
503,Santa Cruz,Guanacaste,2023,ln_ingtot_pcapn,74.39599609375,baseICC2023_2024.xlsx,
504,Bagaces,Guanacaste,2023,ln_ingtot_pcapn,58.9479866027832,baseICC2023_2024.xlsx,
505,Carrillo,Guanacaste,2023,ln_ingtot_pcapn,78.0776824951172,baseICC2023_2024.xlsx,
506,Cañas,Guanacaste,2023,ln_ingtot_pcapn,46.1710739135742,baseICC2023_2024.xlsx,
507,Abangares,Guanacaste,2023,ln_ingtot_pcapn,64.1535797119141,baseICC2023_2024.xlsx,
508,Tilarán,Guanacaste,2023,ln_ingtot_pcapn,68.5688247680664,baseICC2023_2024.xlsx,
509,Nandayure,Guanacaste,2023,ln_ingtot_pcapn,61.047233581543,baseICC2023_2024.xlsx,
510,La Cruz,Guanacaste,2023,ln_ingtot_pcapn,60.7809829711914,baseICC2023_2024.xlsx,
511,Hojancha,Guanacaste,2023,ln_ingtot_pcapn,80.5349426269531,baseICC2023_2024.xlsx,
601,Puntarenas,Puntarenas,2023,ln_ingtot_pcapn,59.4876937866211,baseICC2023_2024.xlsx,
602,Esparza,Puntarenas,2023,ln_ingtot_pcapn,62.7828903198242,baseICC2023_2024.xlsx,
603,Buenos Aires,Puntarenas,2023,ln_ingtot_pcapn,40.9196243286133,baseICC2023_2024.xlsx,
604,Montes de Oro,Puntarenas,2023,ln_ingtot_pcapn,61.4236297607422,baseICC2023_2024.xlsx,
605,Osa,Puntarenas,2023,ln_ingtot_pcapn,75.7758255004883,baseICC2023_2024.xlsx,
606,Quepos,Puntarenas,2023,ln_ingtot_pcapn,65.9745941162109,baseICC2023_2024.xlsx,
607,Golfito,Puntarenas,2023,ln_ingtot_pcapn,42.158203125,baseICC2023_2024.xlsx,
608,Coto Brus,Puntarenas,2023,ln_ingtot_pcapn,41.5092430114746,baseICC2023_2024.xlsx,
609,Parrita,Puntarenas,2023,ln_ingtot_pcapn,63.0096664428711,baseICC2023_2024.xlsx,
610,Corredores,Puntarenas,2023,ln_ingtot_pcapn,41.4256172180176,baseICC2023_2024.xlsx,
611,Garabito,Puntarenas,2023,ln_ingtot_pcapn,98.5288467407227,baseICC2023_2024.xlsx,
701,Limón,Limón,2023,ln_ingtot_pcapn,46.0089569091797,baseICC2023_2024.xlsx,
702,Pococí,Limón,2023,ln_ingtot_pcapn,38.0102920532227,baseICC2023_2024.xlsx,
703,Siquirres,Limón,2023,ln_ingtot_pcapn,40.4634208679199,baseICC2023_2024.xlsx,
704,Talamanca,Limón,2023,ln_ingtot_pcapn,50.3141059875488,baseICC2023_2024.xlsx,
705,Matina,Limón,2023,ln_ingtot_pcapn,60.4461441040039,baseICC2023_2024.xlsx,
706,Guácimo,Limón,2023,ln_ingtot_pcapn,45.6383857727051,baseICC2023_2024.xlsx,
101,San José,San José,2024,ln_ingtot_pcapn,71.2601699829102,baseICC2023_2024.xlsx,
102,Escazú,San José,2024,ln_ingtot_pcapn,100.000015258789,baseICC2023_2024.xlsx,
103,Desamparados,San José,2024,ln_ingtot_pcapn,14.5329551696777,baseICC2023_2024.xlsx,
104,Puriscal,San José,2024,ln_ingtot_pcapn,43.3592224121094,baseICC2023_2024.xlsx,
105,Tarrazú,San José,2024,ln_ingtot_pcapn,56.0696067810059,baseICC2023_2024.xlsx,
106,Aserrí,San José,2024,ln_ingtot_pcapn,23.5200061798096,baseICC2023_2024.xlsx,
107,Mora,San José,2024,ln_ingtot_pcapn,56.8012313842773,baseICC2023_2024.xlsx,
108,Goicoechea,San José,2024,ln_ingtot_pcapn,44.4285850524902,baseICC2023_2024.xlsx,
109,Santa Ana,San José,2024,ln_ingtot_pcapn,71.3377685546875,baseICC2023_2024.xlsx,
110,Alajuelita,San José,2024,ln_ingtot_pcapn,0.0,baseICC2023_2024.xlsx,
111,Vázquez de Coronado,San José,2024,ln_ingtot_pcapn,30.6969375610352,baseICC2023_2024.xlsx,
112,Acosta,San José,2024,ln_ingtot_pcapn,54.8462867736816,baseICC2023_2024.xlsx,
113,Tibás,San José,2024,ln_ingtot_pcapn,32.2180328369141,baseICC2023_2024.xlsx,
114,Moravia,San José,2024,ln_ingtot_pcapn,36.9921798706055,baseICC2023_2024.xlsx,
115,Montes de Oca,San José,2024,ln_ingtot_pcapn,57.5606002807617,baseICC2023_2024.xlsx,
116,Turrubares,San José,2024,ln_ingtot_pcapn,73.9829788208008,baseICC2023_2024.xlsx,
117,Dota,San José,2024,ln_ingtot_pcapn,70.2426528930664,baseICC2023_2024.xlsx,
118,Curridabat,San José,2024,ln_ingtot_pcapn,60.3591995239258,baseICC2023_2024.xlsx,
119,Pérez Zeledón,San José,2024,ln_ingtot_pcapn,34.2976760864258,baseICC2023_2024.xlsx,
120,León Cortés Castro,San José,2024,ln_ingtot_pcapn,57.0629463195801,baseICC2023_2024.xlsx,
201,Alajuela,Alajuela,2024,ln_ingtot_pcapn,71.7928619384766,baseICC2023_2024.xlsx,
202,San Ramón,Alajuela,2024,ln_ingtot_pcapn,34.3620719909668,baseICC2023_2024.xlsx,
203,Grecia,Alajuela,2024,ln_ingtot_pcapn,35.406795501709,baseICC2023_2024.xlsx,
204,San Mateo,Alajuela,2024,ln_ingtot_pcapn,73.1331253051758,baseICC2023_2024.xlsx,
205,Atenas,Alajuela,2024,ln_ingtot_pcapn,27.3142700195313,baseICC2023_2024.xlsx,
206,Naranjo,Alajuela,2024,ln_ingtot_pcapn,33.4416122436523,baseICC2023_2024.xlsx,
207,Palmares,Alajuela,2024,ln_ingtot_pcapn,38.5859642028809,baseICC2023_2024.xlsx,
208,Poás,Alajuela,2024,ln_ingtot_pcapn,34.9622383117676,baseICC2023_2024.xlsx,
209,Orotina,Alajuela,2024,ln_ingtot_pcapn,73.2542953491211,baseICC2023_2024.xlsx,
210,San Carlos,Alajuela,2024,ln_ingtot_pcapn,34.7134170532227,baseICC2023_2024.xlsx,
211,Zarcero,Alajuela,2024,ln_ingtot_pcapn,56.7194442749023,baseICC2023_2024.xlsx,
212,Sarchí,Alajuela,2024,ln_ingtot_pcapn,52.8139305114746,baseICC2023_2024.xlsx,
213,Upala,Alajuela,2024,ln_ingtot_pcapn,28.1802291870117,baseICC2023_2024.xlsx,
214,Los Chiles,Alajuela,2024,ln_ingtot_pcapn,19.5844097137451,baseICC2023_2024.xlsx,
215,Guatuso,Alajuela,2024,ln_ingtot_pcapn,38.2426643371582,baseICC2023_2024.xlsx,
216,Río Cuarto,Alajuela,2024,ln_ingtot_pcapn,41.985221862793,baseICC2023_2024.xlsx,
301,Cartago,Cartago,2024,ln_ingtot_pcapn,57.1856269836426,baseICC2023_2024.xlsx,
302,Paraíso,Cartago,2024,ln_ingtot_pcapn,43.6687736511231,baseICC2023_2024.xlsx,
303,La Unión,Cartago,2024,ln_ingtot_pcapn,48.1393013000488,baseICC2023_2024.xlsx,
304,Jiménez,Cartago,2024,ln_ingtot_pcapn,52.8121337890625,baseICC2023_2024.xlsx,
305,Turrialba,Cartago,2024,ln_ingtot_pcapn,34.6999664306641,baseICC2023_2024.xlsx,
306,Alvarado,Cartago,2024,ln_ingtot_pcapn,46.5905876159668,baseICC2023_2024.xlsx,
307,Oreamuno,Cartago,2024,ln_ingtot_pcapn,34.4156341552734,baseICC2023_2024.xlsx,
308,El Guarco,Cartago,2024,ln_ingtot_pcapn,37.0778007507324,baseICC2023_2024.xlsx,
401,Heredia,Heredia,2024,ln_ingtot_pcapn,52.9991607666016,baseICC2023_2024.xlsx,
402,Barva,Heredia,2024,ln_ingtot_pcapn,43.8616065979004,baseICC2023_2024.xlsx,
403,Santo Domingo,Heredia,2024,ln_ingtot_pcapn,51.8826789855957,baseICC2023_2024.xlsx,
404,Santa Bárbara,Heredia,2024,ln_ingtot_pcapn,60.10302734375,baseICC2023_2024.xlsx,
405,San Rafael,Heredia,2024,ln_ingtot_pcapn,40.5206718444824,baseICC2023_2024.xlsx,
406,San Isidro,Heredia,2024,ln_ingtot_pcapn,46.6927719116211,baseICC2023_2024.xlsx,
407,Belén,Heredia,2024,ln_ingtot_pcapn,98.9138412475586,baseICC2023_2024.xlsx,
408,Flores,Heredia,2024,ln_ingtot_pcapn,64.9640960693359,baseICC2023_2024.xlsx,
409,San Pablo,Heredia,2024,ln_ingtot_pcapn,52.3013763427734,baseICC2023_2024.xlsx,
410,Sarapiquí,Heredia,2024,ln_ingtot_pcapn,25.9410820007324,baseICC2023_2024.xlsx,
501,Liberia,Guanacaste,2024,ln_ingtot_pcapn,42.4847679138184,baseICC2023_2024.xlsx,
502,Nicoya,Guanacaste,2024,ln_ingtot_pcapn,48.7585945129395,baseICC2023_2024.xlsx,
503,Santa Cruz,Guanacaste,2024,ln_ingtot_pcapn,67.5869903564453,baseICC2023_2024.xlsx,
504,Bagaces,Guanacaste,2024,ln_ingtot_pcapn,57.4610214233398,baseICC2023_2024.xlsx,
505,Carrillo,Guanacaste,2024,ln_ingtot_pcapn,77.918701171875,baseICC2023_2024.xlsx,
506,Cañas,Guanacaste,2024,ln_ingtot_pcapn,43.3599014282227,baseICC2023_2024.xlsx,
507,Abangares,Guanacaste,2024,ln_ingtot_pcapn,66.4150085449219,baseICC2023_2024.xlsx,
508,Tilarán,Guanacaste,2024,ln_ingtot_pcapn,56.8090324401856,baseICC2023_2024.xlsx,
509,Nandayure,Guanacaste,2024,ln_ingtot_pcapn,91.2727813720703,baseICC2023_2024.xlsx,
510,La Cruz,Guanacaste,2024,ln_ingtot_pcapn,57.6610260009766,baseICC2023_2024.xlsx,
511,Hojancha,Guanacaste,2024,ln_ingtot_pcapn,82.181884765625,baseICC2023_2024.xlsx,
601,Puntarenas,Puntarenas,2024,ln_ingtot_pcapn,57.1852684020996,baseICC2023_2024.xlsx,
602,Esparza,Puntarenas,2024,ln_ingtot_pcapn,62.2360305786133,baseICC2023_2024.xlsx,
603,Buenos Aires,Puntarenas,2024,ln_ingtot_pcapn,40.4311714172363,baseICC2023_2024.xlsx,
604,Montes de Oro,Puntarenas,2024,ln_ingtot_pcapn,42.9751205444336,baseICC2023_2024.xlsx,
605,Osa,Puntarenas,2024,ln_ingtot_pcapn,74.6536026000977,baseICC2023_2024.xlsx,
606,Quepos,Puntarenas,2024,ln_ingtot_pcapn,59.8962707519531,baseICC2023_2024.xlsx,
607,Golfito,Puntarenas,2024,ln_ingtot_pcapn,39.7937202453613,baseICC2023_2024.xlsx,
608,Coto Brus,Puntarenas,2024,ln_ingtot_pcapn,37.9040946960449,baseICC2023_2024.xlsx,
609,Parrita,Puntarenas,2024,ln_ingtot_pcapn,58.7521324157715,baseICC2023_2024.xlsx,
610,Corredores,Puntarenas,2024,ln_ingtot_pcapn,38.2781219482422,baseICC2023_2024.xlsx,
611,Garabito,Puntarenas,2024,ln_ingtot_pcapn,93.3518447875977,baseICC2023_2024.xlsx,
701,Limón,Limón,2024,ln_ingtot_pcapn,42.9761848449707,baseICC2023_2024.xlsx,
702,Pococí,Limón,2024,ln_ingtot_pcapn,35.8513069152832,baseICC2023_2024.xlsx,
703,Siquirres,Limón,2024,ln_ingtot_pcapn,45.6891746520996,baseICC2023_2024.xlsx,
704,Talamanca,Limón,2024,ln_ingtot_pcapn,37.5998497009277,baseICC2023_2024.xlsx,
705,Matina,Limón,2024,ln_ingtot_pcapn,45.9769897460938,baseICC2023_2024.xlsx,
706,Guácimo,Limón,2024,ln_ingtot_pcapn,40.958869934082,baseICC2023_2024.xlsx,
101,San José,San José,2023,ln_gto_noadm_pcapn,65.0932159423828,baseICC2023_2024.xlsx,
102,Escazú,San José,2023,ln_gto_noadm_pcapn,99.9999923706055,baseICC2023_2024.xlsx,
103,Desamparados,San José,2023,ln_gto_noadm_pcapn,2.93712067604065,baseICC2023_2024.xlsx,
104,Puriscal,San José,2023,ln_gto_noadm_pcapn,37.2287673950195,baseICC2023_2024.xlsx,
105,Tarrazú,San José,2023,ln_gto_noadm_pcapn,71.5594100952148,baseICC2023_2024.xlsx,
106,Aserrí,San José,2023,ln_gto_noadm_pcapn,11.6963424682617,baseICC2023_2024.xlsx,
107,Mora,San José,2023,ln_gto_noadm_pcapn,54.6078491210938,baseICC2023_2024.xlsx,
108,Goicoechea,San José,2023,ln_gto_noadm_pcapn,30.2163867950439,baseICC2023_2024.xlsx,
109,Santa Ana,San José,2023,ln_gto_noadm_pcapn,72.8372573852539,baseICC2023_2024.xlsx,
110,Alajuelita,San José,2023,ln_gto_noadm_pcapn,1.82283692993224e-05,baseICC2023_2024.xlsx,
111,Vázquez de Coronado,San José,2023,ln_gto_noadm_pcapn,8.19265079498291,baseICC2023_2024.xlsx,
112,Acosta,San José,2023,ln_gto_noadm_pcapn,54.0520172119141,baseICC2023_2024.xlsx,
113,Tibás,San José,2023,ln_gto_noadm_pcapn,23.36061668396,baseICC2023_2024.xlsx,
114,Moravia,San José,2023,ln_gto_noadm_pcapn,30.2679862976074,baseICC2023_2024.xlsx,
115,Montes de Oca,San José,2023,ln_gto_noadm_pcapn,60.5972595214844,baseICC2023_2024.xlsx,
116,Turrubares,San José,2023,ln_gto_noadm_pcapn,99.0153579711914,baseICC2023_2024.xlsx,
117,Dota,San José,2023,ln_gto_noadm_pcapn,89.7942428588867,baseICC2023_2024.xlsx,
118,Curridabat,San José,2023,ln_gto_noadm_pcapn,54.1005249023438,baseICC2023_2024.xlsx,
119,Pérez Zeledón,San José,2023,ln_gto_noadm_pcapn,31.5953903198242,baseICC2023_2024.xlsx,
120,León Cortés Castro,San José,2023,ln_gto_noadm_pcapn,60.6008338928223,baseICC2023_2024.xlsx,
201,Alajuela,Alajuela,2023,ln_gto_noadm_pcapn,37.0814819335938,baseICC2023_2024.xlsx,
202,San Ramón,Alajuela,2023,ln_gto_noadm_pcapn,46.304874420166,baseICC2023_2024.xlsx,
203,Grecia,Alajuela,2023,ln_gto_noadm_pcapn,42.7429733276367,baseICC2023_2024.xlsx,
204,San Mateo,Alajuela,2023,ln_gto_noadm_pcapn,78.8599700927734,baseICC2023_2024.xlsx,
205,Atenas,Alajuela,2023,ln_gto_noadm_pcapn,26.6915416717529,baseICC2023_2024.xlsx,
206,Naranjo,Alajuela,2023,ln_gto_noadm_pcapn,30.6183910369873,baseICC2023_2024.xlsx,
207,Palmares,Alajuela,2023,ln_gto_noadm_pcapn,15.6073246002197,baseICC2023_2024.xlsx,
208,Poás,Alajuela,2023,ln_gto_noadm_pcapn,29.3781585693359,baseICC2023_2024.xlsx,
209,Orotina,Alajuela,2023,ln_gto_noadm_pcapn,74.1258544921875,baseICC2023_2024.xlsx,
210,San Carlos,Alajuela,2023,ln_gto_noadm_pcapn,27.6953220367432,baseICC2023_2024.xlsx,
211,Zarcero,Alajuela,2023,ln_gto_noadm_pcapn,56.4159927368164,baseICC2023_2024.xlsx,
212,Sarchí,Alajuela,2023,ln_gto_noadm_pcapn,39.9728126525879,baseICC2023_2024.xlsx,
213,Upala,Alajuela,2023,ln_gto_noadm_pcapn,36.9540710449219,baseICC2023_2024.xlsx,
214,Los Chiles,Alajuela,2023,ln_gto_noadm_pcapn,27.3990859985352,baseICC2023_2024.xlsx,
215,Guatuso,Alajuela,2023,ln_gto_noadm_pcapn,46.1679382324219,baseICC2023_2024.xlsx,
301,Cartago,Cartago,2023,ln_gto_noadm_pcapn,57.2188491821289,baseICC2023_2024.xlsx,
302,Paraíso,Cartago,2023,ln_gto_noadm_pcapn,39.3816795349121,baseICC2023_2024.xlsx,
303,La Unión,Cartago,2023,ln_gto_noadm_pcapn,33.0061836242676,baseICC2023_2024.xlsx,
304,Jiménez,Cartago,2023,ln_gto_noadm_pcapn,63.4543762207031,baseICC2023_2024.xlsx,
305,Turrialba,Cartago,2023,ln_gto_noadm_pcapn,32.5703964233398,baseICC2023_2024.xlsx,
306,Alvarado,Cartago,2023,ln_gto_noadm_pcapn,35.4231491088867,baseICC2023_2024.xlsx,
307,Oreamuno,Cartago,2023,ln_gto_noadm_pcapn,39.127571105957,baseICC2023_2024.xlsx,
308,El Guarco,Cartago,2023,ln_gto_noadm_pcapn,28.7405319213867,baseICC2023_2024.xlsx,
401,Heredia,Heredia,2023,ln_gto_noadm_pcapn,43.7197227478027,baseICC2023_2024.xlsx,
402,Barva,Heredia,2023,ln_gto_noadm_pcapn,29.0687198638916,baseICC2023_2024.xlsx,
403,Santo Domingo,Heredia,2023,ln_gto_noadm_pcapn,40.9316673278809,baseICC2023_2024.xlsx,
404,Santa Bárbara,Heredia,2023,ln_gto_noadm_pcapn,22.0844039916992,baseICC2023_2024.xlsx,
405,San Rafael,Heredia,2023,ln_gto_noadm_pcapn,34.8632965087891,baseICC2023_2024.xlsx,
406,San Isidro,Heredia,2023,ln_gto_noadm_pcapn,46.0607986450195,baseICC2023_2024.xlsx,
407,Belén,Heredia,2023,ln_gto_noadm_pcapn,95.9003372192383,baseICC2023_2024.xlsx,
408,Flores,Heredia,2023,ln_gto_noadm_pcapn,41.5096244812012,baseICC2023_2024.xlsx,
409,San Pablo,Heredia,2023,ln_gto_noadm_pcapn,51.7334709167481,baseICC2023_2024.xlsx,
410,Sarapiquí,Heredia,2023,ln_gto_noadm_pcapn,18.8913536071777,baseICC2023_2024.xlsx,
501,Liberia,Guanacaste,2023,ln_gto_noadm_pcapn,40.9432067871094,baseICC2023_2024.xlsx,
502,Nicoya,Guanacaste,2023,ln_gto_noadm_pcapn,51.6557922363281,baseICC2023_2024.xlsx,
503,Santa Cruz,Guanacaste,2023,ln_gto_noadm_pcapn,87.7136535644531,baseICC2023_2024.xlsx,
504,Bagaces,Guanacaste,2023,ln_gto_noadm_pcapn,52.1827354431152,baseICC2023_2024.xlsx,
505,Carrillo,Guanacaste,2023,ln_gto_noadm_pcapn,45.5905952453613,baseICC2023_2024.xlsx,
506,Cañas,Guanacaste,2023,ln_gto_noadm_pcapn,45.6576271057129,baseICC2023_2024.xlsx,
507,Abangares,Guanacaste,2023,ln_gto_noadm_pcapn,70.3411102294922,baseICC2023_2024.xlsx,
508,Tilarán,Guanacaste,2023,ln_gto_noadm_pcapn,76.8415603637695,baseICC2023_2024.xlsx,
509,Nandayure,Guanacaste,2023,ln_gto_noadm_pcapn,30.8068447113037,baseICC2023_2024.xlsx,
510,La Cruz,Guanacaste,2023,ln_gto_noadm_pcapn,52.6494865417481,baseICC2023_2024.xlsx,
511,Hojancha,Guanacaste,2023,ln_gto_noadm_pcapn,80.747314453125,baseICC2023_2024.xlsx,
601,Puntarenas,Puntarenas,2023,ln_gto_noadm_pcapn,28.7744007110596,baseICC2023_2024.xlsx,
602,Esparza,Puntarenas,2023,ln_gto_noadm_pcapn,46.7479972839356,baseICC2023_2024.xlsx,
603,Buenos Aires,Puntarenas,2023,ln_gto_noadm_pcapn,46.5466384887695,baseICC2023_2024.xlsx,
604,Montes de Oro,Puntarenas,2023,ln_gto_noadm_pcapn,70.5623931884766,baseICC2023_2024.xlsx,
605,Osa,Puntarenas,2023,ln_gto_noadm_pcapn,85.7687683105469,baseICC2023_2024.xlsx,
606,Quepos,Puntarenas,2023,ln_gto_noadm_pcapn,65.1113357543945,baseICC2023_2024.xlsx,
607,Golfito,Puntarenas,2023,ln_gto_noadm_pcapn,49.5403175354004,baseICC2023_2024.xlsx,
608,Coto Brus,Puntarenas,2023,ln_gto_noadm_pcapn,46.6337623596191,baseICC2023_2024.xlsx,
609,Parrita,Puntarenas,2023,ln_gto_noadm_pcapn,56.5355606079102,baseICC2023_2024.xlsx,
610,Corredores,Puntarenas,2023,ln_gto_noadm_pcapn,17.2757339477539,baseICC2023_2024.xlsx,
611,Garabito,Puntarenas,2023,ln_gto_noadm_pcapn,99.722412109375,baseICC2023_2024.xlsx,
701,Limón,Limón,2023,ln_gto_noadm_pcapn,48.3147468566895,baseICC2023_2024.xlsx,
702,Pococí,Limón,2023,ln_gto_noadm_pcapn,13.945499420166,baseICC2023_2024.xlsx,
703,Siquirres,Limón,2023,ln_gto_noadm_pcapn,23.7772541046143,baseICC2023_2024.xlsx,
704,Talamanca,Limón,2023,ln_gto_noadm_pcapn,59.615177154541,baseICC2023_2024.xlsx,
705,Matina,Limón,2023,ln_gto_noadm_pcapn,70.9937973022461,baseICC2023_2024.xlsx,
706,Guácimo,Limón,2023,ln_gto_noadm_pcapn,40.0346641540527,baseICC2023_2024.xlsx,
101,San José,San José,2024,ln_gto_noadm_pcapn,61.4265365600586,baseICC2023_2024.xlsx,
102,Escazú,San José,2024,ln_gto_noadm_pcapn,100.000015258789,baseICC2023_2024.xlsx,
103,Desamparados,San José,2024,ln_gto_noadm_pcapn,14.6335067749023,baseICC2023_2024.xlsx,
104,Puriscal,San José,2024,ln_gto_noadm_pcapn,52.0498085021973,baseICC2023_2024.xlsx,
105,Tarrazú,San José,2024,ln_gto_noadm_pcapn,52.9214630126953,baseICC2023_2024.xlsx,
106,Aserrí,San José,2024,ln_gto_noadm_pcapn,13.9179449081421,baseICC2023_2024.xlsx,
107,Mora,San José,2024,ln_gto_noadm_pcapn,61.4647026062012,baseICC2023_2024.xlsx,
108,Goicoechea,San José,2024,ln_gto_noadm_pcapn,34.3427429199219,baseICC2023_2024.xlsx,
109,Santa Ana,San José,2024,ln_gto_noadm_pcapn,67.7193069458008,baseICC2023_2024.xlsx,
110,Alajuelita,San José,2024,ln_gto_noadm_pcapn,0.0,baseICC2023_2024.xlsx,
111,Vázquez de Coronado,San José,2024,ln_gto_noadm_pcapn,21.2546215057373,baseICC2023_2024.xlsx,
112,Acosta,San José,2024,ln_gto_noadm_pcapn,41.0504531860352,baseICC2023_2024.xlsx,
113,Tibás,San José,2024,ln_gto_noadm_pcapn,27.7529983520508,baseICC2023_2024.xlsx,
114,Moravia,San José,2024,ln_gto_noadm_pcapn,42.3751220703125,baseICC2023_2024.xlsx,
115,Montes de Oca,San José,2024,ln_gto_noadm_pcapn,63.4427909851074,baseICC2023_2024.xlsx,
116,Turrubares,San José,2024,ln_gto_noadm_pcapn,78.8797454833984,baseICC2023_2024.xlsx,
117,Dota,San José,2024,ln_gto_noadm_pcapn,82.4722290039063,baseICC2023_2024.xlsx,
118,Curridabat,San José,2024,ln_gto_noadm_pcapn,58.1674575805664,baseICC2023_2024.xlsx,
119,Pérez Zeledón,San José,2024,ln_gto_noadm_pcapn,36.5533638000488,baseICC2023_2024.xlsx,
120,León Cortés Castro,San José,2024,ln_gto_noadm_pcapn,67.6546249389648,baseICC2023_2024.xlsx,
201,Alajuela,Alajuela,2024,ln_gto_noadm_pcapn,51.7663955688477,baseICC2023_2024.xlsx,
202,San Ramón,Alajuela,2024,ln_gto_noadm_pcapn,35.5654296875,baseICC2023_2024.xlsx,
203,Grecia,Alajuela,2024,ln_gto_noadm_pcapn,35.5989379882813,baseICC2023_2024.xlsx,
204,San Mateo,Alajuela,2024,ln_gto_noadm_pcapn,81.9602355957031,baseICC2023_2024.xlsx,
205,Atenas,Alajuela,2024,ln_gto_noadm_pcapn,29.2768001556397,baseICC2023_2024.xlsx,
206,Naranjo,Alajuela,2024,ln_gto_noadm_pcapn,40.4066696166992,baseICC2023_2024.xlsx,
207,Palmares,Alajuela,2024,ln_gto_noadm_pcapn,25.4251689910889,baseICC2023_2024.xlsx,
208,Poás,Alajuela,2024,ln_gto_noadm_pcapn,35.9240417480469,baseICC2023_2024.xlsx,
209,Orotina,Alajuela,2024,ln_gto_noadm_pcapn,78.2195205688477,baseICC2023_2024.xlsx,
210,San Carlos,Alajuela,2024,ln_gto_noadm_pcapn,39.6853790283203,baseICC2023_2024.xlsx,
211,Zarcero,Alajuela,2024,ln_gto_noadm_pcapn,55.5551834106445,baseICC2023_2024.xlsx,
212,Sarchí,Alajuela,2024,ln_gto_noadm_pcapn,53.6415519714356,baseICC2023_2024.xlsx,
213,Upala,Alajuela,2024,ln_gto_noadm_pcapn,27.4943561553955,baseICC2023_2024.xlsx,
214,Los Chiles,Alajuela,2024,ln_gto_noadm_pcapn,35.4015274047852,baseICC2023_2024.xlsx,
215,Guatuso,Alajuela,2024,ln_gto_noadm_pcapn,47.0814971923828,baseICC2023_2024.xlsx,
216,Río Cuarto,Alajuela,2024,ln_gto_noadm_pcapn,39.8645477294922,baseICC2023_2024.xlsx,
301,Cartago,Cartago,2024,ln_gto_noadm_pcapn,51.6354370117188,baseICC2023_2024.xlsx,
302,Paraíso,Cartago,2024,ln_gto_noadm_pcapn,47.9907646179199,baseICC2023_2024.xlsx,
303,La Unión,Cartago,2024,ln_gto_noadm_pcapn,50.1199836730957,baseICC2023_2024.xlsx,
304,Jiménez,Cartago,2024,ln_gto_noadm_pcapn,55.484992980957,baseICC2023_2024.xlsx,
305,Turrialba,Cartago,2024,ln_gto_noadm_pcapn,38.1202583312988,baseICC2023_2024.xlsx,
306,Alvarado,Cartago,2024,ln_gto_noadm_pcapn,38.0227432250977,baseICC2023_2024.xlsx,
307,Oreamuno,Cartago,2024,ln_gto_noadm_pcapn,36.3490447998047,baseICC2023_2024.xlsx,
308,El Guarco,Cartago,2024,ln_gto_noadm_pcapn,35.3807563781738,baseICC2023_2024.xlsx,
401,Heredia,Heredia,2024,ln_gto_noadm_pcapn,54.8162384033203,baseICC2023_2024.xlsx,
402,Barva,Heredia,2024,ln_gto_noadm_pcapn,32.2539405822754,baseICC2023_2024.xlsx,
403,Santo Domingo,Heredia,2024,ln_gto_noadm_pcapn,52.3157463073731,baseICC2023_2024.xlsx,
404,Santa Bárbara,Heredia,2024,ln_gto_noadm_pcapn,43.5854148864746,baseICC2023_2024.xlsx,
405,San Rafael,Heredia,2024,ln_gto_noadm_pcapn,39.2381744384766,baseICC2023_2024.xlsx,
406,San Isidro,Heredia,2024,ln_gto_noadm_pcapn,52.9688301086426,baseICC2023_2024.xlsx,
407,Belén,Heredia,2024,ln_gto_noadm_pcapn,94.7627639770508,baseICC2023_2024.xlsx,
408,Flores,Heredia,2024,ln_gto_noadm_pcapn,61.702091217041,baseICC2023_2024.xlsx,
409,San Pablo,Heredia,2024,ln_gto_noadm_pcapn,56.0388679504395,baseICC2023_2024.xlsx,
410,Sarapiquí,Heredia,2024,ln_gto_noadm_pcapn,29.7190761566162,baseICC2023_2024.xlsx,
501,Liberia,Guanacaste,2024,ln_gto_noadm_pcapn,45.7686767578125,baseICC2023_2024.xlsx,
502,Nicoya,Guanacaste,2024,ln_gto_noadm_pcapn,54.1762657165527,baseICC2023_2024.xlsx,
503,Santa Cruz,Guanacaste,2024,ln_gto_noadm_pcapn,74.3169937133789,baseICC2023_2024.xlsx,
504,Bagaces,Guanacaste,2024,ln_gto_noadm_pcapn,53.7775993347168,baseICC2023_2024.xlsx,
505,Carrillo,Guanacaste,2024,ln_gto_noadm_pcapn,52.9173545837402,baseICC2023_2024.xlsx,
506,Cañas,Guanacaste,2024,ln_gto_noadm_pcapn,47.9717483520508,baseICC2023_2024.xlsx,
507,Abangares,Guanacaste,2024,ln_gto_noadm_pcapn,65.7002258300781,baseICC2023_2024.xlsx,
508,Tilarán,Guanacaste,2024,ln_gto_noadm_pcapn,50.5439949035645,baseICC2023_2024.xlsx,
509,Nandayure,Guanacaste,2024,ln_gto_noadm_pcapn,95.6692962646484,baseICC2023_2024.xlsx,
510,La Cruz,Guanacaste,2024,ln_gto_noadm_pcapn,60.1738319396973,baseICC2023_2024.xlsx,
511,Hojancha,Guanacaste,2024,ln_gto_noadm_pcapn,92.3557739257813,baseICC2023_2024.xlsx,
601,Puntarenas,Puntarenas,2024,ln_gto_noadm_pcapn,27.4328556060791,baseICC2023_2024.xlsx,
602,Esparza,Puntarenas,2024,ln_gto_noadm_pcapn,66.2193069458008,baseICC2023_2024.xlsx,
603,Buenos Aires,Puntarenas,2024,ln_gto_noadm_pcapn,50.5885734558106,baseICC2023_2024.xlsx,
604,Montes de Oro,Puntarenas,2024,ln_gto_noadm_pcapn,63.4727935791016,baseICC2023_2024.xlsx,
605,Osa,Puntarenas,2024,ln_gto_noadm_pcapn,77.1852645874023,baseICC2023_2024.xlsx,
606,Quepos,Puntarenas,2024,ln_gto_noadm_pcapn,61.2541389465332,baseICC2023_2024.xlsx,
607,Golfito,Puntarenas,2024,ln_gto_noadm_pcapn,38.3802337646484,baseICC2023_2024.xlsx,
608,Coto Brus,Puntarenas,2024,ln_gto_noadm_pcapn,47.9121437072754,baseICC2023_2024.xlsx,
609,Parrita,Puntarenas,2024,ln_gto_noadm_pcapn,50.0293121337891,baseICC2023_2024.xlsx,
610,Corredores,Puntarenas,2024,ln_gto_noadm_pcapn,23.7428855895996,baseICC2023_2024.xlsx,
611,Garabito,Puntarenas,2024,ln_gto_noadm_pcapn,72.3486175537109,baseICC2023_2024.xlsx,
701,Limón,Limón,2024,ln_gto_noadm_pcapn,45.4429321289063,baseICC2023_2024.xlsx,
702,Pococí,Limón,2024,ln_gto_noadm_pcapn,29.3356151580811,baseICC2023_2024.xlsx,
703,Siquirres,Limón,2024,ln_gto_noadm_pcapn,45.8755950927734,baseICC2023_2024.xlsx,
704,Talamanca,Limón,2024,ln_gto_noadm_pcapn,42.726261138916,baseICC2023_2024.xlsx,
705,Matina,Limón,2024,ln_gto_noadm_pcapn,46.325813293457,baseICC2023_2024.xlsx,
706,Guácimo,Limón,2024,ln_gto_noadm_pcapn,39.9207458496094,baseICC2023_2024.xlsx,
101,San José,San José,2023,depend_ingn,80.9600677490234,baseICC2023_2024.xlsx,
102,Escazú,San José,2023,depend_ingn,100.0,baseICC2023_2024.xlsx,
103,Desamparados,San José,2023,depend_ingn,18.9043922424316,baseICC2023_2024.xlsx,
104,Puriscal,San José,2023,depend_ingn,2.01555180549622,baseICC2023_2024.xlsx,
105,Tarrazú,San José,2023,depend_ingn,1.63750743865967,baseICC2023_2024.xlsx,
106,Aserrí,San José,2023,depend_ingn,4.54053831100464,baseICC2023_2024.xlsx,
107,Mora,San José,2023,depend_ingn,8.10597801208496,baseICC2023_2024.xlsx,
108,Goicoechea,San José,2023,depend_ingn,25.21116065979,baseICC2023_2024.xlsx,
109,Santa Ana,San José,2023,depend_ingn,27.8176612854004,baseICC2023_2024.xlsx,
110,Alajuelita,San José,2023,depend_ingn,6.14640188217163,baseICC2023_2024.xlsx,
111,Vázquez de Coronado,San José,2023,depend_ingn,14.1731109619141,baseICC2023_2024.xlsx,
112,Acosta,San José,2023,depend_ingn,1.1532701253891,baseICC2023_2024.xlsx,
113,Tibás,San José,2023,depend_ingn,19.2225131988525,baseICC2023_2024.xlsx,
114,Moravia,San José,2023,depend_ingn,14.134204864502,baseICC2023_2024.xlsx,
115,Montes de Oca,San José,2023,depend_ingn,25.5510368347168,baseICC2023_2024.xlsx,
116,Turrubares,San José,2023,depend_ingn,0.12037917971611,baseICC2023_2024.xlsx,
117,Dota,San José,2023,depend_ingn,0.192664161324501,baseICC2023_2024.xlsx,
118,Curridabat,San José,2023,depend_ingn,38.7440795898438,baseICC2023_2024.xlsx,
119,Pérez Zeledón,San José,2023,depend_ingn,3.3741979598999,baseICC2023_2024.xlsx,
120,León Cortés Castro,San José,2023,depend_ingn,0.869427919387817,baseICC2023_2024.xlsx,
201,Alajuela,Alajuela,2023,depend_ingn,87.9744415283203,baseICC2023_2024.xlsx,
202,San Ramón,Alajuela,2023,depend_ingn,7.45032358169556,baseICC2023_2024.xlsx,
203,Grecia,Alajuela,2023,depend_ingn,7.67165803909302,baseICC2023_2024.xlsx,
204,San Mateo,Alajuela,2023,depend_ingn,2.63079500198364,baseICC2023_2024.xlsx,
205,Atenas,Alajuela,2023,depend_ingn,2.80393552780151,baseICC2023_2024.xlsx,
206,Naranjo,Alajuela,2023,depend_ingn,6.56496286392212,baseICC2023_2024.xlsx,
207,Palmares,Alajuela,2023,depend_ingn,10.8940486907959,baseICC2023_2024.xlsx,
208,Poás,Alajuela,2023,depend_ingn,6.10459709167481,baseICC2023_2024.xlsx,
209,Orotina,Alajuela,2023,depend_ingn,7.65223789215088,baseICC2023_2024.xlsx,
210,San Carlos,Alajuela,2023,depend_ingn,5.12715911865234,baseICC2023_2024.xlsx,
211,Zarcero,Alajuela,2023,depend_ingn,3.37600326538086,baseICC2023_2024.xlsx,
212,Sarchí,Alajuela,2023,depend_ingn,5.24422121047974,baseICC2023_2024.xlsx,
213,Upala,Alajuela,2023,depend_ingn,1.35013711452484,baseICC2023_2024.xlsx,
214,Los Chiles,Alajuela,2023,depend_ingn,3.94237886780502e-09,baseICC2023_2024.xlsx,
215,Guatuso,Alajuela,2023,depend_ingn,0.14077427983284,baseICC2023_2024.xlsx,
301,Cartago,Cartago,2023,depend_ingn,21.220645904541,baseICC2023_2024.xlsx,
302,Paraíso,Cartago,2023,depend_ingn,7.79446506500244,baseICC2023_2024.xlsx,
303,La Unión,Cartago,2023,depend_ingn,23.5793418884277,baseICC2023_2024.xlsx,
304,Jiménez,Cartago,2023,depend_ingn,1.40511643886566,baseICC2023_2024.xlsx,
305,Turrialba,Cartago,2023,depend_ingn,3.90035462379456,baseICC2023_2024.xlsx,
306,Alvarado,Cartago,2023,depend_ingn,2.01432347297668,baseICC2023_2024.xlsx,
307,Oreamuno,Cartago,2023,depend_ingn,5.80279970169067,baseICC2023_2024.xlsx,
308,El Guarco,Cartago,2023,depend_ingn,4.88340902328491,baseICC2023_2024.xlsx,
401,Heredia,Heredia,2023,depend_ingn,37.5423622131348,baseICC2023_2024.xlsx,
402,Barva,Heredia,2023,depend_ingn,15.3732089996338,baseICC2023_2024.xlsx,
403,Santo Domingo,Heredia,2023,depend_ingn,18.5659580230713,baseICC2023_2024.xlsx,
404,Santa Bárbara,Heredia,2023,depend_ingn,20.3696670532227,baseICC2023_2024.xlsx,
405,San Rafael,Heredia,2023,depend_ingn,16.0163326263428,baseICC2023_2024.xlsx,
406,San Isidro,Heredia,2023,depend_ingn,9.0589017868042,baseICC2023_2024.xlsx,
407,Belén,Heredia,2023,depend_ingn,36.155086517334,baseICC2023_2024.xlsx,
408,Flores,Heredia,2023,depend_ingn,24.2502956390381,baseICC2023_2024.xlsx,
409,San Pablo,Heredia,2023,depend_ingn,24.3404865264893,baseICC2023_2024.xlsx,
410,Sarapiquí,Heredia,2023,depend_ingn,1.84750652313232,baseICC2023_2024.xlsx,
501,Liberia,Guanacaste,2023,depend_ingn,6.05495405197144,baseICC2023_2024.xlsx,
502,Nicoya,Guanacaste,2023,depend_ingn,4.05163717269898,baseICC2023_2024.xlsx,
503,Santa Cruz,Guanacaste,2023,depend_ingn,10.6722230911255,baseICC2023_2024.xlsx,
504,Bagaces,Guanacaste,2023,depend_ingn,1.97095966339111,baseICC2023_2024.xlsx,
505,Carrillo,Guanacaste,2023,depend_ingn,10.9281530380249,baseICC2023_2024.xlsx,
506,Cañas,Guanacaste,2023,depend_ingn,1.84852075576782,baseICC2023_2024.xlsx,
507,Abangares,Guanacaste,2023,depend_ingn,1.16594934463501,baseICC2023_2024.xlsx,
508,Tilarán,Guanacaste,2023,depend_ingn,2.93882346153259,baseICC2023_2024.xlsx,
509,Nandayure,Guanacaste,2023,depend_ingn,0.597504496574402,baseICC2023_2024.xlsx,
510,La Cruz,Guanacaste,2023,depend_ingn,1.20085418224335,baseICC2023_2024.xlsx,
511,Hojancha,Guanacaste,2023,depend_ingn,1.27569687366486,baseICC2023_2024.xlsx,
601,Puntarenas,Puntarenas,2023,depend_ingn,13.2463512420654,baseICC2023_2024.xlsx,
602,Esparza,Puntarenas,2023,depend_ingn,7.75517654418945,baseICC2023_2024.xlsx,
603,Buenos Aires,Puntarenas,2023,depend_ingn,0.325422674417496,baseICC2023_2024.xlsx,
604,Montes de Oro,Puntarenas,2023,depend_ingn,3.00178146362305,baseICC2023_2024.xlsx,
605,Osa,Puntarenas,2023,depend_ingn,3.44737029075623,baseICC2023_2024.xlsx,
606,Quepos,Puntarenas,2023,depend_ingn,6.18525552749634,baseICC2023_2024.xlsx,
607,Golfito,Puntarenas,2023,depend_ingn,1.57226085662842,baseICC2023_2024.xlsx,
608,Coto Brus,Puntarenas,2023,depend_ingn,0.971951246261597,baseICC2023_2024.xlsx,
609,Parrita,Puntarenas,2023,depend_ingn,2.45047736167908,baseICC2023_2024.xlsx,
610,Corredores,Puntarenas,2023,depend_ingn,3.00861644744873,baseICC2023_2024.xlsx,
611,Garabito,Puntarenas,2023,depend_ingn,15.7261343002319,baseICC2023_2024.xlsx,
701,Limón,Limón,2023,depend_ingn,7.06378984451294,baseICC2023_2024.xlsx,
702,Pococí,Limón,2023,depend_ingn,3.57117366790772,baseICC2023_2024.xlsx,
703,Siquirres,Limón,2023,depend_ingn,2.15239477157593,baseICC2023_2024.xlsx,
704,Talamanca,Limón,2023,depend_ingn,0.703234434127808,baseICC2023_2024.xlsx,
705,Matina,Limón,2023,depend_ingn,2.58119678497314,baseICC2023_2024.xlsx,
706,Guácimo,Limón,2023,depend_ingn,2.7623929977417,baseICC2023_2024.xlsx,
101,San José,San José,2024,depend_ingn,70.4517517089844,baseICC2023_2024.xlsx,
102,Escazú,San José,2024,depend_ingn,100.0,baseICC2023_2024.xlsx,
103,Desamparados,San José,2024,depend_ingn,14.5219297409058,baseICC2023_2024.xlsx,
104,Puriscal,San José,2024,depend_ingn,2.64158129692078,baseICC2023_2024.xlsx,
105,Tarrazú,San José,2024,depend_ingn,0.983411908149719,baseICC2023_2024.xlsx,
106,Aserrí,San José,2024,depend_ingn,3.92534136772156,baseICC2023_2024.xlsx,
107,Mora,San José,2024,depend_ingn,4.71370363235474,baseICC2023_2024.xlsx,
108,Goicoechea,San José,2024,depend_ingn,30.8811988830566,baseICC2023_2024.xlsx,
109,Santa Ana,San José,2024,depend_ingn,22.4793796539307,baseICC2023_2024.xlsx,
110,Alajuelita,San José,2024,depend_ingn,6.07996416091919,baseICC2023_2024.xlsx,
111,Vázquez de Coronado,San José,2024,depend_ingn,10.6445198059082,baseICC2023_2024.xlsx,
112,Acosta,San José,2024,depend_ingn,1.19379055500031,baseICC2023_2024.xlsx,
113,Tibás,San José,2024,depend_ingn,14.5562562942505,baseICC2023_2024.xlsx,
114,Moravia,San José,2024,depend_ingn,11.4454574584961,baseICC2023_2024.xlsx,
115,Montes de Oca,San José,2024,depend_ingn,18.7027988433838,baseICC2023_2024.xlsx,
116,Turrubares,San José,2024,depend_ingn,0.448977947235107,baseICC2023_2024.xlsx,
117,Dota,San José,2024,depend_ingn,0.522878646850586,baseICC2023_2024.xlsx,
118,Curridabat,San José,2024,depend_ingn,33.1928291320801,baseICC2023_2024.xlsx,
119,Pérez Zeledón,San José,2024,depend_ingn,2.5994975566864,baseICC2023_2024.xlsx,
120,León Cortés Castro,San José,2024,depend_ingn,0.447029054164887,baseICC2023_2024.xlsx,
201,Alajuela,Alajuela,2024,depend_ingn,89.2599639892578,baseICC2023_2024.xlsx,
202,San Ramón,Alajuela,2024,depend_ingn,5.63052463531494,baseICC2023_2024.xlsx,
203,Grecia,Alajuela,2024,depend_ingn,11.7548971176147,baseICC2023_2024.xlsx,
204,San Mateo,Alajuela,2024,depend_ingn,1.10200881958008,baseICC2023_2024.xlsx,
205,Atenas,Alajuela,2024,depend_ingn,3.14176535606384,baseICC2023_2024.xlsx,
206,Naranjo,Alajuela,2024,depend_ingn,3.37528443336487,baseICC2023_2024.xlsx,
207,Palmares,Alajuela,2024,depend_ingn,9.73622989654541,baseICC2023_2024.xlsx,
208,Poás,Alajuela,2024,depend_ingn,5.21165037155151,baseICC2023_2024.xlsx,
209,Orotina,Alajuela,2024,depend_ingn,4.17038726806641,baseICC2023_2024.xlsx,
210,San Carlos,Alajuela,2024,depend_ingn,4.37451314926148,baseICC2023_2024.xlsx,
211,Zarcero,Alajuela,2024,depend_ingn,2.5633373260498,baseICC2023_2024.xlsx,
212,Sarchí,Alajuela,2024,depend_ingn,3.30511522293091,baseICC2023_2024.xlsx,
213,Upala,Alajuela,2024,depend_ingn,1.00227081775665,baseICC2023_2024.xlsx,
214,Los Chiles,Alajuela,2024,depend_ingn,0.0377876199781895,baseICC2023_2024.xlsx,
215,Guatuso,Alajuela,2024,depend_ingn,0.0,baseICC2023_2024.xlsx,
216,Río Cuarto,Alajuela,2024,depend_ingn,0.620676100254059,baseICC2023_2024.xlsx,
301,Cartago,Cartago,2024,depend_ingn,17.8795585632324,baseICC2023_2024.xlsx,
302,Paraíso,Cartago,2024,depend_ingn,4.86400461196899,baseICC2023_2024.xlsx,
303,La Unión,Cartago,2024,depend_ingn,24.2365531921387,baseICC2023_2024.xlsx,
304,Jiménez,Cartago,2024,depend_ingn,1.24610781669617,baseICC2023_2024.xlsx,
305,Turrialba,Cartago,2024,depend_ingn,3.04234838485718,baseICC2023_2024.xlsx,
306,Alvarado,Cartago,2024,depend_ingn,2.31725358963013,baseICC2023_2024.xlsx,
307,Oreamuno,Cartago,2024,depend_ingn,4.48574447631836,baseICC2023_2024.xlsx,
308,El Guarco,Cartago,2024,depend_ingn,4.31034231185913,baseICC2023_2024.xlsx,
401,Heredia,Heredia,2024,depend_ingn,34.1038398742676,baseICC2023_2024.xlsx,
402,Barva,Heredia,2024,depend_ingn,5.0701789855957,baseICC2023_2024.xlsx,
403,Santo Domingo,Heredia,2024,depend_ingn,21.4953899383545,baseICC2023_2024.xlsx,
404,Santa Bárbara,Heredia,2024,depend_ingn,20.9883079528809,baseICC2023_2024.xlsx,
405,San Rafael,Heredia,2024,depend_ingn,12.6106081008911,baseICC2023_2024.xlsx,
406,San Isidro,Heredia,2024,depend_ingn,8.18227958679199,baseICC2023_2024.xlsx,
407,Belén,Heredia,2024,depend_ingn,32.3672180175781,baseICC2023_2024.xlsx,
408,Flores,Heredia,2024,depend_ingn,18.5368213653564,baseICC2023_2024.xlsx,
409,San Pablo,Heredia,2024,depend_ingn,19.1394634246826,baseICC2023_2024.xlsx,
410,Sarapiquí,Heredia,2024,depend_ingn,1.592041015625,baseICC2023_2024.xlsx,
501,Liberia,Guanacaste,2024,depend_ingn,4.61278533935547,baseICC2023_2024.xlsx,
502,Nicoya,Guanacaste,2024,depend_ingn,4.02522468566895,baseICC2023_2024.xlsx,
503,Santa Cruz,Guanacaste,2024,depend_ingn,7.61139631271362,baseICC2023_2024.xlsx,
504,Bagaces,Guanacaste,2024,depend_ingn,1.16166710853577,baseICC2023_2024.xlsx,
505,Carrillo,Guanacaste,2024,depend_ingn,15.0361080169678,baseICC2023_2024.xlsx,
506,Cañas,Guanacaste,2024,depend_ingn,1.7598512172699,baseICC2023_2024.xlsx,
507,Abangares,Guanacaste,2024,depend_ingn,0.51395583152771,baseICC2023_2024.xlsx,
508,Tilarán,Guanacaste,2024,depend_ingn,2.04804873466492,baseICC2023_2024.xlsx,
509,Nandayure,Guanacaste,2024,depend_ingn,2.45815563201904,baseICC2023_2024.xlsx,
510,La Cruz,Guanacaste,2024,depend_ingn,0.901185989379883,baseICC2023_2024.xlsx,
511,Hojancha,Guanacaste,2024,depend_ingn,1.03724193572998,baseICC2023_2024.xlsx,
601,Puntarenas,Puntarenas,2024,depend_ingn,8.96566772460938,baseICC2023_2024.xlsx,
602,Esparza,Puntarenas,2024,depend_ingn,4.33012628555298,baseICC2023_2024.xlsx,
603,Buenos Aires,Puntarenas,2024,depend_ingn,0.386585772037506,baseICC2023_2024.xlsx,
604,Montes de Oro,Puntarenas,2024,depend_ingn,1.22367763519287,baseICC2023_2024.xlsx,
605,Osa,Puntarenas,2024,depend_ingn,2.42644834518433,baseICC2023_2024.xlsx,
606,Quepos,Puntarenas,2024,depend_ingn,4.73096942901611,baseICC2023_2024.xlsx,
607,Golfito,Puntarenas,2024,depend_ingn,0.417266279459,baseICC2023_2024.xlsx,
608,Coto Brus,Puntarenas,2024,depend_ingn,0.647070050239563,baseICC2023_2024.xlsx,
609,Parrita,Puntarenas,2024,depend_ingn,2.32151293754578,baseICC2023_2024.xlsx,
610,Corredores,Puntarenas,2024,depend_ingn,1.99631857872009,baseICC2023_2024.xlsx,
611,Garabito,Puntarenas,2024,depend_ingn,14.0900192260742,baseICC2023_2024.xlsx,
701,Limón,Limón,2024,depend_ingn,2.65669989585876,baseICC2023_2024.xlsx,
702,Pococí,Limón,2024,depend_ingn,3.90526056289673,baseICC2023_2024.xlsx,
703,Siquirres,Limón,2024,depend_ingn,0.971104860305786,baseICC2023_2024.xlsx,
704,Talamanca,Limón,2024,depend_ingn,0.797521054744721,baseICC2023_2024.xlsx,
705,Matina,Limón,2024,depend_ingn,0.541118383407593,baseICC2023_2024.xlsx,
706,Guácimo,Limón,2024,depend_ingn,1.27464318275452,baseICC2023_2024.xlsx,
101,San José,San José,2023,ln_gto_rvc_xkmrvcn,70.9120864868164,baseICC2023_2024.xlsx,
102,Escazú,San José,2023,ln_gto_rvc_xkmrvcn,100.0,baseICC2023_2024.xlsx,
103,Desamparados,San José,2023,ln_gto_rvc_xkmrvcn,61.1150970458984,baseICC2023_2024.xlsx,
104,Puriscal,San José,2023,ln_gto_rvc_xkmrvcn,43.1877861022949,baseICC2023_2024.xlsx,
105,Tarrazú,San José,2023,ln_gto_rvc_xkmrvcn,62.9512977600098,baseICC2023_2024.xlsx,
106,Aserrí,San José,2023,ln_gto_rvc_xkmrvcn,57.1691284179688,baseICC2023_2024.xlsx,
107,Mora,San José,2023,ln_gto_rvc_xkmrvcn,59.0565872192383,baseICC2023_2024.xlsx,
108,Goicoechea,San José,2023,ln_gto_rvc_xkmrvcn,82.5662612915039,baseICC2023_2024.xlsx,
109,Santa Ana,San José,2023,ln_gto_rvc_xkmrvcn,77.5089950561523,baseICC2023_2024.xlsx,
110,Alajuelita,San José,2023,ln_gto_rvc_xkmrvcn,75.0460357666016,baseICC2023_2024.xlsx,
111,Vázquez de Coronado,San José,2023,ln_gto_rvc_xkmrvcn,54.8361549377441,baseICC2023_2024.xlsx,
112,Acosta,San José,2023,ln_gto_rvc_xkmrvcn,48.8121643066406,baseICC2023_2024.xlsx,
113,Tibás,San José,2023,ln_gto_rvc_xkmrvcn,72.4950942993164,baseICC2023_2024.xlsx,
114,Moravia,San José,2023,ln_gto_rvc_xkmrvcn,62.4194259643555,baseICC2023_2024.xlsx,
115,Montes de Oca,San José,2023,ln_gto_rvc_xkmrvcn,61.2464370727539,baseICC2023_2024.xlsx,
116,Turrubares,San José,2023,ln_gto_rvc_xkmrvcn,57.0058364868164,baseICC2023_2024.xlsx,
117,Dota,San José,2023,ln_gto_rvc_xkmrvcn,55.1696548461914,baseICC2023_2024.xlsx,
118,Curridabat,San José,2023,ln_gto_rvc_xkmrvcn,65.6530532836914,baseICC2023_2024.xlsx,
119,Pérez Zeledón,San José,2023,ln_gto_rvc_xkmrvcn,32.0946044921875,baseICC2023_2024.xlsx,
120,León Cortés Castro,San José,2023,ln_gto_rvc_xkmrvcn,59.9542961120606,baseICC2023_2024.xlsx,
201,Alajuela,Alajuela,2023,ln_gto_rvc_xkmrvcn,77.1516799926758,baseICC2023_2024.xlsx,
202,San Ramón,Alajuela,2023,ln_gto_rvc_xkmrvcn,48.9695739746094,baseICC2023_2024.xlsx,
203,Grecia,Alajuela,2023,ln_gto_rvc_xkmrvcn,79.0985412597656,baseICC2023_2024.xlsx,
204,San Mateo,Alajuela,2023,ln_gto_rvc_xkmrvcn,55.4039726257324,baseICC2023_2024.xlsx,
205,Atenas,Alajuela,2023,ln_gto_rvc_xkmrvcn,54.4141006469727,baseICC2023_2024.xlsx,
206,Naranjo,Alajuela,2023,ln_gto_rvc_xkmrvcn,51.306999206543,baseICC2023_2024.xlsx,
207,Palmares,Alajuela,2023,ln_gto_rvc_xkmrvcn,59.7931251525879,baseICC2023_2024.xlsx,
208,Poás,Alajuela,2023,ln_gto_rvc_xkmrvcn,62.6744194030762,baseICC2023_2024.xlsx,
209,Orotina,Alajuela,2023,ln_gto_rvc_xkmrvcn,67.7471237182617,baseICC2023_2024.xlsx,
210,San Carlos,Alajuela,2023,ln_gto_rvc_xkmrvcn,36.8830986022949,baseICC2023_2024.xlsx,
211,Zarcero,Alajuela,2023,ln_gto_rvc_xkmrvcn,52.2843589782715,baseICC2023_2024.xlsx,
212,Sarchí,Alajuela,2023,ln_gto_rvc_xkmrvcn,67.6228485107422,baseICC2023_2024.xlsx,
213,Upala,Alajuela,2023,ln_gto_rvc_xkmrvcn,40.9875297546387,baseICC2023_2024.xlsx,
214,Los Chiles,Alajuela,2023,ln_gto_rvc_xkmrvcn,30.9597797393799,baseICC2023_2024.xlsx,
215,Guatuso,Alajuela,2023,ln_gto_rvc_xkmrvcn,36.3194618225098,baseICC2023_2024.xlsx,
301,Cartago,Cartago,2023,ln_gto_rvc_xkmrvcn,54.612247467041,baseICC2023_2024.xlsx,
302,Paraíso,Cartago,2023,ln_gto_rvc_xkmrvcn,55.7685241699219,baseICC2023_2024.xlsx,
303,La Unión,Cartago,2023,ln_gto_rvc_xkmrvcn,48.4657859802246,baseICC2023_2024.xlsx,
304,Jiménez,Cartago,2023,ln_gto_rvc_xkmrvcn,57.5446472167969,baseICC2023_2024.xlsx,
305,Turrialba,Cartago,2023,ln_gto_rvc_xkmrvcn,48.5349845886231,baseICC2023_2024.xlsx,
306,Alvarado,Cartago,2023,ln_gto_rvc_xkmrvcn,53.4016189575195,baseICC2023_2024.xlsx,
307,Oreamuno,Cartago,2023,ln_gto_rvc_xkmrvcn,70.9703979492188,baseICC2023_2024.xlsx,
308,El Guarco,Cartago,2023,ln_gto_rvc_xkmrvcn,55.8260612487793,baseICC2023_2024.xlsx,
401,Heredia,Heredia,2023,ln_gto_rvc_xkmrvcn,49.1119766235352,baseICC2023_2024.xlsx,
402,Barva,Heredia,2023,ln_gto_rvc_xkmrvcn,65.1501617431641,baseICC2023_2024.xlsx,
403,Santo Domingo,Heredia,2023,ln_gto_rvc_xkmrvcn,74.4752044677734,baseICC2023_2024.xlsx,
404,Santa Bárbara,Heredia,2023,ln_gto_rvc_xkmrvcn,37.4785308837891,baseICC2023_2024.xlsx,
405,San Rafael,Heredia,2023,ln_gto_rvc_xkmrvcn,65.5470581054688,baseICC2023_2024.xlsx,
406,San Isidro,Heredia,2023,ln_gto_rvc_xkmrvcn,75.1398468017578,baseICC2023_2024.xlsx,
407,Belén,Heredia,2023,ln_gto_rvc_xkmrvcn,79.6024551391602,baseICC2023_2024.xlsx,
408,Flores,Heredia,2023,ln_gto_rvc_xkmrvcn,86.3717651367188,baseICC2023_2024.xlsx,
409,San Pablo,Heredia,2023,ln_gto_rvc_xkmrvcn,92.1682891845703,baseICC2023_2024.xlsx,
410,Sarapiquí,Heredia,2023,ln_gto_rvc_xkmrvcn,44.6769065856934,baseICC2023_2024.xlsx,
501,Liberia,Guanacaste,2023,ln_gto_rvc_xkmrvcn,47.7455139160156,baseICC2023_2024.xlsx,
502,Nicoya,Guanacaste,2023,ln_gto_rvc_xkmrvcn,35.5684776306152,baseICC2023_2024.xlsx,
503,Santa Cruz,Guanacaste,2023,ln_gto_rvc_xkmrvcn,62.5841751098633,baseICC2023_2024.xlsx,
504,Bagaces,Guanacaste,2023,ln_gto_rvc_xkmrvcn,37.4831771850586,baseICC2023_2024.xlsx,
505,Carrillo,Guanacaste,2023,ln_gto_rvc_xkmrvcn,53.2426948547363,baseICC2023_2024.xlsx,
506,Cañas,Guanacaste,2023,ln_gto_rvc_xkmrvcn,60.7501220703125,baseICC2023_2024.xlsx,
507,Abangares,Guanacaste,2023,ln_gto_rvc_xkmrvcn,43.9917678833008,baseICC2023_2024.xlsx,
508,Tilarán,Guanacaste,2023,ln_gto_rvc_xkmrvcn,52.3388366699219,baseICC2023_2024.xlsx,
509,Nandayure,Guanacaste,2023,ln_gto_rvc_xkmrvcn,2.75517822956317e-06,baseICC2023_2024.xlsx,
510,La Cruz,Guanacaste,2023,ln_gto_rvc_xkmrvcn,48.9737319946289,baseICC2023_2024.xlsx,
511,Hojancha,Guanacaste,2023,ln_gto_rvc_xkmrvcn,47.2174186706543,baseICC2023_2024.xlsx,
601,Puntarenas,Puntarenas,2023,ln_gto_rvc_xkmrvcn,39.4977722167969,baseICC2023_2024.xlsx,
602,Esparza,Puntarenas,2023,ln_gto_rvc_xkmrvcn,70.9190139770508,baseICC2023_2024.xlsx,
603,Buenos Aires,Puntarenas,2023,ln_gto_rvc_xkmrvcn,33.466739654541,baseICC2023_2024.xlsx,
604,Montes de Oro,Puntarenas,2023,ln_gto_rvc_xkmrvcn,54.6441917419434,baseICC2023_2024.xlsx,
605,Osa,Puntarenas,2023,ln_gto_rvc_xkmrvcn,43.4445495605469,baseICC2023_2024.xlsx,
606,Quepos,Puntarenas,2023,ln_gto_rvc_xkmrvcn,38.7423324584961,baseICC2023_2024.xlsx,
607,Golfito,Puntarenas,2023,ln_gto_rvc_xkmrvcn,50.1307792663574,baseICC2023_2024.xlsx,
608,Coto Brus,Puntarenas,2023,ln_gto_rvc_xkmrvcn,40.1107292175293,baseICC2023_2024.xlsx,
609,Parrita,Puntarenas,2023,ln_gto_rvc_xkmrvcn,42.5307121276856,baseICC2023_2024.xlsx,
610,Corredores,Puntarenas,2023,ln_gto_rvc_xkmrvcn,27.8038539886475,baseICC2023_2024.xlsx,
611,Garabito,Puntarenas,2023,ln_gto_rvc_xkmrvcn,71.3447875976563,baseICC2023_2024.xlsx,
701,Limón,Limón,2023,ln_gto_rvc_xkmrvcn,48.4175338745117,baseICC2023_2024.xlsx,
702,Pococí,Limón,2023,ln_gto_rvc_xkmrvcn,39.5981979370117,baseICC2023_2024.xlsx,
703,Siquirres,Limón,2023,ln_gto_rvc_xkmrvcn,49.571834564209,baseICC2023_2024.xlsx,
704,Talamanca,Limón,2023,ln_gto_rvc_xkmrvcn,64.2168197631836,baseICC2023_2024.xlsx,
705,Matina,Limón,2023,ln_gto_rvc_xkmrvcn,86.973388671875,baseICC2023_2024.xlsx,
706,Guácimo,Limón,2023,ln_gto_rvc_xkmrvcn,65.7359924316406,baseICC2023_2024.xlsx,
101,San José,San José,2024,ln_gto_rvc_xkmrvcn,56.310417175293,baseICC2023_2024.xlsx,
102,Escazú,San José,2024,ln_gto_rvc_xkmrvcn,99.9999771118164,baseICC2023_2024.xlsx,
103,Desamparados,San José,2024,ln_gto_rvc_xkmrvcn,18.2988739013672,baseICC2023_2024.xlsx,
104,Puriscal,San José,2024,ln_gto_rvc_xkmrvcn,51.168514251709,baseICC2023_2024.xlsx,
105,Tarrazú,San José,2024,ln_gto_rvc_xkmrvcn,30.3957939147949,baseICC2023_2024.xlsx,
106,Aserrí,San José,2024,ln_gto_rvc_xkmrvcn,35.9423866271973,baseICC2023_2024.xlsx,
107,Mora,San José,2024,ln_gto_rvc_xkmrvcn,45.7253532409668,baseICC2023_2024.xlsx,
108,Goicoechea,San José,2024,ln_gto_rvc_xkmrvcn,52.1765480041504,baseICC2023_2024.xlsx,
109,Santa Ana,San José,2024,ln_gto_rvc_xkmrvcn,60.5403709411621,baseICC2023_2024.xlsx,
110,Alajuelita,San José,2024,ln_gto_rvc_xkmrvcn,50.6854057312012,baseICC2023_2024.xlsx,
111,Vázquez de Coronado,San José,2024,ln_gto_rvc_xkmrvcn,57.463680267334,baseICC2023_2024.xlsx,
112,Acosta,San José,2024,ln_gto_rvc_xkmrvcn,17.4764137268066,baseICC2023_2024.xlsx,
113,Tibás,San José,2024,ln_gto_rvc_xkmrvcn,66.9441833496094,baseICC2023_2024.xlsx,
114,Moravia,San José,2024,ln_gto_rvc_xkmrvcn,66.12939453125,baseICC2023_2024.xlsx,
115,Montes de Oca,San José,2024,ln_gto_rvc_xkmrvcn,69.8917236328125,baseICC2023_2024.xlsx,
116,Turrubares,San José,2024,ln_gto_rvc_xkmrvcn,45.8850212097168,baseICC2023_2024.xlsx,
117,Dota,San José,2024,ln_gto_rvc_xkmrvcn,49.5954780578613,baseICC2023_2024.xlsx,
118,Curridabat,San José,2024,ln_gto_rvc_xkmrvcn,80.2866363525391,baseICC2023_2024.xlsx,
119,Pérez Zeledón,San José,2024,ln_gto_rvc_xkmrvcn,13.9365081787109,baseICC2023_2024.xlsx,
120,León Cortés Castro,San José,2024,ln_gto_rvc_xkmrvcn,49.9958267211914,baseICC2023_2024.xlsx,
201,Alajuela,Alajuela,2024,ln_gto_rvc_xkmrvcn,86.9123229980469,baseICC2023_2024.xlsx,
202,San Ramón,Alajuela,2024,ln_gto_rvc_xkmrvcn,17.3808555603027,baseICC2023_2024.xlsx,
203,Grecia,Alajuela,2024,ln_gto_rvc_xkmrvcn,47.3033332824707,baseICC2023_2024.xlsx,
204,San Mateo,Alajuela,2024,ln_gto_rvc_xkmrvcn,52.2607383728027,baseICC2023_2024.xlsx,
205,Atenas,Alajuela,2024,ln_gto_rvc_xkmrvcn,36.3012924194336,baseICC2023_2024.xlsx,
206,Naranjo,Alajuela,2024,ln_gto_rvc_xkmrvcn,48.7393951416016,baseICC2023_2024.xlsx,
207,Palmares,Alajuela,2024,ln_gto_rvc_xkmrvcn,57.332878112793,baseICC2023_2024.xlsx,
208,Poás,Alajuela,2024,ln_gto_rvc_xkmrvcn,44.1800537109375,baseICC2023_2024.xlsx,
209,Orotina,Alajuela,2024,ln_gto_rvc_xkmrvcn,74.9059371948242,baseICC2023_2024.xlsx,
210,San Carlos,Alajuela,2024,ln_gto_rvc_xkmrvcn,28.0626087188721,baseICC2023_2024.xlsx,
211,Zarcero,Alajuela,2024,ln_gto_rvc_xkmrvcn,31.8665199279785,baseICC2023_2024.xlsx,
212,Sarchí,Alajuela,2024,ln_gto_rvc_xkmrvcn,66.9422760009766,baseICC2023_2024.xlsx,
213,Upala,Alajuela,2024,ln_gto_rvc_xkmrvcn,9.4621114730835,baseICC2023_2024.xlsx,
214,Los Chiles,Alajuela,2024,ln_gto_rvc_xkmrvcn,5.41499048267724e-07,baseICC2023_2024.xlsx,
215,Guatuso,Alajuela,2024,ln_gto_rvc_xkmrvcn,28.8614807128906,baseICC2023_2024.xlsx,
216,Río Cuarto,Alajuela,2024,ln_gto_rvc_xkmrvcn,45.9637794494629,baseICC2023_2024.xlsx,
301,Cartago,Cartago,2024,ln_gto_rvc_xkmrvcn,40.5754547119141,baseICC2023_2024.xlsx,
302,Paraíso,Cartago,2024,ln_gto_rvc_xkmrvcn,25.3533058166504,baseICC2023_2024.xlsx,
303,La Unión,Cartago,2024,ln_gto_rvc_xkmrvcn,75.5603713989258,baseICC2023_2024.xlsx,
304,Jiménez,Cartago,2024,ln_gto_rvc_xkmrvcn,39.8136596679688,baseICC2023_2024.xlsx,
305,Turrialba,Cartago,2024,ln_gto_rvc_xkmrvcn,41.1208267211914,baseICC2023_2024.xlsx,
306,Alvarado,Cartago,2024,ln_gto_rvc_xkmrvcn,37.0896987915039,baseICC2023_2024.xlsx,
307,Oreamuno,Cartago,2024,ln_gto_rvc_xkmrvcn,46.9494667053223,baseICC2023_2024.xlsx,
308,El Guarco,Cartago,2024,ln_gto_rvc_xkmrvcn,36.9879341125488,baseICC2023_2024.xlsx,
401,Heredia,Heredia,2024,ln_gto_rvc_xkmrvcn,84.9797439575195,baseICC2023_2024.xlsx,
402,Barva,Heredia,2024,ln_gto_rvc_xkmrvcn,57.6915435791016,baseICC2023_2024.xlsx,
403,Santo Domingo,Heredia,2024,ln_gto_rvc_xkmrvcn,70.0751876831055,baseICC2023_2024.xlsx,
404,Santa Bárbara,Heredia,2024,ln_gto_rvc_xkmrvcn,63.6489143371582,baseICC2023_2024.xlsx,
405,San Rafael,Heredia,2024,ln_gto_rvc_xkmrvcn,70.4553070068359,baseICC2023_2024.xlsx,
406,San Isidro,Heredia,2024,ln_gto_rvc_xkmrvcn,69.3575897216797,baseICC2023_2024.xlsx,
407,Belén,Heredia,2024,ln_gto_rvc_xkmrvcn,80.140754699707,baseICC2023_2024.xlsx,
408,Flores,Heredia,2024,ln_gto_rvc_xkmrvcn,67.6087951660156,baseICC2023_2024.xlsx,
409,San Pablo,Heredia,2024,ln_gto_rvc_xkmrvcn,77.7006988525391,baseICC2023_2024.xlsx,
410,Sarapiquí,Heredia,2024,ln_gto_rvc_xkmrvcn,31.6957836151123,baseICC2023_2024.xlsx,
501,Liberia,Guanacaste,2024,ln_gto_rvc_xkmrvcn,31.2554149627686,baseICC2023_2024.xlsx,
502,Nicoya,Guanacaste,2024,ln_gto_rvc_xkmrvcn,12.1134214401245,baseICC2023_2024.xlsx,
503,Santa Cruz,Guanacaste,2024,ln_gto_rvc_xkmrvcn,45.5086059570313,baseICC2023_2024.xlsx,
504,Bagaces,Guanacaste,2024,ln_gto_rvc_xkmrvcn,27.8576374053955,baseICC2023_2024.xlsx,
505,Carrillo,Guanacaste,2024,ln_gto_rvc_xkmrvcn,36.7128868103027,baseICC2023_2024.xlsx,
506,Cañas,Guanacaste,2024,ln_gto_rvc_xkmrvcn,43.7270431518555,baseICC2023_2024.xlsx,
507,Abangares,Guanacaste,2024,ln_gto_rvc_xkmrvcn,20.6953277587891,baseICC2023_2024.xlsx,
508,Tilarán,Guanacaste,2024,ln_gto_rvc_xkmrvcn,22.7700500488281,baseICC2023_2024.xlsx,
509,Nandayure,Guanacaste,2024,ln_gto_rvc_xkmrvcn,61.2198104858398,baseICC2023_2024.xlsx,
510,La Cruz,Guanacaste,2024,ln_gto_rvc_xkmrvcn,38.5620841979981,baseICC2023_2024.xlsx,
511,Hojancha,Guanacaste,2024,ln_gto_rvc_xkmrvcn,40.8646011352539,baseICC2023_2024.xlsx,
601,Puntarenas,Puntarenas,2024,ln_gto_rvc_xkmrvcn,20.8047294616699,baseICC2023_2024.xlsx,
602,Esparza,Puntarenas,2024,ln_gto_rvc_xkmrvcn,74.0839385986328,baseICC2023_2024.xlsx,
603,Buenos Aires,Puntarenas,2024,ln_gto_rvc_xkmrvcn,20.9398746490479,baseICC2023_2024.xlsx,
604,Montes de Oro,Puntarenas,2024,ln_gto_rvc_xkmrvcn,35.514835357666,baseICC2023_2024.xlsx,
605,Osa,Puntarenas,2024,ln_gto_rvc_xkmrvcn,32.3530731201172,baseICC2023_2024.xlsx,
606,Quepos,Puntarenas,2024,ln_gto_rvc_xkmrvcn,35.5943222045898,baseICC2023_2024.xlsx,
607,Golfito,Puntarenas,2024,ln_gto_rvc_xkmrvcn,22.7656879425049,baseICC2023_2024.xlsx,
608,Coto Brus,Puntarenas,2024,ln_gto_rvc_xkmrvcn,9.45035076141357,baseICC2023_2024.xlsx,
609,Parrita,Puntarenas,2024,ln_gto_rvc_xkmrvcn,17.9995365142822,baseICC2023_2024.xlsx,
610,Corredores,Puntarenas,2024,ln_gto_rvc_xkmrvcn,31.3331451416016,baseICC2023_2024.xlsx,
611,Garabito,Puntarenas,2024,ln_gto_rvc_xkmrvcn,36.6985855102539,baseICC2023_2024.xlsx,
701,Limón,Limón,2024,ln_gto_rvc_xkmrvcn,17.4482593536377,baseICC2023_2024.xlsx,
702,Pococí,Limón,2024,ln_gto_rvc_xkmrvcn,40.215934753418,baseICC2023_2024.xlsx,
703,Siquirres,Limón,2024,ln_gto_rvc_xkmrvcn,39.9603729248047,baseICC2023_2024.xlsx,
704,Talamanca,Limón,2024,ln_gto_rvc_xkmrvcn,35.4684257507324,baseICC2023_2024.xlsx,
705,Matina,Limón,2024,ln_gto_rvc_xkmrvcn,44.1037979125977,baseICC2023_2024.xlsx,
706,Guácimo,Limón,2024,ln_gto_rvc_xkmrvcn,47.1357307434082,baseICC2023_2024.xlsx,
101,San José,San José,2023,est_impamb_pcn,100.0,baseICC2023_2024.xlsx,
102,Escazú,San José,2023,est_impamb_pcn,34.9339065551758,baseICC2023_2024.xlsx,
103,Desamparados,San José,2023,est_impamb_pcn,39.1120529174805,baseICC2023_2024.xlsx,
104,Puriscal,San José,2023,est_impamb_pcn,11.2621755599976,baseICC2023_2024.xlsx,
105,Tarrazú,San José,2023,est_impamb_pcn,3.25933766365051,baseICC2023_2024.xlsx,
106,Aserrí,San José,2023,est_impamb_pcn,20.9065799713135,baseICC2023_2024.xlsx,
107,Mora,San José,2023,est_impamb_pcn,21.7852096557617,baseICC2023_2024.xlsx,
108,Goicoechea,San José,2023,est_impamb_pcn,42.294246673584,baseICC2023_2024.xlsx,
109,Santa Ana,San José,2023,est_impamb_pcn,46.0772094726563,baseICC2023_2024.xlsx,
110,Alajuelita,San José,2023,est_impamb_pcn,16.6516647338867,baseICC2023_2024.xlsx,
111,Vázquez de Coronado,San José,2023,est_impamb_pcn,58.863639831543,baseICC2023_2024.xlsx,
112,Acosta,San José,2023,est_impamb_pcn,10.6895227432251,baseICC2023_2024.xlsx,
113,Tibás,San José,2023,est_impamb_pcn,68.1818161010742,baseICC2023_2024.xlsx,
114,Moravia,San José,2023,est_impamb_pcn,17.0454540252686,baseICC2023_2024.xlsx,
115,Montes de Oca,San José,2023,est_impamb_pcn,20.2628688812256,baseICC2023_2024.xlsx,
116,Turrubares,San José,2023,est_impamb_pcn,30.9157752990723,baseICC2023_2024.xlsx,
117,Dota,San José,2023,est_impamb_pcn,27.7986469268799,baseICC2023_2024.xlsx,
118,Curridabat,San José,2023,est_impamb_pcn,79.7413787841797,baseICC2023_2024.xlsx,
119,Pérez Zeledón,San José,2023,est_impamb_pcn,43.6835899353027,baseICC2023_2024.xlsx,
120,León Cortés Castro,San José,2023,est_impamb_pcn,0.00499999988824129,baseICC2023_2024.xlsx,
201,Alajuela,Alajuela,2023,est_impamb_pcn,32.1916656494141,baseICC2023_2024.xlsx,
202,San Ramón,Alajuela,2023,est_impamb_pcn,12.6679267883301,baseICC2023_2024.xlsx,
203,Grecia,Alajuela,2023,est_impamb_pcn,13.1143674850464,baseICC2023_2024.xlsx,
204,San Mateo,Alajuela,2023,est_impamb_pcn,20.7631874084473,baseICC2023_2024.xlsx,
205,Atenas,Alajuela,2023,est_impamb_pcn,28.6673583984375,baseICC2023_2024.xlsx,
206,Naranjo,Alajuela,2023,est_impamb_pcn,17.5677394866943,baseICC2023_2024.xlsx,
207,Palmares,Alajuela,2023,est_impamb_pcn,23.6210422515869,baseICC2023_2024.xlsx,
208,Poás,Alajuela,2023,est_impamb_pcn,18.6868705749512,baseICC2023_2024.xlsx,
209,Orotina,Alajuela,2023,est_impamb_pcn,18.4815196990967,baseICC2023_2024.xlsx,
210,San Carlos,Alajuela,2023,est_impamb_pcn,15.9742593765259,baseICC2023_2024.xlsx,
211,Zarcero,Alajuela,2023,est_impamb_pcn,44.9029121398926,baseICC2023_2024.xlsx,
212,Sarchí,Alajuela,2023,est_impamb_pcn,10.2549886703491,baseICC2023_2024.xlsx,
213,Upala,Alajuela,2023,est_impamb_pcn,4.60351657867432,baseICC2023_2024.xlsx,
214,Los Chiles,Alajuela,2023,est_impamb_pcn,16.9026947021484,baseICC2023_2024.xlsx,
215,Guatuso,Alajuela,2023,est_impamb_pcn,26.7341041564941,baseICC2023_2024.xlsx,
301,Cartago,Cartago,2023,est_impamb_pcn,17.8916835784912,baseICC2023_2024.xlsx,
302,Paraíso,Cartago,2023,est_impamb_pcn,16.4007091522217,baseICC2023_2024.xlsx,
303,La Unión,Cartago,2023,est_impamb_pcn,11.7754983901978,baseICC2023_2024.xlsx,
304,Jiménez,Cartago,2023,est_impamb_pcn,10.3815937042236,baseICC2023_2024.xlsx,
305,Turrialba,Cartago,2023,est_impamb_pcn,6.65042304992676,baseICC2023_2024.xlsx,
306,Alvarado,Cartago,2023,est_impamb_pcn,6.89269685745239,baseICC2023_2024.xlsx,
307,Oreamuno,Cartago,2023,est_impamb_pcn,21.9845523834229,baseICC2023_2024.xlsx,
308,El Guarco,Cartago,2023,est_impamb_pcn,14.2259063720703,baseICC2023_2024.xlsx,
401,Heredia,Heredia,2023,est_impamb_pcn,31.25,baseICC2023_2024.xlsx,
402,Barva,Heredia,2023,est_impamb_pcn,10.7808856964111,baseICC2023_2024.xlsx,
403,Santo Domingo,Heredia,2023,est_impamb_pcn,20.1694068908691,baseICC2023_2024.xlsx,
404,Santa Bárbara,Heredia,2023,est_impamb_pcn,10.5113639831543,baseICC2023_2024.xlsx,
405,San Rafael,Heredia,2023,est_impamb_pcn,11.8022327423096,baseICC2023_2024.xlsx,
406,San Isidro,Heredia,2023,est_impamb_pcn,15.8662099838257,baseICC2023_2024.xlsx,
407,Belén,Heredia,2023,est_impamb_pcn,29.5632095336914,baseICC2023_2024.xlsx,
408,Flores,Heredia,2023,est_impamb_pcn,25.4820938110352,baseICC2023_2024.xlsx,
409,San Pablo,Heredia,2023,est_impamb_pcn,10.6895227432251,baseICC2023_2024.xlsx,
410,Sarapiquí,Heredia,2023,est_impamb_pcn,11.3431978225708,baseICC2023_2024.xlsx,
501,Liberia,Guanacaste,2023,est_impamb_pcn,39.8850135803223,baseICC2023_2024.xlsx,
502,Nicoya,Guanacaste,2023,est_impamb_pcn,32.5008888244629,baseICC2023_2024.xlsx,
503,Santa Cruz,Guanacaste,2023,est_impamb_pcn,38.442813873291,baseICC2023_2024.xlsx,
504,Bagaces,Guanacaste,2023,est_impamb_pcn,41.3163414001465,baseICC2023_2024.xlsx,
505,Carrillo,Guanacaste,2023,est_impamb_pcn,24.7046737670898,baseICC2023_2024.xlsx,
506,Cañas,Guanacaste,2023,est_impamb_pcn,42.3479385375977,baseICC2023_2024.xlsx,
507,Abangares,Guanacaste,2023,est_impamb_pcn,10.3390464782715,baseICC2023_2024.xlsx,
508,Tilarán,Guanacaste,2023,est_impamb_pcn,33.850154876709,baseICC2023_2024.xlsx,
509,Nandayure,Guanacaste,2023,est_impamb_pcn,52.1731910705566,baseICC2023_2024.xlsx,
510,La Cruz,Guanacaste,2023,est_impamb_pcn,27.7457294464111,baseICC2023_2024.xlsx,
511,Hojancha,Guanacaste,2023,est_impamb_pcn,16.0829601287842,baseICC2023_2024.xlsx,
601,Puntarenas,Puntarenas,2023,est_impamb_pcn,44.2175445556641,baseICC2023_2024.xlsx,
602,Esparza,Puntarenas,2023,est_impamb_pcn,30.9157752990723,baseICC2023_2024.xlsx,
603,Buenos Aires,Puntarenas,2023,est_impamb_pcn,15.7179269790649,baseICC2023_2024.xlsx,
604,Montes de Oro,Puntarenas,2023,est_impamb_pcn,10.3815937042236,baseICC2023_2024.xlsx,
605,Osa,Puntarenas,2023,est_impamb_pcn,59.6684646606445,baseICC2023_2024.xlsx,
606,Quepos,Puntarenas,2023,est_impamb_pcn,80.5983200073242,baseICC2023_2024.xlsx,
607,Golfito,Puntarenas,2023,est_impamb_pcn,6.58429956436157,baseICC2023_2024.xlsx,
608,Coto Brus,Puntarenas,2023,est_impamb_pcn,7.4510931968689,baseICC2023_2024.xlsx,
609,Parrita,Puntarenas,2023,est_impamb_pcn,39.2642364501953,baseICC2023_2024.xlsx,
610,Corredores,Puntarenas,2023,est_impamb_pcn,13.5146112442017,baseICC2023_2024.xlsx,
611,Garabito,Puntarenas,2023,est_impamb_pcn,80.5290451049805,baseICC2023_2024.xlsx,
701,Limón,Limón,2023,est_impamb_pcn,24.6360092163086,baseICC2023_2024.xlsx,
702,Pococí,Limón,2023,est_impamb_pcn,10.3633165359497,baseICC2023_2024.xlsx,
703,Siquirres,Limón,2023,est_impamb_pcn,11.6388807296753,baseICC2023_2024.xlsx,
704,Talamanca,Limón,2023,est_impamb_pcn,13.645583152771,baseICC2023_2024.xlsx,
705,Matina,Limón,2023,est_impamb_pcn,10.6175384521484,baseICC2023_2024.xlsx,
706,Guácimo,Limón,2023,est_impamb_pcn,7.88352346420288,baseICC2023_2024.xlsx,
101,San José,San José,2024,est_impamb_pcn,100.0,baseICC2023_2024.xlsx,
102,Escazú,San José,2024,est_impamb_pcn,36.4761428833008,baseICC2023_2024.xlsx,
103,Desamparados,San José,2024,est_impamb_pcn,20.7419357299805,baseICC2023_2024.xlsx,
104,Puriscal,San José,2024,est_impamb_pcn,5.80921411514282,baseICC2023_2024.xlsx,
105,Tarrazú,San José,2024,est_impamb_pcn,10.151442527771,baseICC2023_2024.xlsx,
106,Aserrí,San José,2024,est_impamb_pcn,23.5627098083496,baseICC2023_2024.xlsx,
107,Mora,San José,2024,est_impamb_pcn,24.547191619873,baseICC2023_2024.xlsx,
108,Goicoechea,San José,2024,est_impamb_pcn,20.5398387908936,baseICC2023_2024.xlsx,
109,Santa Ana,San José,2024,est_impamb_pcn,26.5931644439697,baseICC2023_2024.xlsx,
110,Alajuelita,San José,2024,est_impamb_pcn,4.02980804443359,baseICC2023_2024.xlsx,
111,Vázquez de Coronado,San José,2024,est_impamb_pcn,37.1206817626953,baseICC2023_2024.xlsx,
112,Acosta,San José,2024,est_impamb_pcn,7.17072916030884,baseICC2023_2024.xlsx,
113,Tibás,San José,2024,est_impamb_pcn,40.0866432189941,baseICC2023_2024.xlsx,
114,Moravia,San José,2024,est_impamb_pcn,18.9747505187988,baseICC2023_2024.xlsx,
115,Montes de Oca,San José,2024,est_impamb_pcn,30.6183910369873,baseICC2023_2024.xlsx,
116,Turrubares,San José,2024,est_impamb_pcn,20.5398387908936,baseICC2023_2024.xlsx,
117,Dota,San José,2024,est_impamb_pcn,20.0999774932861,baseICC2023_2024.xlsx,
118,Curridabat,San José,2024,est_impamb_pcn,64.0115203857422,baseICC2023_2024.xlsx,
119,Pérez Zeledón,San José,2024,est_impamb_pcn,15.6595077514648,baseICC2023_2024.xlsx,
120,León Cortés Castro,San José,2024,est_impamb_pcn,20.6809253692627,baseICC2023_2024.xlsx,
201,Alajuela,Alajuela,2024,est_impamb_pcn,29.2577381134033,baseICC2023_2024.xlsx,
202,San Ramón,Alajuela,2024,est_impamb_pcn,15.5435695648193,baseICC2023_2024.xlsx,
203,Grecia,Alajuela,2024,est_impamb_pcn,8.98348903656006,baseICC2023_2024.xlsx,
204,San Mateo,Alajuela,2024,est_impamb_pcn,13.8493213653564,baseICC2023_2024.xlsx,
205,Atenas,Alajuela,2024,est_impamb_pcn,38.4357528686523,baseICC2023_2024.xlsx,
206,Naranjo,Alajuela,2024,est_impamb_pcn,28.31960105896,baseICC2023_2024.xlsx,
207,Palmares,Alajuela,2024,est_impamb_pcn,13.1373519897461,baseICC2023_2024.xlsx,
208,Poás,Alajuela,2024,est_impamb_pcn,9.08327388763428,baseICC2023_2024.xlsx,
209,Orotina,Alajuela,2024,est_impamb_pcn,10.4837055206299,baseICC2023_2024.xlsx,
210,San Carlos,Alajuela,2024,est_impamb_pcn,23.5223560333252,baseICC2023_2024.xlsx,
211,Zarcero,Alajuela,2024,est_impamb_pcn,8.24609565734863,baseICC2023_2024.xlsx,
212,Sarchí,Alajuela,2024,est_impamb_pcn,14.6092977523804,baseICC2023_2024.xlsx,
213,Upala,Alajuela,2024,est_impamb_pcn,2.93120884895325,baseICC2023_2024.xlsx,
214,Los Chiles,Alajuela,2024,est_impamb_pcn,23.9555473327637,baseICC2023_2024.xlsx,
215,Guatuso,Alajuela,2024,est_impamb_pcn,48.6599617004395,baseICC2023_2024.xlsx,
216,Río Cuarto,Alajuela,2024,est_impamb_pcn,14.5714492797852,baseICC2023_2024.xlsx,
301,Cartago,Cartago,2024,est_impamb_pcn,20.0022296905518,baseICC2023_2024.xlsx,
302,Paraíso,Cartago,2024,est_impamb_pcn,13.1878747940063,baseICC2023_2024.xlsx,
303,La Unión,Cartago,2024,est_impamb_pcn,9.73880672454834,baseICC2023_2024.xlsx,
304,Jiménez,Cartago,2024,est_impamb_pcn,7.75549030303955,baseICC2023_2024.xlsx,
305,Turrialba,Cartago,2024,est_impamb_pcn,17.7664394378662,baseICC2023_2024.xlsx,
306,Alvarado,Cartago,2024,est_impamb_pcn,12.3500452041626,baseICC2023_2024.xlsx,
307,Oreamuno,Cartago,2024,est_impamb_pcn,14.4962682723999,baseICC2023_2024.xlsx,
308,El Guarco,Cartago,2024,est_impamb_pcn,10.4959106445313,baseICC2023_2024.xlsx,
401,Heredia,Heredia,2024,est_impamb_pcn,17.9006729125977,baseICC2023_2024.xlsx,
402,Barva,Heredia,2024,est_impamb_pcn,15.5984745025635,baseICC2023_2024.xlsx,
403,Santo Domingo,Heredia,2024,est_impamb_pcn,14.1782655715942,baseICC2023_2024.xlsx,
404,Santa Bárbara,Heredia,2024,est_impamb_pcn,5.02266073226929,baseICC2023_2024.xlsx,
405,San Rafael,Heredia,2024,est_impamb_pcn,0.0,baseICC2023_2024.xlsx,
406,San Isidro,Heredia,2024,est_impamb_pcn,9.39392566680908,baseICC2023_2024.xlsx,
407,Belén,Heredia,2024,est_impamb_pcn,28.9823303222656,baseICC2023_2024.xlsx,
408,Flores,Heredia,2024,est_impamb_pcn,36.5241394042969,baseICC2023_2024.xlsx,
409,San Pablo,Heredia,2024,est_impamb_pcn,34.1437301635742,baseICC2023_2024.xlsx,
410,Sarapiquí,Heredia,2024,est_impamb_pcn,9.43278026580811,baseICC2023_2024.xlsx,
501,Liberia,Guanacaste,2024,est_impamb_pcn,24.401912689209,baseICC2023_2024.xlsx,
502,Nicoya,Guanacaste,2024,est_impamb_pcn,23.9555473327637,baseICC2023_2024.xlsx,
503,Santa Cruz,Guanacaste,2024,est_impamb_pcn,18.6640033721924,baseICC2023_2024.xlsx,
504,Bagaces,Guanacaste,2024,est_impamb_pcn,35.7087593078613,baseICC2023_2024.xlsx,
505,Carrillo,Guanacaste,2024,est_impamb_pcn,22.3490867614746,baseICC2023_2024.xlsx,
506,Cañas,Guanacaste,2024,est_impamb_pcn,37.1206817626953,baseICC2023_2024.xlsx,
507,Abangares,Guanacaste,2024,est_impamb_pcn,32.714168548584,baseICC2023_2024.xlsx,
508,Tilarán,Guanacaste,2024,est_impamb_pcn,56.1856575012207,baseICC2023_2024.xlsx,
509,Nandayure,Guanacaste,2024,est_impamb_pcn,7.80764532089233,baseICC2023_2024.xlsx,
510,La Cruz,Guanacaste,2024,est_impamb_pcn,25.0938854217529,baseICC2023_2024.xlsx,
511,Hojancha,Guanacaste,2024,est_impamb_pcn,19.599536895752,baseICC2023_2024.xlsx,
601,Puntarenas,Puntarenas,2024,est_impamb_pcn,30.8689861297607,baseICC2023_2024.xlsx,
602,Esparza,Puntarenas,2024,est_impamb_pcn,11.2064361572266,baseICC2023_2024.xlsx,
603,Buenos Aires,Puntarenas,2024,est_impamb_pcn,2.52720522880554,baseICC2023_2024.xlsx,
604,Montes de Oro,Puntarenas,2024,est_impamb_pcn,34.3621368408203,baseICC2023_2024.xlsx,
605,Osa,Puntarenas,2024,est_impamb_pcn,46.1009254455566,baseICC2023_2024.xlsx,
606,Quepos,Puntarenas,2024,est_impamb_pcn,54.6650543212891,baseICC2023_2024.xlsx,
607,Golfito,Puntarenas,2024,est_impamb_pcn,16.6082954406738,baseICC2023_2024.xlsx,
608,Coto Brus,Puntarenas,2024,est_impamb_pcn,6.97869968414307,baseICC2023_2024.xlsx,
609,Parrita,Puntarenas,2024,est_impamb_pcn,19.3766498565674,baseICC2023_2024.xlsx,
610,Corredores,Puntarenas,2024,est_impamb_pcn,18.9747505187988,baseICC2023_2024.xlsx,
611,Garabito,Puntarenas,2024,est_impamb_pcn,42.5757064819336,baseICC2023_2024.xlsx,
701,Limón,Limón,2024,est_impamb_pcn,55.9050788879395,baseICC2023_2024.xlsx,
702,Pococí,Limón,2024,est_impamb_pcn,13.8954858779907,baseICC2023_2024.xlsx,
703,Siquirres,Limón,2024,est_impamb_pcn,19.1706924438477,baseICC2023_2024.xlsx,
704,Talamanca,Limón,2024,est_impamb_pcn,13.0910158157349,baseICC2023_2024.xlsx,
705,Matina,Limón,2024,est_impamb_pcn,9.39392566680908,baseICC2023_2024.xlsx,
706,Guácimo,Limón,2024,est_impamb_pcn,6.43855619430542,baseICC2023_2024.xlsx,
101,San José,San José,2023,br_patenten,79.1666717529297,baseICC2023_2024.xlsx,
102,Escazú,San José,2023,br_patenten,70.8333282470703,baseICC2023_2024.xlsx,
103,Desamparados,San José,2023,br_patenten,97.9166717529297,baseICC2023_2024.xlsx,
104,Puriscal,San José,2023,br_patenten,93.75,baseICC2023_2024.xlsx,
105,Tarrazú,San José,2023,br_patenten,97.9166717529297,baseICC2023_2024.xlsx,
106,Aserrí,San José,2023,br_patenten,79.1666717529297,baseICC2023_2024.xlsx,
107,Mora,San José,2023,br_patenten,79.1666717529297,baseICC2023_2024.xlsx,
108,Goicoechea,San José,2023,br_patenten,79.1666717529297,baseICC2023_2024.xlsx,
109,Santa Ana,San José,2023,br_patenten,79.1666717529297,baseICC2023_2024.xlsx,
110,Alajuelita,San José,2023,br_patenten,75.0,baseICC2023_2024.xlsx,
111,Vázquez de Coronado,San José,2023,br_patenten,58.3333320617676,baseICC2023_2024.xlsx,
112,Acosta,San José,2023,br_patenten,85.4166717529297,baseICC2023_2024.xlsx,
113,Tibás,San José,2023,br_patenten,100.0,baseICC2023_2024.xlsx,
114,Moravia,San José,2023,br_patenten,87.5,baseICC2023_2024.xlsx,
115,Montes de Oca,San José,2023,br_patenten,0.00499999988824129,baseICC2023_2024.xlsx,
116,Turrubares,San José,2023,br_patenten,85.4166717529297,baseICC2023_2024.xlsx,
117,Dota,San José,2023,br_patenten,83.3333282470703,baseICC2023_2024.xlsx,
118,Curridabat,San José,2023,br_patenten,89.5833282470703,baseICC2023_2024.xlsx,
119,Pérez Zeledón,San José,2023,br_patenten,91.6666717529297,baseICC2023_2024.xlsx,
120,León Cortés Castro,San José,2023,br_patenten,89.5833282470703,baseICC2023_2024.xlsx,
201,Alajuela,Alajuela,2023,br_patenten,89.5833282470703,baseICC2023_2024.xlsx,
202,San Ramón,Alajuela,2023,br_patenten,79.1666717529297,baseICC2023_2024.xlsx,
203,Grecia,Alajuela,2023,br_patenten,58.3333320617676,baseICC2023_2024.xlsx,
204,San Mateo,Alajuela,2023,br_patenten,95.8333282470703,baseICC2023_2024.xlsx,
205,Atenas,Alajuela,2023,br_patenten,89.5833282470703,baseICC2023_2024.xlsx,
206,Naranjo,Alajuela,2023,br_patenten,79.1666717529297,baseICC2023_2024.xlsx,
207,Palmares,Alajuela,2023,br_patenten,37.5,baseICC2023_2024.xlsx,
208,Poás,Alajuela,2023,br_patenten,85.4166717529297,baseICC2023_2024.xlsx,
209,Orotina,Alajuela,2023,br_patenten,91.6666717529297,baseICC2023_2024.xlsx,
210,San Carlos,Alajuela,2023,br_patenten,97.9166717529297,baseICC2023_2024.xlsx,
211,Zarcero,Alajuela,2023,br_patenten,79.1666717529297,baseICC2023_2024.xlsx,
212,Sarchí,Alajuela,2023,br_patenten,68.75,baseICC2023_2024.xlsx,
213,Upala,Alajuela,2023,br_patenten,79.1666717529297,baseICC2023_2024.xlsx,
214,Los Chiles,Alajuela,2023,br_patenten,79.1666717529297,baseICC2023_2024.xlsx,
215,Guatuso,Alajuela,2023,br_patenten,91.6666717529297,baseICC2023_2024.xlsx,
301,Cartago,Cartago,2023,br_patenten,89.5833282470703,baseICC2023_2024.xlsx,
302,Paraíso,Cartago,2023,br_patenten,93.75,baseICC2023_2024.xlsx,
303,La Unión,Cartago,2023,br_patenten,79.1666717529297,baseICC2023_2024.xlsx,
304,Jiménez,Cartago,2023,br_patenten,70.8333282470703,baseICC2023_2024.xlsx,
305,Turrialba,Cartago,2023,br_patenten,89.5833282470703,baseICC2023_2024.xlsx,
306,Alvarado,Cartago,2023,br_patenten,68.75,baseICC2023_2024.xlsx,
307,Oreamuno,Cartago,2023,br_patenten,37.5,baseICC2023_2024.xlsx,
308,El Guarco,Cartago,2023,br_patenten,75.0,baseICC2023_2024.xlsx,
401,Heredia,Heredia,2023,br_patenten,68.75,baseICC2023_2024.xlsx,
402,Barva,Heredia,2023,br_patenten,68.75,baseICC2023_2024.xlsx,
403,Santo Domingo,Heredia,2023,br_patenten,37.5,baseICC2023_2024.xlsx,
404,Santa Bárbara,Heredia,2023,br_patenten,68.75,baseICC2023_2024.xlsx,
405,San Rafael,Heredia,2023,br_patenten,93.75,baseICC2023_2024.xlsx,
406,San Isidro,Heredia,2023,br_patenten,79.1666717529297,baseICC2023_2024.xlsx,
407,Belén,Heredia,2023,br_patenten,79.1666717529297,baseICC2023_2024.xlsx,
408,Flores,Heredia,2023,br_patenten,37.5,baseICC2023_2024.xlsx,
409,San Pablo,Heredia,2023,br_patenten,79.1666717529297,baseICC2023_2024.xlsx,
410,Sarapiquí,Heredia,2023,br_patenten,16.6666679382324,baseICC2023_2024.xlsx,
501,Liberia,Guanacaste,2023,br_patenten,68.75,baseICC2023_2024.xlsx,
502,Nicoya,Guanacaste,2023,br_patenten,89.5833282470703,baseICC2023_2024.xlsx,
503,Santa Cruz,Guanacaste,2023,br_patenten,68.75,baseICC2023_2024.xlsx,
504,Bagaces,Guanacaste,2023,br_patenten,79.1666717529297,baseICC2023_2024.xlsx,
505,Carrillo,Guanacaste,2023,br_patenten,85.4166717529297,baseICC2023_2024.xlsx,
506,Cañas,Guanacaste,2023,br_patenten,85.4166717529297,baseICC2023_2024.xlsx,
507,Abangares,Guanacaste,2023,br_patenten,87.5,baseICC2023_2024.xlsx,
508,Tilarán,Guanacaste,2023,br_patenten,95.8333282470703,baseICC2023_2024.xlsx,
509,Nandayure,Guanacaste,2023,br_patenten,93.75,baseICC2023_2024.xlsx,
510,La Cruz,Guanacaste,2023,br_patenten,85.4166717529297,baseICC2023_2024.xlsx,
511,Hojancha,Guanacaste,2023,br_patenten,95.8333282470703,baseICC2023_2024.xlsx,
601,Puntarenas,Puntarenas,2023,br_patenten,79.1666717529297,baseICC2023_2024.xlsx,
602,Esparza,Puntarenas,2023,br_patenten,89.5833282470703,baseICC2023_2024.xlsx,
603,Buenos Aires,Puntarenas,2023,br_patenten,85.4166717529297,baseICC2023_2024.xlsx,
604,Montes de Oro,Puntarenas,2023,br_patenten,79.1666717529297,baseICC2023_2024.xlsx,
605,Osa,Puntarenas,2023,br_patenten,97.9166717529297,baseICC2023_2024.xlsx,
606,Quepos,Puntarenas,2023,br_patenten,93.75,baseICC2023_2024.xlsx,
607,Golfito,Puntarenas,2023,br_patenten,68.75,baseICC2023_2024.xlsx,
608,Coto Brus,Puntarenas,2023,br_patenten,93.75,baseICC2023_2024.xlsx,
609,Parrita,Puntarenas,2023,br_patenten,79.1666717529297,baseICC2023_2024.xlsx,
610,Corredores,Puntarenas,2023,br_patenten,79.1666717529297,baseICC2023_2024.xlsx,
611,Garabito,Puntarenas,2023,br_patenten,89.5833282470703,baseICC2023_2024.xlsx,
701,Limón,Limón,2023,br_patenten,79.1666717529297,baseICC2023_2024.xlsx,
702,Pococí,Limón,2023,br_patenten,83.3333282470703,baseICC2023_2024.xlsx,
703,Siquirres,Limón,2023,br_patenten,70.8333282470703,baseICC2023_2024.xlsx,
704,Talamanca,Limón,2023,br_patenten,75.0,baseICC2023_2024.xlsx,
705,Matina,Limón,2023,br_patenten,79.1666717529297,baseICC2023_2024.xlsx,
706,Guácimo,Limón,2023,br_patenten,93.75,baseICC2023_2024.xlsx,
101,San José,San José,2024,br_patenten,83.9285736083984,baseICC2023_2024.xlsx,
102,Escazú,San José,2024,br_patenten,48.2142868041992,baseICC2023_2024.xlsx,
103,Desamparados,San José,2024,br_patenten,96.4285736083984,baseICC2023_2024.xlsx,
104,Puriscal,San José,2024,br_patenten,76.7857131958008,baseICC2023_2024.xlsx,
105,Tarrazú,San José,2024,br_patenten,100.0,baseICC2023_2024.xlsx,
106,Aserrí,San José,2024,br_patenten,48.2142868041992,baseICC2023_2024.xlsx,
107,Mora,San José,2024,br_patenten,75.0,baseICC2023_2024.xlsx,
108,Goicoechea,San José,2024,br_patenten,87.5,baseICC2023_2024.xlsx,
109,Santa Ana,San José,2024,br_patenten,89.3392868041992,baseICC2023_2024.xlsx,
110,Alajuelita,San José,2024,br_patenten,83.9285736083984,baseICC2023_2024.xlsx,
111,Vázquez de Coronado,San José,2024,br_patenten,66.0714263916016,baseICC2023_2024.xlsx,
112,Acosta,San José,2024,br_patenten,94.6428604125977,baseICC2023_2024.xlsx,
113,Tibás,San José,2024,br_patenten,89.2857131958008,baseICC2023_2024.xlsx,
114,Moravia,San José,2024,br_patenten,91.0714263916016,baseICC2023_2024.xlsx,
115,Montes de Oca,San José,2024,br_patenten,0.0,baseICC2023_2024.xlsx,
116,Turrubares,San José,2024,br_patenten,83.9285736083984,baseICC2023_2024.xlsx,
117,Dota,San José,2024,br_patenten,62.5,baseICC2023_2024.xlsx,
118,Curridabat,San José,2024,br_patenten,92.8571395874023,baseICC2023_2024.xlsx,
119,Pérez Zeledón,San José,2024,br_patenten,94.6428604125977,baseICC2023_2024.xlsx,
120,León Cortés Castro,San José,2024,br_patenten,89.2857131958008,baseICC2023_2024.xlsx,
201,Alajuela,Alajuela,2024,br_patenten,92.8571395874023,baseICC2023_2024.xlsx,
202,San Ramón,Alajuela,2024,br_patenten,83.9285736083984,baseICC2023_2024.xlsx,
203,Grecia,Alajuela,2024,br_patenten,96.4285736083984,baseICC2023_2024.xlsx,
204,San Mateo,Alajuela,2024,br_patenten,98.2142868041992,baseICC2023_2024.xlsx,
205,Atenas,Alajuela,2024,br_patenten,92.8571395874023,baseICC2023_2024.xlsx,
206,Naranjo,Alajuela,2024,br_patenten,92.8571395874023,baseICC2023_2024.xlsx,
207,Palmares,Alajuela,2024,br_patenten,48.2142868041992,baseICC2023_2024.xlsx,
208,Poás,Alajuela,2024,br_patenten,92.8571395874023,baseICC2023_2024.xlsx,
209,Orotina,Alajuela,2024,br_patenten,91.0714263916016,baseICC2023_2024.xlsx,
210,San Carlos,Alajuela,2024,br_patenten,100.0,baseICC2023_2024.xlsx,
211,Zarcero,Alajuela,2024,br_patenten,92.8571395874023,baseICC2023_2024.xlsx,
212,Sarchí,Alajuela,2024,br_patenten,83.9285736083984,baseICC2023_2024.xlsx,
213,Upala,Alajuela,2024,br_patenten,75.0,baseICC2023_2024.xlsx,
214,Los Chiles,Alajuela,2024,br_patenten,96.4285736083984,baseICC2023_2024.xlsx,
215,Guatuso,Alajuela,2024,br_patenten,83.9285736083984,baseICC2023_2024.xlsx,
216,Río Cuarto,Alajuela,2024,br_patenten,98.2142868041992,baseICC2023_2024.xlsx,
301,Cartago,Cartago,2024,br_patenten,87.5,baseICC2023_2024.xlsx,
302,Paraíso,Cartago,2024,br_patenten,83.9285736083984,baseICC2023_2024.xlsx,
303,La Unión,Cartago,2024,br_patenten,92.8571395874023,baseICC2023_2024.xlsx,
304,Jiménez,Cartago,2024,br_patenten,89.2857131958008,baseICC2023_2024.xlsx,
305,Turrialba,Cartago,2024,br_patenten,92.8571395874023,baseICC2023_2024.xlsx,
306,Alvarado,Cartago,2024,br_patenten,96.4285736083984,baseICC2023_2024.xlsx,
307,Oreamuno,Cartago,2024,br_patenten,83.9285736083984,baseICC2023_2024.xlsx,
308,El Guarco,Cartago,2024,br_patenten,66.0714263916016,baseICC2023_2024.xlsx,
401,Heredia,Heredia,2024,br_patenten,83.7321395874023,baseICC2023_2024.xlsx,
402,Barva,Heredia,2024,br_patenten,75.0,baseICC2023_2024.xlsx,
403,Santo Domingo,Heredia,2024,br_patenten,73.2142868041992,baseICC2023_2024.xlsx,
404,Santa Bárbara,Heredia,2024,br_patenten,92.8571395874023,baseICC2023_2024.xlsx,
405,San Rafael,Heredia,2024,br_patenten,98.2142868041992,baseICC2023_2024.xlsx,
406,San Isidro,Heredia,2024,br_patenten,87.5,baseICC2023_2024.xlsx,
407,Belén,Heredia,2024,br_patenten,83.9285736083984,baseICC2023_2024.xlsx,
408,Flores,Heredia,2024,br_patenten,48.2142868041992,baseICC2023_2024.xlsx,
409,San Pablo,Heredia,2024,br_patenten,83.9285736083984,baseICC2023_2024.xlsx,
410,Sarapiquí,Heredia,2024,br_patenten,62.5,baseICC2023_2024.xlsx,
501,Liberia,Guanacaste,2024,br_patenten,93.5357131958008,baseICC2023_2024.xlsx,
502,Nicoya,Guanacaste,2024,br_patenten,83.9285736083984,baseICC2023_2024.xlsx,
503,Santa Cruz,Guanacaste,2024,br_patenten,83.9285736083984,baseICC2023_2024.xlsx,
504,Bagaces,Guanacaste,2024,br_patenten,89.2857131958008,baseICC2023_2024.xlsx,
505,Carrillo,Guanacaste,2024,br_patenten,89.2857131958008,baseICC2023_2024.xlsx,
506,Cañas,Guanacaste,2024,br_patenten,93.2142868041992,baseICC2023_2024.xlsx,
507,Abangares,Guanacaste,2024,br_patenten,96.4285736083984,baseICC2023_2024.xlsx,
508,Tilarán,Guanacaste,2024,br_patenten,75.0,baseICC2023_2024.xlsx,
509,Nandayure,Guanacaste,2024,br_patenten,96.4285736083984,baseICC2023_2024.xlsx,
510,La Cruz,Guanacaste,2024,br_patenten,89.2857131958008,baseICC2023_2024.xlsx,
511,Hojancha,Guanacaste,2024,br_patenten,92.8571395874023,baseICC2023_2024.xlsx,
601,Puntarenas,Puntarenas,2024,br_patenten,83.9285736083984,baseICC2023_2024.xlsx,
602,Esparza,Puntarenas,2024,br_patenten,76.7857131958008,baseICC2023_2024.xlsx,
603,Buenos Aires,Puntarenas,2024,br_patenten,96.4285736083984,baseICC2023_2024.xlsx,
604,Montes de Oro,Puntarenas,2024,br_patenten,83.9285736083984,baseICC2023_2024.xlsx,
605,Osa,Puntarenas,2024,br_patenten,100.0,baseICC2023_2024.xlsx,
606,Quepos,Puntarenas,2024,br_patenten,92.8571395874023,baseICC2023_2024.xlsx,
607,Golfito,Puntarenas,2024,br_patenten,92.8571395874023,baseICC2023_2024.xlsx,
608,Coto Brus,Puntarenas,2024,br_patenten,98.2142868041992,baseICC2023_2024.xlsx,
609,Parrita,Puntarenas,2024,br_patenten,95.1785659790039,baseICC2023_2024.xlsx,
610,Corredores,Puntarenas,2024,br_patenten,83.9285736083984,baseICC2023_2024.xlsx,
611,Garabito,Puntarenas,2024,br_patenten,48.2142868041992,baseICC2023_2024.xlsx,
701,Limón,Limón,2024,br_patenten,87.5,baseICC2023_2024.xlsx,
702,Pococí,Limón,2024,br_patenten,100.0,baseICC2023_2024.xlsx,
703,Siquirres,Limón,2024,br_patenten,21.4285717010498,baseICC2023_2024.xlsx,
704,Talamanca,Limón,2024,br_patenten,83.9285736083984,baseICC2023_2024.xlsx,
705,Matina,Limón,2024,br_patenten,83.9285736083984,baseICC2023_2024.xlsx,
706,Guácimo,Limón,2024,br_patenten,75.0,baseICC2023_2024.xlsx,
101,San José,San José,2023,elecc_presidn,55.172737121582,baseICC2023_2024.xlsx,
102,Escazú,San José,2023,elecc_presidn,73.3619232177734,baseICC2023_2024.xlsx,
103,Desamparados,San José,2023,elecc_presidn,60.3526000976563,baseICC2023_2024.xlsx,
104,Puriscal,San José,2023,elecc_presidn,68.6662902832031,baseICC2023_2024.xlsx,
105,Tarrazú,San José,2023,elecc_presidn,62.2591552734375,baseICC2023_2024.xlsx,
106,Aserrí,San José,2023,elecc_presidn,58.0412216186523,baseICC2023_2024.xlsx,
107,Mora,San José,2023,elecc_presidn,68.6482772827148,baseICC2023_2024.xlsx,
108,Goicoechea,San José,2023,elecc_presidn,59.2317352294922,baseICC2023_2024.xlsx,
109,Santa Ana,San José,2023,elecc_presidn,74.9706039428711,baseICC2023_2024.xlsx,
110,Alajuelita,San José,2023,elecc_presidn,46.6447944641113,baseICC2023_2024.xlsx,
111,Vázquez de Coronado,San José,2023,elecc_presidn,73.3096389770508,baseICC2023_2024.xlsx,
112,Acosta,San José,2023,elecc_presidn,59.2666015625,baseICC2023_2024.xlsx,
113,Tibás,San José,2023,elecc_presidn,63.3603515625,baseICC2023_2024.xlsx,
114,Moravia,San José,2023,elecc_presidn,76.1116104125977,baseICC2023_2024.xlsx,
115,Montes de Oca,San José,2023,elecc_presidn,77.5595779418945,baseICC2023_2024.xlsx,
116,Turrubares,San José,2023,elecc_presidn,45.743293762207,baseICC2023_2024.xlsx,
117,Dota,San José,2023,elecc_presidn,69.2135772705078,baseICC2023_2024.xlsx,
118,Curridabat,San José,2023,elecc_presidn,71.1801071166992,baseICC2023_2024.xlsx,
119,Pérez Zeledón,San José,2023,elecc_presidn,49.60595703125,baseICC2023_2024.xlsx,
120,León Cortés Castro,San José,2023,elecc_presidn,62.3820381164551,baseICC2023_2024.xlsx,
201,Alajuela,Alajuela,2023,elecc_presidn,57.3170013427734,baseICC2023_2024.xlsx,
202,San Ramón,Alajuela,2023,elecc_presidn,63.4908065795898,baseICC2023_2024.xlsx,
203,Grecia,Alajuela,2023,elecc_presidn,76.4754486083984,baseICC2023_2024.xlsx,
204,San Mateo,Alajuela,2023,elecc_presidn,48.2943496704102,baseICC2023_2024.xlsx,
205,Atenas,Alajuela,2023,elecc_presidn,70.480354309082,baseICC2023_2024.xlsx,
206,Naranjo,Alajuela,2023,elecc_presidn,65.2270050048828,baseICC2023_2024.xlsx,
207,Palmares,Alajuela,2023,elecc_presidn,72.1191253662109,baseICC2023_2024.xlsx,
208,Poás,Alajuela,2023,elecc_presidn,75.9697647094727,baseICC2023_2024.xlsx,
209,Orotina,Alajuela,2023,elecc_presidn,32.0498809814453,baseICC2023_2024.xlsx,
210,San Carlos,Alajuela,2023,elecc_presidn,61.5997009277344,baseICC2023_2024.xlsx,
211,Zarcero,Alajuela,2023,elecc_presidn,99.9999923706055,baseICC2023_2024.xlsx,
212,Sarchí,Alajuela,2023,elecc_presidn,59.0183792114258,baseICC2023_2024.xlsx,
213,Upala,Alajuela,2023,elecc_presidn,17.6307239532471,baseICC2023_2024.xlsx,
214,Los Chiles,Alajuela,2023,elecc_presidn,12.4777173995972,baseICC2023_2024.xlsx,
215,Guatuso,Alajuela,2023,elecc_presidn,38.0875396728516,baseICC2023_2024.xlsx,
301,Cartago,Cartago,2023,elecc_presidn,80.296257019043,baseICC2023_2024.xlsx,
302,Paraíso,Cartago,2023,elecc_presidn,65.8582916259766,baseICC2023_2024.xlsx,
303,La Unión,Cartago,2023,elecc_presidn,68.7189407348633,baseICC2023_2024.xlsx,
304,Jiménez,Cartago,2023,elecc_presidn,60.7081413269043,baseICC2023_2024.xlsx,
305,Turrialba,Cartago,2023,elecc_presidn,56.4271278381348,baseICC2023_2024.xlsx,
306,Alvarado,Cartago,2023,elecc_presidn,64.5702133178711,baseICC2023_2024.xlsx,
307,Oreamuno,Cartago,2023,elecc_presidn,72.1457366943359,baseICC2023_2024.xlsx,
308,El Guarco,Cartago,2023,elecc_presidn,78.5054473876953,baseICC2023_2024.xlsx,
401,Heredia,Heredia,2023,elecc_presidn,66.7930450439453,baseICC2023_2024.xlsx,
402,Barva,Heredia,2023,elecc_presidn,81.217414855957,baseICC2023_2024.xlsx,
403,Santo Domingo,Heredia,2023,elecc_presidn,81.4722061157227,baseICC2023_2024.xlsx,
404,Santa Bárbara,Heredia,2023,elecc_presidn,73.1362838745117,baseICC2023_2024.xlsx,
405,San Rafael,Heredia,2023,elecc_presidn,60.3150024414063,baseICC2023_2024.xlsx,
406,San Isidro,Heredia,2023,elecc_presidn,75.8934707641602,baseICC2023_2024.xlsx,
407,Belén,Heredia,2023,elecc_presidn,86.1232604980469,baseICC2023_2024.xlsx,
408,Flores,Heredia,2023,elecc_presidn,84.0864715576172,baseICC2023_2024.xlsx,
409,San Pablo,Heredia,2023,elecc_presidn,79.5207595825195,baseICC2023_2024.xlsx,
410,Sarapiquí,Heredia,2023,elecc_presidn,34.3593940734863,baseICC2023_2024.xlsx,
501,Liberia,Guanacaste,2023,elecc_presidn,27.3799934387207,baseICC2023_2024.xlsx,
502,Nicoya,Guanacaste,2023,elecc_presidn,39.0482940673828,baseICC2023_2024.xlsx,
503,Santa Cruz,Guanacaste,2023,elecc_presidn,22.7829418182373,baseICC2023_2024.xlsx,
504,Bagaces,Guanacaste,2023,elecc_presidn,26.2183609008789,baseICC2023_2024.xlsx,
505,Carrillo,Guanacaste,2023,elecc_presidn,17.3151340484619,baseICC2023_2024.xlsx,
506,Cañas,Guanacaste,2023,elecc_presidn,25.0729351043701,baseICC2023_2024.xlsx,
507,Abangares,Guanacaste,2023,elecc_presidn,40.224048614502,baseICC2023_2024.xlsx,
508,Tilarán,Guanacaste,2023,elecc_presidn,58.4608421325684,baseICC2023_2024.xlsx,
509,Nandayure,Guanacaste,2023,elecc_presidn,57.8308563232422,baseICC2023_2024.xlsx,
510,La Cruz,Guanacaste,2023,elecc_presidn,0.00499999988824129,baseICC2023_2024.xlsx,
511,Hojancha,Guanacaste,2023,elecc_presidn,45.3557395935059,baseICC2023_2024.xlsx,
601,Puntarenas,Puntarenas,2023,elecc_presidn,24.7159557342529,baseICC2023_2024.xlsx,
602,Esparza,Puntarenas,2023,elecc_presidn,44.0832061767578,baseICC2023_2024.xlsx,
603,Buenos Aires,Puntarenas,2023,elecc_presidn,22.1117610931397,baseICC2023_2024.xlsx,
604,Montes de Oro,Puntarenas,2023,elecc_presidn,47.3320617675781,baseICC2023_2024.xlsx,
605,Osa,Puntarenas,2023,elecc_presidn,15.2734146118164,baseICC2023_2024.xlsx,
606,Quepos,Puntarenas,2023,elecc_presidn,16.9682445526123,baseICC2023_2024.xlsx,
607,Golfito,Puntarenas,2023,elecc_presidn,3.52250075340271,baseICC2023_2024.xlsx,
608,Coto Brus,Puntarenas,2023,elecc_presidn,20.1525802612305,baseICC2023_2024.xlsx,
609,Parrita,Puntarenas,2023,elecc_presidn,20.8749866485596,baseICC2023_2024.xlsx,
610,Corredores,Puntarenas,2023,elecc_presidn,9.38988304138184,baseICC2023_2024.xlsx,
611,Garabito,Puntarenas,2023,elecc_presidn,9.41888809204102,baseICC2023_2024.xlsx,
701,Limón,Limón,2023,elecc_presidn,19.8589382171631,baseICC2023_2024.xlsx,
702,Pococí,Limón,2023,elecc_presidn,35.5274085998535,baseICC2023_2024.xlsx,
703,Siquirres,Limón,2023,elecc_presidn,22.1993751525879,baseICC2023_2024.xlsx,
704,Talamanca,Limón,2023,elecc_presidn,9.7454891204834,baseICC2023_2024.xlsx,
705,Matina,Limón,2023,elecc_presidn,19.5595092773438,baseICC2023_2024.xlsx,
706,Guácimo,Limón,2023,elecc_presidn,26.1749954223633,baseICC2023_2024.xlsx,
101,San José,San José,2024,elecc_presidn,55.172737121582,baseICC2023_2024.xlsx,
102,Escazú,San José,2024,elecc_presidn,73.3619232177734,baseICC2023_2024.xlsx,
103,Desamparados,San José,2024,elecc_presidn,60.3526000976563,baseICC2023_2024.xlsx,
104,Puriscal,San José,2024,elecc_presidn,68.6662902832031,baseICC2023_2024.xlsx,
105,Tarrazú,San José,2024,elecc_presidn,62.2591552734375,baseICC2023_2024.xlsx,
106,Aserrí,San José,2024,elecc_presidn,58.0412216186523,baseICC2023_2024.xlsx,
107,Mora,San José,2024,elecc_presidn,68.6482772827148,baseICC2023_2024.xlsx,
108,Goicoechea,San José,2024,elecc_presidn,59.2317352294922,baseICC2023_2024.xlsx,
109,Santa Ana,San José,2024,elecc_presidn,74.9706039428711,baseICC2023_2024.xlsx,
110,Alajuelita,San José,2024,elecc_presidn,46.6447944641113,baseICC2023_2024.xlsx,
111,Vázquez de Coronado,San José,2024,elecc_presidn,73.3096389770508,baseICC2023_2024.xlsx,
112,Acosta,San José,2024,elecc_presidn,59.2666015625,baseICC2023_2024.xlsx,
113,Tibás,San José,2024,elecc_presidn,63.3603515625,baseICC2023_2024.xlsx,
114,Moravia,San José,2024,elecc_presidn,76.1116104125977,baseICC2023_2024.xlsx,
115,Montes de Oca,San José,2024,elecc_presidn,77.5595779418945,baseICC2023_2024.xlsx,
116,Turrubares,San José,2024,elecc_presidn,45.743293762207,baseICC2023_2024.xlsx,
117,Dota,San José,2024,elecc_presidn,69.2135772705078,baseICC2023_2024.xlsx,
118,Curridabat,San José,2024,elecc_presidn,71.1801071166992,baseICC2023_2024.xlsx,
119,Pérez Zeledón,San José,2024,elecc_presidn,49.60595703125,baseICC2023_2024.xlsx,
120,León Cortés Castro,San José,2024,elecc_presidn,62.3820381164551,baseICC2023_2024.xlsx,
201,Alajuela,Alajuela,2024,elecc_presidn,57.3170013427734,baseICC2023_2024.xlsx,
202,San Ramón,Alajuela,2024,elecc_presidn,63.4908065795898,baseICC2023_2024.xlsx,
203,Grecia,Alajuela,2024,elecc_presidn,76.4754486083984,baseICC2023_2024.xlsx,
204,San Mateo,Alajuela,2024,elecc_presidn,48.2943496704102,baseICC2023_2024.xlsx,
205,Atenas,Alajuela,2024,elecc_presidn,70.480354309082,baseICC2023_2024.xlsx,
206,Naranjo,Alajuela,2024,elecc_presidn,65.2270050048828,baseICC2023_2024.xlsx,
207,Palmares,Alajuela,2024,elecc_presidn,72.1191253662109,baseICC2023_2024.xlsx,
208,Poás,Alajuela,2024,elecc_presidn,75.9697647094727,baseICC2023_2024.xlsx,
209,Orotina,Alajuela,2024,elecc_presidn,32.0498809814453,baseICC2023_2024.xlsx,
210,San Carlos,Alajuela,2024,elecc_presidn,61.5997009277344,baseICC2023_2024.xlsx,
211,Zarcero,Alajuela,2024,elecc_presidn,99.9999923706055,baseICC2023_2024.xlsx,
212,Sarchí,Alajuela,2024,elecc_presidn,59.0183792114258,baseICC2023_2024.xlsx,
213,Upala,Alajuela,2024,elecc_presidn,17.6307239532471,baseICC2023_2024.xlsx,
214,Los Chiles,Alajuela,2024,elecc_presidn,12.4777173995972,baseICC2023_2024.xlsx,
215,Guatuso,Alajuela,2024,elecc_presidn,38.0875396728516,baseICC2023_2024.xlsx,
216,Río Cuarto,Alajuela,2024,elecc_presidn,50.4761352539063,baseICC2023_2024.xlsx,
301,Cartago,Cartago,2024,elecc_presidn,80.296257019043,baseICC2023_2024.xlsx,
302,Paraíso,Cartago,2024,elecc_presidn,65.8582916259766,baseICC2023_2024.xlsx,
303,La Unión,Cartago,2024,elecc_presidn,68.7189407348633,baseICC2023_2024.xlsx,
304,Jiménez,Cartago,2024,elecc_presidn,60.7081413269043,baseICC2023_2024.xlsx,
305,Turrialba,Cartago,2024,elecc_presidn,56.4271278381348,baseICC2023_2024.xlsx,
306,Alvarado,Cartago,2024,elecc_presidn,64.5702133178711,baseICC2023_2024.xlsx,
307,Oreamuno,Cartago,2024,elecc_presidn,72.1457366943359,baseICC2023_2024.xlsx,
308,El Guarco,Cartago,2024,elecc_presidn,78.5054473876953,baseICC2023_2024.xlsx,
401,Heredia,Heredia,2024,elecc_presidn,66.7930450439453,baseICC2023_2024.xlsx,
402,Barva,Heredia,2024,elecc_presidn,81.217414855957,baseICC2023_2024.xlsx,
403,Santo Domingo,Heredia,2024,elecc_presidn,81.4722061157227,baseICC2023_2024.xlsx,
404,Santa Bárbara,Heredia,2024,elecc_presidn,73.1362838745117,baseICC2023_2024.xlsx,
405,San Rafael,Heredia,2024,elecc_presidn,60.3150024414063,baseICC2023_2024.xlsx,
406,San Isidro,Heredia,2024,elecc_presidn,75.8934707641602,baseICC2023_2024.xlsx,
407,Belén,Heredia,2024,elecc_presidn,86.1232604980469,baseICC2023_2024.xlsx,
408,Flores,Heredia,2024,elecc_presidn,84.0864715576172,baseICC2023_2024.xlsx,
409,San Pablo,Heredia,2024,elecc_presidn,79.5207595825195,baseICC2023_2024.xlsx,
410,Sarapiquí,Heredia,2024,elecc_presidn,34.3593940734863,baseICC2023_2024.xlsx,
501,Liberia,Guanacaste,2024,elecc_presidn,27.3799934387207,baseICC2023_2024.xlsx,
502,Nicoya,Guanacaste,2024,elecc_presidn,39.0482940673828,baseICC2023_2024.xlsx,
503,Santa Cruz,Guanacaste,2024,elecc_presidn,22.7829418182373,baseICC2023_2024.xlsx,
504,Bagaces,Guanacaste,2024,elecc_presidn,26.2183609008789,baseICC2023_2024.xlsx,
505,Carrillo,Guanacaste,2024,elecc_presidn,17.3151340484619,baseICC2023_2024.xlsx,
506,Cañas,Guanacaste,2024,elecc_presidn,25.0729351043701,baseICC2023_2024.xlsx,
507,Abangares,Guanacaste,2024,elecc_presidn,40.224048614502,baseICC2023_2024.xlsx,
508,Tilarán,Guanacaste,2024,elecc_presidn,58.4608421325684,baseICC2023_2024.xlsx,
509,Nandayure,Guanacaste,2024,elecc_presidn,57.8308563232422,baseICC2023_2024.xlsx,
510,La Cruz,Guanacaste,2024,elecc_presidn,0.0,baseICC2023_2024.xlsx,
511,Hojancha,Guanacaste,2024,elecc_presidn,45.3557395935059,baseICC2023_2024.xlsx,
601,Puntarenas,Puntarenas,2024,elecc_presidn,24.7159557342529,baseICC2023_2024.xlsx,
602,Esparza,Puntarenas,2024,elecc_presidn,44.0832061767578,baseICC2023_2024.xlsx,
603,Buenos Aires,Puntarenas,2024,elecc_presidn,22.1117610931397,baseICC2023_2024.xlsx,
604,Montes de Oro,Puntarenas,2024,elecc_presidn,47.3320617675781,baseICC2023_2024.xlsx,
605,Osa,Puntarenas,2024,elecc_presidn,15.2734146118164,baseICC2023_2024.xlsx,
606,Quepos,Puntarenas,2024,elecc_presidn,16.9682445526123,baseICC2023_2024.xlsx,
607,Golfito,Puntarenas,2024,elecc_presidn,3.52250075340271,baseICC2023_2024.xlsx,
608,Coto Brus,Puntarenas,2024,elecc_presidn,20.1525802612305,baseICC2023_2024.xlsx,
609,Parrita,Puntarenas,2024,elecc_presidn,20.8749866485596,baseICC2023_2024.xlsx,
610,Corredores,Puntarenas,2024,elecc_presidn,9.38988304138184,baseICC2023_2024.xlsx,
611,Garabito,Puntarenas,2024,elecc_presidn,9.41888809204102,baseICC2023_2024.xlsx,
701,Limón,Limón,2024,elecc_presidn,19.8589382171631,baseICC2023_2024.xlsx,
702,Pococí,Limón,2024,elecc_presidn,35.5274085998535,baseICC2023_2024.xlsx,
703,Siquirres,Limón,2024,elecc_presidn,22.1993751525879,baseICC2023_2024.xlsx,
704,Talamanca,Limón,2024,elecc_presidn,9.7454891204834,baseICC2023_2024.xlsx,
705,Matina,Limón,2024,elecc_presidn,19.5595092773438,baseICC2023_2024.xlsx,
706,Guácimo,Limón,2024,elecc_presidn,26.1749954223633,baseICC2023_2024.xlsx,
101,San José,San José,2023,elecc_alcn,4.01507463720918e-07,baseICC2023_2024.xlsx,
102,Escazú,San José,2023,elecc_alcn,38.5928230285645,baseICC2023_2024.xlsx,
103,Desamparados,San José,2023,elecc_alcn,4.66478157043457,baseICC2023_2024.xlsx,
104,Puriscal,San José,2023,elecc_alcn,41.2648811340332,baseICC2023_2024.xlsx,
105,Tarrazú,San José,2023,elecc_alcn,41.7503433227539,baseICC2023_2024.xlsx,
106,Aserrí,San José,2023,elecc_alcn,9.88502788543701,baseICC2023_2024.xlsx,
107,Mora,San José,2023,elecc_alcn,35.9421424865723,baseICC2023_2024.xlsx,
108,Goicoechea,San José,2023,elecc_alcn,3.84299421310425,baseICC2023_2024.xlsx,
109,Santa Ana,San José,2023,elecc_alcn,40.1742515563965,baseICC2023_2024.xlsx,
110,Alajuelita,San José,2023,elecc_alcn,15.6000938415527,baseICC2023_2024.xlsx,
111,Vázquez de Coronado,San José,2023,elecc_alcn,11.4098463058472,baseICC2023_2024.xlsx,
112,Acosta,San José,2023,elecc_alcn,49.5346069335938,baseICC2023_2024.xlsx,
113,Tibás,San José,2023,elecc_alcn,7.86184740066528,baseICC2023_2024.xlsx,
114,Moravia,San José,2023,elecc_alcn,15.0101299285889,baseICC2023_2024.xlsx,
115,Montes de Oca,San José,2023,elecc_alcn,13.0082349777222,baseICC2023_2024.xlsx,
116,Turrubares,San José,2023,elecc_alcn,100.000015258789,baseICC2023_2024.xlsx,
117,Dota,San José,2023,elecc_alcn,67.8437957763672,baseICC2023_2024.xlsx,
118,Curridabat,San José,2023,elecc_alcn,9.69833183288574,baseICC2023_2024.xlsx,
119,Pérez Zeledón,San José,2023,elecc_alcn,27.7171173095703,baseICC2023_2024.xlsx,
120,León Cortés Castro,San José,2023,elecc_alcn,37.8104133605957,baseICC2023_2024.xlsx,
201,Alajuela,Alajuela,2023,elecc_alcn,10.7991542816162,baseICC2023_2024.xlsx,
202,San Ramón,Alajuela,2023,elecc_alcn,30.8990993499756,baseICC2023_2024.xlsx,
203,Grecia,Alajuela,2023,elecc_alcn,33.5132484436035,baseICC2023_2024.xlsx,
204,San Mateo,Alajuela,2023,elecc_alcn,96.5514984130859,baseICC2023_2024.xlsx,
205,Atenas,Alajuela,2023,elecc_alcn,68.4185943603516,baseICC2023_2024.xlsx,
206,Naranjo,Alajuela,2023,elecc_alcn,42.9353866577148,baseICC2023_2024.xlsx,
207,Palmares,Alajuela,2023,elecc_alcn,47.9849166870117,baseICC2023_2024.xlsx,
208,Poás,Alajuela,2023,elecc_alcn,40.763126373291,baseICC2023_2024.xlsx,
209,Orotina,Alajuela,2023,elecc_alcn,51.6455574035645,baseICC2023_2024.xlsx,
210,San Carlos,Alajuela,2023,elecc_alcn,30.308032989502,baseICC2023_2024.xlsx,
211,Zarcero,Alajuela,2023,elecc_alcn,51.5813522338867,baseICC2023_2024.xlsx,
212,Sarchí,Alajuela,2023,elecc_alcn,53.5941963195801,baseICC2023_2024.xlsx,
213,Upala,Alajuela,2023,elecc_alcn,37.4928398132324,baseICC2023_2024.xlsx,
214,Los Chiles,Alajuela,2023,elecc_alcn,33.399097442627,baseICC2023_2024.xlsx,
215,Guatuso,Alajuela,2023,elecc_alcn,52.7345123291016,baseICC2023_2024.xlsx,
301,Cartago,Cartago,2023,elecc_alcn,37.1850090026856,baseICC2023_2024.xlsx,
302,Paraíso,Cartago,2023,elecc_alcn,31.2939262390137,baseICC2023_2024.xlsx,
303,La Unión,Cartago,2023,elecc_alcn,15.3938474655151,baseICC2023_2024.xlsx,
304,Jiménez,Cartago,2023,elecc_alcn,61.0290603637695,baseICC2023_2024.xlsx,
305,Turrialba,Cartago,2023,elecc_alcn,25.6218070983887,baseICC2023_2024.xlsx,
306,Alvarado,Cartago,2023,elecc_alcn,43.2979278564453,baseICC2023_2024.xlsx,
307,Oreamuno,Cartago,2023,elecc_alcn,25.1684818267822,baseICC2023_2024.xlsx,
308,El Guarco,Cartago,2023,elecc_alcn,38.2351264953613,baseICC2023_2024.xlsx,
401,Heredia,Heredia,2023,elecc_alcn,3.3484194278717,baseICC2023_2024.xlsx,
402,Barva,Heredia,2023,elecc_alcn,28.7383880615234,baseICC2023_2024.xlsx,
403,Santo Domingo,Heredia,2023,elecc_alcn,22.3873386383057,baseICC2023_2024.xlsx,
404,Santa Bárbara,Heredia,2023,elecc_alcn,26.5687046051025,baseICC2023_2024.xlsx,
405,San Rafael,Heredia,2023,elecc_alcn,16.2199611663818,baseICC2023_2024.xlsx,
406,San Isidro,Heredia,2023,elecc_alcn,25.0464401245117,baseICC2023_2024.xlsx,
407,Belén,Heredia,2023,elecc_alcn,39.5086860656738,baseICC2023_2024.xlsx,
408,Flores,Heredia,2023,elecc_alcn,30.4527053833008,baseICC2023_2024.xlsx,
409,San Pablo,Heredia,2023,elecc_alcn,24.4631938934326,baseICC2023_2024.xlsx,
410,Sarapiquí,Heredia,2023,elecc_alcn,26.916036605835,baseICC2023_2024.xlsx,
501,Liberia,Guanacaste,2023,elecc_alcn,22.5535545349121,baseICC2023_2024.xlsx,
502,Nicoya,Guanacaste,2023,elecc_alcn,42.8566398620606,baseICC2023_2024.xlsx,
503,Santa Cruz,Guanacaste,2023,elecc_alcn,45.6269607543945,baseICC2023_2024.xlsx,
504,Bagaces,Guanacaste,2023,elecc_alcn,37.4638748168945,baseICC2023_2024.xlsx,
505,Carrillo,Guanacaste,2023,elecc_alcn,43.1747093200684,baseICC2023_2024.xlsx,
506,Cañas,Guanacaste,2023,elecc_alcn,35.1677398681641,baseICC2023_2024.xlsx,
507,Abangares,Guanacaste,2023,elecc_alcn,61.5069198608398,baseICC2023_2024.xlsx,
508,Tilarán,Guanacaste,2023,elecc_alcn,48.682014465332,baseICC2023_2024.xlsx,
509,Nandayure,Guanacaste,2023,elecc_alcn,88.7363739013672,baseICC2023_2024.xlsx,
510,La Cruz,Guanacaste,2023,elecc_alcn,57.379638671875,baseICC2023_2024.xlsx,
511,Hojancha,Guanacaste,2023,elecc_alcn,76.2567520141602,baseICC2023_2024.xlsx,
601,Puntarenas,Puntarenas,2023,elecc_alcn,33.2326469421387,baseICC2023_2024.xlsx,
602,Esparza,Puntarenas,2023,elecc_alcn,51.076602935791,baseICC2023_2024.xlsx,
603,Buenos Aires,Puntarenas,2023,elecc_alcn,28.331729888916,baseICC2023_2024.xlsx,
604,Montes de Oro,Puntarenas,2023,elecc_alcn,66.460563659668,baseICC2023_2024.xlsx,
605,Osa,Puntarenas,2023,elecc_alcn,44.6222229003906,baseICC2023_2024.xlsx,
606,Quepos,Puntarenas,2023,elecc_alcn,51.7463798522949,baseICC2023_2024.xlsx,
607,Golfito,Puntarenas,2023,elecc_alcn,24.2708854675293,baseICC2023_2024.xlsx,
608,Coto Brus,Puntarenas,2023,elecc_alcn,42.175464630127,baseICC2023_2024.xlsx,
609,Parrita,Puntarenas,2023,elecc_alcn,56.3702774047852,baseICC2023_2024.xlsx,
610,Corredores,Puntarenas,2023,elecc_alcn,24.2391319274902,baseICC2023_2024.xlsx,
611,Garabito,Puntarenas,2023,elecc_alcn,44.2560386657715,baseICC2023_2024.xlsx,
701,Limón,Limón,2023,elecc_alcn,21.5661144256592,baseICC2023_2024.xlsx,
702,Pococí,Limón,2023,elecc_alcn,15.0695753097534,baseICC2023_2024.xlsx,
703,Siquirres,Limón,2023,elecc_alcn,16.1796092987061,baseICC2023_2024.xlsx,
704,Talamanca,Limón,2023,elecc_alcn,62.776611328125,baseICC2023_2024.xlsx,
705,Matina,Limón,2023,elecc_alcn,47.9611587524414,baseICC2023_2024.xlsx,
706,Guácimo,Limón,2023,elecc_alcn,24.9504203796387,baseICC2023_2024.xlsx,
101,San José,San José,2024,elecc_alcn,3.37337923049927,baseICC2023_2024.xlsx,
102,Escazú,San José,2024,elecc_alcn,44.1267814636231,baseICC2023_2024.xlsx,
103,Desamparados,San José,2024,elecc_alcn,0.0,baseICC2023_2024.xlsx,
104,Puriscal,San José,2024,elecc_alcn,34.8840560913086,baseICC2023_2024.xlsx,
105,Tarrazú,San José,2024,elecc_alcn,39.1116676330566,baseICC2023_2024.xlsx,
106,Aserrí,San José,2024,elecc_alcn,20.5816478729248,baseICC2023_2024.xlsx,
107,Mora,San José,2024,elecc_alcn,31.8408107757568,baseICC2023_2024.xlsx,
108,Goicoechea,San José,2024,elecc_alcn,4.81881809234619,baseICC2023_2024.xlsx,
109,Santa Ana,San José,2024,elecc_alcn,41.226619720459,baseICC2023_2024.xlsx,
110,Alajuelita,San José,2024,elecc_alcn,1.23023664951324,baseICC2023_2024.xlsx,
111,Vázquez de Coronado,San José,2024,elecc_alcn,8.17879772186279,baseICC2023_2024.xlsx,
112,Acosta,San José,2024,elecc_alcn,42.1635780334473,baseICC2023_2024.xlsx,
113,Tibás,San José,2024,elecc_alcn,11.6492357254028,baseICC2023_2024.xlsx,
114,Moravia,San José,2024,elecc_alcn,14.0000772476196,baseICC2023_2024.xlsx,
115,Montes de Oca,San José,2024,elecc_alcn,14.1853513717651,baseICC2023_2024.xlsx,
116,Turrubares,San José,2024,elecc_alcn,100.0,baseICC2023_2024.xlsx,
117,Dota,San José,2024,elecc_alcn,73.0868377685547,baseICC2023_2024.xlsx,
118,Curridabat,San José,2024,elecc_alcn,10.1348724365234,baseICC2023_2024.xlsx,
119,Pérez Zeledón,San José,2024,elecc_alcn,27.1800155639648,baseICC2023_2024.xlsx,
120,León Cortés Castro,San José,2024,elecc_alcn,54.7228088378906,baseICC2023_2024.xlsx,
201,Alajuela,Alajuela,2024,elecc_alcn,17.9911823272705,baseICC2023_2024.xlsx,
202,San Ramón,Alajuela,2024,elecc_alcn,42.593132019043,baseICC2023_2024.xlsx,
203,Grecia,Alajuela,2024,elecc_alcn,32.5374946594238,baseICC2023_2024.xlsx,
204,San Mateo,Alajuela,2024,elecc_alcn,87.1899642944336,baseICC2023_2024.xlsx,
205,Atenas,Alajuela,2024,elecc_alcn,74.0144500732422,baseICC2023_2024.xlsx,
206,Naranjo,Alajuela,2024,elecc_alcn,43.5157165527344,baseICC2023_2024.xlsx,
207,Palmares,Alajuela,2024,elecc_alcn,54.919563293457,baseICC2023_2024.xlsx,
208,Poás,Alajuela,2024,elecc_alcn,38.2750434875488,baseICC2023_2024.xlsx,
209,Orotina,Alajuela,2024,elecc_alcn,32.365478515625,baseICC2023_2024.xlsx,
210,San Carlos,Alajuela,2024,elecc_alcn,33.0385322570801,baseICC2023_2024.xlsx,
211,Zarcero,Alajuela,2024,elecc_alcn,59.2922859191895,baseICC2023_2024.xlsx,
212,Sarchí,Alajuela,2024,elecc_alcn,72.8152618408203,baseICC2023_2024.xlsx,
213,Upala,Alajuela,2024,elecc_alcn,35.9881401062012,baseICC2023_2024.xlsx,
214,Los Chiles,Alajuela,2024,elecc_alcn,50.6064643859863,baseICC2023_2024.xlsx,
215,Guatuso,Alajuela,2024,elecc_alcn,68.034538269043,baseICC2023_2024.xlsx,
216,Río Cuarto,Alajuela,2024,elecc_alcn,66.5201187133789,baseICC2023_2024.xlsx,
301,Cartago,Cartago,2024,elecc_alcn,32.7198371887207,baseICC2023_2024.xlsx,
302,Paraíso,Cartago,2024,elecc_alcn,44.9585685729981,baseICC2023_2024.xlsx,
303,La Unión,Cartago,2024,elecc_alcn,10.0384540557861,baseICC2023_2024.xlsx,
304,Jiménez,Cartago,2024,elecc_alcn,78.5810775756836,baseICC2023_2024.xlsx,
305,Turrialba,Cartago,2024,elecc_alcn,36.5818748474121,baseICC2023_2024.xlsx,
306,Alvarado,Cartago,2024,elecc_alcn,62.2635307312012,baseICC2023_2024.xlsx,
307,Oreamuno,Cartago,2024,elecc_alcn,26.6690139770508,baseICC2023_2024.xlsx,
308,El Guarco,Cartago,2024,elecc_alcn,34.913330078125,baseICC2023_2024.xlsx,
401,Heredia,Heredia,2024,elecc_alcn,4.42787265777588,baseICC2023_2024.xlsx,
402,Barva,Heredia,2024,elecc_alcn,39.4657745361328,baseICC2023_2024.xlsx,
403,Santo Domingo,Heredia,2024,elecc_alcn,23.9850444793701,baseICC2023_2024.xlsx,
404,Santa Bárbara,Heredia,2024,elecc_alcn,23.8284549713135,baseICC2023_2024.xlsx,
405,San Rafael,Heredia,2024,elecc_alcn,24.5077285766602,baseICC2023_2024.xlsx,
406,San Isidro,Heredia,2024,elecc_alcn,43.5806846618652,baseICC2023_2024.xlsx,
407,Belén,Heredia,2024,elecc_alcn,52.1893577575684,baseICC2023_2024.xlsx,
408,Flores,Heredia,2024,elecc_alcn,35.247241973877,baseICC2023_2024.xlsx,
409,San Pablo,Heredia,2024,elecc_alcn,24.7959270477295,baseICC2023_2024.xlsx,
410,Sarapiquí,Heredia,2024,elecc_alcn,33.1850509643555,baseICC2023_2024.xlsx,
501,Liberia,Guanacaste,2024,elecc_alcn,17.0708618164063,baseICC2023_2024.xlsx,
502,Nicoya,Guanacaste,2024,elecc_alcn,41.4293632507324,baseICC2023_2024.xlsx,
503,Santa Cruz,Guanacaste,2024,elecc_alcn,41.0841445922852,baseICC2023_2024.xlsx,
504,Bagaces,Guanacaste,2024,elecc_alcn,29.115894317627,baseICC2023_2024.xlsx,
505,Carrillo,Guanacaste,2024,elecc_alcn,35.7767372131348,baseICC2023_2024.xlsx,
506,Cañas,Guanacaste,2024,elecc_alcn,28.5961246490479,baseICC2023_2024.xlsx,
507,Abangares,Guanacaste,2024,elecc_alcn,66.8875732421875,baseICC2023_2024.xlsx,
508,Tilarán,Guanacaste,2024,elecc_alcn,52.8929786682129,baseICC2023_2024.xlsx,
509,Nandayure,Guanacaste,2024,elecc_alcn,95.8268508911133,baseICC2023_2024.xlsx,
510,La Cruz,Guanacaste,2024,elecc_alcn,40.0983619689941,baseICC2023_2024.xlsx,
511,Hojancha,Guanacaste,2024,elecc_alcn,79.94921875,baseICC2023_2024.xlsx,
601,Puntarenas,Puntarenas,2024,elecc_alcn,30.5497264862061,baseICC2023_2024.xlsx,
602,Esparza,Puntarenas,2024,elecc_alcn,57.1583023071289,baseICC2023_2024.xlsx,
603,Buenos Aires,Puntarenas,2024,elecc_alcn,20.9453811645508,baseICC2023_2024.xlsx,
604,Montes de Oro,Puntarenas,2024,elecc_alcn,80.2032318115234,baseICC2023_2024.xlsx,
605,Osa,Puntarenas,2024,elecc_alcn,54.1888542175293,baseICC2023_2024.xlsx,
606,Quepos,Puntarenas,2024,elecc_alcn,52.826774597168,baseICC2023_2024.xlsx,
607,Golfito,Puntarenas,2024,elecc_alcn,34.6845817565918,baseICC2023_2024.xlsx,
608,Coto Brus,Puntarenas,2024,elecc_alcn,48.4981193542481,baseICC2023_2024.xlsx,
609,Parrita,Puntarenas,2024,elecc_alcn,66.525016784668,baseICC2023_2024.xlsx,
610,Corredores,Puntarenas,2024,elecc_alcn,22.4892768859863,baseICC2023_2024.xlsx,
611,Garabito,Puntarenas,2024,elecc_alcn,44.8062973022461,baseICC2023_2024.xlsx,
701,Limón,Limón,2024,elecc_alcn,27.1264133453369,baseICC2023_2024.xlsx,
702,Pococí,Limón,2024,elecc_alcn,15.0071229934692,baseICC2023_2024.xlsx,
703,Siquirres,Limón,2024,elecc_alcn,28.6852512359619,baseICC2023_2024.xlsx,
704,Talamanca,Limón,2024,elecc_alcn,56.808765411377,baseICC2023_2024.xlsx,
705,Matina,Limón,2024,elecc_alcn,44.1112022399902,baseICC2023_2024.xlsx,
706,Guácimo,Limón,2024,elecc_alcn,35.3805618286133,baseICC2023_2024.xlsx,
101,San José,San José,2023,competencian,51.1912536621094,baseICC2023_2024.xlsx,
102,Escazú,San José,2023,competencian,100.0,baseICC2023_2024.xlsx,
103,Desamparados,San José,2023,competencian,6.14863443374634,baseICC2023_2024.xlsx,
104,Puriscal,San José,2023,competencian,9.8823127746582,baseICC2023_2024.xlsx,
105,Tarrazú,San José,2023,competencian,18.1197128295898,baseICC2023_2024.xlsx,
106,Aserrí,San José,2023,competencian,2.40374159812927,baseICC2023_2024.xlsx,
107,Mora,San José,2023,competencian,19.8735542297363,baseICC2023_2024.xlsx,
108,Goicoechea,San José,2023,competencian,15.2169303894043,baseICC2023_2024.xlsx,
109,Santa Ana,San José,2023,competencian,63.2212142944336,baseICC2023_2024.xlsx,
110,Alajuelita,San José,2023,competencian,0.00499999988824129,baseICC2023_2024.xlsx,
111,Vázquez de Coronado,San José,2023,competencian,9.74025821685791,baseICC2023_2024.xlsx,
112,Acosta,San José,2023,competencian,5.59389209747314,baseICC2023_2024.xlsx,
113,Tibás,San José,2023,competencian,18.507438659668,baseICC2023_2024.xlsx,
114,Moravia,San José,2023,competencian,21.9786930084229,baseICC2023_2024.xlsx,
115,Montes de Oca,San José,2023,competencian,61.9427146911621,baseICC2023_2024.xlsx,
116,Turrubares,San José,2023,competencian,10.4968605041504,baseICC2023_2024.xlsx,
117,Dota,San José,2023,competencian,22.0763721466064,baseICC2023_2024.xlsx,
118,Curridabat,San José,2023,competencian,42.6899528503418,baseICC2023_2024.xlsx,
119,Pérez Zeledón,San José,2023,competencian,14.0309143066406,baseICC2023_2024.xlsx,
120,León Cortés Castro,San José,2023,competencian,6.90746450424194,baseICC2023_2024.xlsx,
201,Alajuela,Alajuela,2023,competencian,17.7009830474854,baseICC2023_2024.xlsx,
202,San Ramón,Alajuela,2023,competencian,14.8642520904541,baseICC2023_2024.xlsx,
203,Grecia,Alajuela,2023,competencian,16.2698040008545,baseICC2023_2024.xlsx,
204,San Mateo,Alajuela,2023,competencian,14.6690320968628,baseICC2023_2024.xlsx,
205,Atenas,Alajuela,2023,competencian,24.6778774261475,baseICC2023_2024.xlsx,
206,Naranjo,Alajuela,2023,competencian,12.5500869750977,baseICC2023_2024.xlsx,
207,Palmares,Alajuela,2023,competencian,19.8693504333496,baseICC2023_2024.xlsx,
208,Poás,Alajuela,2023,competencian,13.2509708404541,baseICC2023_2024.xlsx,
209,Orotina,Alajuela,2023,competencian,16.3110523223877,baseICC2023_2024.xlsx,
210,San Carlos,Alajuela,2023,competencian,18.7964839935303,baseICC2023_2024.xlsx,
211,Zarcero,Alajuela,2023,competencian,27.8613052368164,baseICC2023_2024.xlsx,
212,Sarchí,Alajuela,2023,competencian,13.1116580963135,baseICC2023_2024.xlsx,
213,Upala,Alajuela,2023,competencian,5.04595756530762,baseICC2023_2024.xlsx,
214,Los Chiles,Alajuela,2023,competencian,7.3956356048584,baseICC2023_2024.xlsx,
215,Guatuso,Alajuela,2023,competencian,4.9610013961792,baseICC2023_2024.xlsx,
301,Cartago,Cartago,2023,competencian,22.3425159454346,baseICC2023_2024.xlsx,
302,Paraíso,Cartago,2023,competencian,8.23065853118897,baseICC2023_2024.xlsx,
303,La Unión,Cartago,2023,competencian,18.0398139953613,baseICC2023_2024.xlsx,
304,Jiménez,Cartago,2023,competencian,0.920445024967194,baseICC2023_2024.xlsx,
305,Turrialba,Cartago,2023,competencian,12.4800291061401,baseICC2023_2024.xlsx,
306,Alvarado,Cartago,2023,competencian,7.88339138031006,baseICC2023_2024.xlsx,
307,Oreamuno,Cartago,2023,competencian,7.72452640533447,baseICC2023_2024.xlsx,
308,El Guarco,Cartago,2023,competencian,14.8886709213257,baseICC2023_2024.xlsx,
401,Heredia,Heredia,2023,competencian,29.4398403167725,baseICC2023_2024.xlsx,
402,Barva,Heredia,2023,competencian,13.7266216278076,baseICC2023_2024.xlsx,
403,Santo Domingo,Heredia,2023,competencian,25.8368492126465,baseICC2023_2024.xlsx,
404,Santa Bárbara,Heredia,2023,competencian,10.6155967712402,baseICC2023_2024.xlsx,
405,San Rafael,Heredia,2023,competencian,15.784122467041,baseICC2023_2024.xlsx,
406,San Isidro,Heredia,2023,competencian,19.4858169555664,baseICC2023_2024.xlsx,
407,Belén,Heredia,2023,competencian,56.5645027160645,baseICC2023_2024.xlsx,
408,Flores,Heredia,2023,competencian,33.5918884277344,baseICC2023_2024.xlsx,
409,San Pablo,Heredia,2023,competencian,21.0263977050781,baseICC2023_2024.xlsx,
410,Sarapiquí,Heredia,2023,competencian,5.35167217254639,baseICC2023_2024.xlsx,
501,Liberia,Guanacaste,2023,competencian,17.9512748718262,baseICC2023_2024.xlsx,
502,Nicoya,Guanacaste,2023,competencian,22.1594429016113,baseICC2023_2024.xlsx,
503,Santa Cruz,Guanacaste,2023,competencian,35.5967063903809,baseICC2023_2024.xlsx,
504,Bagaces,Guanacaste,2023,competencian,9.27217864990234,baseICC2023_2024.xlsx,
505,Carrillo,Guanacaste,2023,competencian,18.7855434417725,baseICC2023_2024.xlsx,
506,Cañas,Guanacaste,2023,competencian,13.9049558639526,baseICC2023_2024.xlsx,
507,Abangares,Guanacaste,2023,competencian,12.1121768951416,baseICC2023_2024.xlsx,
508,Tilarán,Guanacaste,2023,competencian,21.9794235229492,baseICC2023_2024.xlsx,
509,Nandayure,Guanacaste,2023,competencian,16.8262710571289,baseICC2023_2024.xlsx,
510,La Cruz,Guanacaste,2023,competencian,4.06769895553589,baseICC2023_2024.xlsx,
511,Hojancha,Guanacaste,2023,competencian,17.8850154876709,baseICC2023_2024.xlsx,
601,Puntarenas,Puntarenas,2023,competencian,14.9517936706543,baseICC2023_2024.xlsx,
602,Esparza,Puntarenas,2023,competencian,9.45002555847168,baseICC2023_2024.xlsx,
603,Buenos Aires,Puntarenas,2023,competencian,5.05797004699707,baseICC2023_2024.xlsx,
604,Montes de Oro,Puntarenas,2023,competencian,15.6313180923462,baseICC2023_2024.xlsx,
605,Osa,Puntarenas,2023,competencian,31.2238655090332,baseICC2023_2024.xlsx,
606,Quepos,Puntarenas,2023,competencian,28.579532623291,baseICC2023_2024.xlsx,
607,Golfito,Puntarenas,2023,competencian,14.7092151641846,baseICC2023_2024.xlsx,
608,Coto Brus,Puntarenas,2023,competencian,14.6447401046753,baseICC2023_2024.xlsx,
609,Parrita,Puntarenas,2023,competencian,15.8197193145752,baseICC2023_2024.xlsx,
610,Corredores,Puntarenas,2023,competencian,7.89657974243164,baseICC2023_2024.xlsx,
611,Garabito,Puntarenas,2023,competencian,42.7185859680176,baseICC2023_2024.xlsx,
701,Limón,Limón,2023,competencian,11.2317304611206,baseICC2023_2024.xlsx,
702,Pococí,Limón,2023,competencian,9.62914943695068,baseICC2023_2024.xlsx,
703,Siquirres,Limón,2023,competencian,7.30910015106201,baseICC2023_2024.xlsx,
704,Talamanca,Limón,2023,competencian,15.6442699432373,baseICC2023_2024.xlsx,
705,Matina,Limón,2023,competencian,3.56513404846191,baseICC2023_2024.xlsx,
706,Guácimo,Limón,2023,competencian,3.35713958740234,baseICC2023_2024.xlsx,
101,San José,San José,2024,competencian,50.6032943725586,baseICC2023_2024.xlsx,
102,Escazú,San José,2024,competencian,100.0,baseICC2023_2024.xlsx,
103,Desamparados,San José,2024,competencian,7.00799131393433,baseICC2023_2024.xlsx,
104,Puriscal,San José,2024,competencian,11.1896991729736,baseICC2023_2024.xlsx,
105,Tarrazú,San José,2024,competencian,18.1215476989746,baseICC2023_2024.xlsx,
106,Aserrí,San José,2024,competencian,3.39055919647217,baseICC2023_2024.xlsx,
107,Mora,San José,2024,competencian,21.7650547027588,baseICC2023_2024.xlsx,
108,Goicoechea,San José,2024,competencian,16.0665245056152,baseICC2023_2024.xlsx,
109,Santa Ana,San José,2024,competencian,63.5956115722656,baseICC2023_2024.xlsx,
110,Alajuelita,San José,2024,competencian,1.08098876476288,baseICC2023_2024.xlsx,
111,Vázquez de Coronado,San José,2024,competencian,10.6935758590698,baseICC2023_2024.xlsx,
112,Acosta,San José,2024,competencian,6.3227801322937,baseICC2023_2024.xlsx,
113,Tibás,San José,2024,competencian,18.5907859802246,baseICC2023_2024.xlsx,
114,Moravia,San José,2024,competencian,22.3289127349854,baseICC2023_2024.xlsx,
115,Montes de Oca,San José,2024,competencian,62.2006607055664,baseICC2023_2024.xlsx,
116,Turrubares,San José,2024,competencian,11.4082288742065,baseICC2023_2024.xlsx,
117,Dota,San José,2024,competencian,23.1594867706299,baseICC2023_2024.xlsx,
118,Curridabat,San José,2024,competencian,42.6317291259766,baseICC2023_2024.xlsx,
119,Pérez Zeledón,San José,2024,competencian,15.1974182128906,baseICC2023_2024.xlsx,
120,León Cortés Castro,San José,2024,competencian,7.01224374771118,baseICC2023_2024.xlsx,
201,Alajuela,Alajuela,2024,competencian,18.67356300354,baseICC2023_2024.xlsx,
202,San Ramón,Alajuela,2024,competencian,16.5031242370605,baseICC2023_2024.xlsx,
203,Grecia,Alajuela,2024,competencian,20.9358177185059,baseICC2023_2024.xlsx,
204,San Mateo,Alajuela,2024,competencian,17.1573543548584,baseICC2023_2024.xlsx,
205,Atenas,Alajuela,2024,competencian,25.4268798828125,baseICC2023_2024.xlsx,
206,Naranjo,Alajuela,2024,competencian,13.5917921066284,baseICC2023_2024.xlsx,
207,Palmares,Alajuela,2024,competencian,21.0546932220459,baseICC2023_2024.xlsx,
208,Poás,Alajuela,2024,competencian,14.3597412109375,baseICC2023_2024.xlsx,
209,Orotina,Alajuela,2024,competencian,16.9235000610352,baseICC2023_2024.xlsx,
210,San Carlos,Alajuela,2024,competencian,20.481559753418,baseICC2023_2024.xlsx,
211,Zarcero,Alajuela,2024,competencian,28.3972110748291,baseICC2023_2024.xlsx,
212,Sarchí,Alajuela,2024,competencian,13.3919448852539,baseICC2023_2024.xlsx,
213,Upala,Alajuela,2024,competencian,5.75199174880981,baseICC2023_2024.xlsx,
214,Los Chiles,Alajuela,2024,competencian,7.89746856689453,baseICC2023_2024.xlsx,
215,Guatuso,Alajuela,2024,competencian,5.55676937103272,baseICC2023_2024.xlsx,
216,Río Cuarto,Alajuela,2024,competencian,0.00499999988824129,baseICC2023_2024.xlsx,
301,Cartago,Cartago,2024,competencian,23.2187175750732,baseICC2023_2024.xlsx,
302,Paraíso,Cartago,2024,competencian,9.21737766265869,baseICC2023_2024.xlsx,
303,La Unión,Cartago,2024,competencian,19.4303569793701,baseICC2023_2024.xlsx,
304,Jiménez,Cartago,2024,competencian,2.26491093635559,baseICC2023_2024.xlsx,
305,Turrialba,Cartago,2024,competencian,13.1611185073853,baseICC2023_2024.xlsx,
306,Alvarado,Cartago,2024,competencian,9.00171852111816,baseICC2023_2024.xlsx,
307,Oreamuno,Cartago,2024,competencian,8.96988773345947,baseICC2023_2024.xlsx,
308,El Guarco,Cartago,2024,competencian,15.4922332763672,baseICC2023_2024.xlsx,
401,Heredia,Heredia,2024,competencian,30.2520656585693,baseICC2023_2024.xlsx,
402,Barva,Heredia,2024,competencian,13.6388969421387,baseICC2023_2024.xlsx,
403,Santo Domingo,Heredia,2024,competencian,26.6587696075439,baseICC2023_2024.xlsx,
404,Santa Bárbara,Heredia,2024,competencian,11.0161151885986,baseICC2023_2024.xlsx,
405,San Rafael,Heredia,2024,competencian,16.5045604705811,baseICC2023_2024.xlsx,
406,San Isidro,Heredia,2024,competencian,20.2681102752686,baseICC2023_2024.xlsx,
407,Belén,Heredia,2024,competencian,57.3786964416504,baseICC2023_2024.xlsx,
408,Flores,Heredia,2024,competencian,34.2886619567871,baseICC2023_2024.xlsx,
409,San Pablo,Heredia,2024,competencian,22.0293674468994,baseICC2023_2024.xlsx,
410,Sarapiquí,Heredia,2024,competencian,6.38646793365479,baseICC2023_2024.xlsx,
501,Liberia,Guanacaste,2024,competencian,19.2455005645752,baseICC2023_2024.xlsx,
502,Nicoya,Guanacaste,2024,competencian,23.5391750335693,baseICC2023_2024.xlsx,
503,Santa Cruz,Guanacaste,2024,competencian,37.9714202880859,baseICC2023_2024.xlsx,
504,Bagaces,Guanacaste,2024,competencian,10.4092178344727,baseICC2023_2024.xlsx,
505,Carrillo,Guanacaste,2024,competencian,20.0673160552979,baseICC2023_2024.xlsx,
506,Cañas,Guanacaste,2024,competencian,13.8091058731079,baseICC2023_2024.xlsx,
507,Abangares,Guanacaste,2024,competencian,14.1406145095825,baseICC2023_2024.xlsx,
508,Tilarán,Guanacaste,2024,competencian,23.0109710693359,baseICC2023_2024.xlsx,
509,Nandayure,Guanacaste,2024,competencian,17.4862384796143,baseICC2023_2024.xlsx,
510,La Cruz,Guanacaste,2024,competencian,4.97356748580933,baseICC2023_2024.xlsx,
511,Hojancha,Guanacaste,2024,competencian,18.2167778015137,baseICC2023_2024.xlsx,
601,Puntarenas,Puntarenas,2024,competencian,16.073169708252,baseICC2023_2024.xlsx,
602,Esparza,Puntarenas,2024,competencian,10.2880210876465,baseICC2023_2024.xlsx,
603,Buenos Aires,Puntarenas,2024,competencian,5.74018573760986,baseICC2023_2024.xlsx,
604,Montes de Oro,Puntarenas,2024,competencian,16.1828346252441,baseICC2023_2024.xlsx,
605,Osa,Puntarenas,2024,competencian,32.3900146484375,baseICC2023_2024.xlsx,
606,Quepos,Puntarenas,2024,competencian,29.8905811309814,baseICC2023_2024.xlsx,
607,Golfito,Puntarenas,2024,competencian,15.3737363815308,baseICC2023_2024.xlsx,
608,Coto Brus,Puntarenas,2024,competencian,15.9277305603027,baseICC2023_2024.xlsx,
609,Parrita,Puntarenas,2024,competencian,16.3754024505615,baseICC2023_2024.xlsx,
610,Corredores,Puntarenas,2024,competencian,8.40616416931152,baseICC2023_2024.xlsx,
611,Garabito,Puntarenas,2024,competencian,46.297176361084,baseICC2023_2024.xlsx,
701,Limón,Limón,2024,competencian,12.5096035003662,baseICC2023_2024.xlsx,
702,Pococí,Limón,2024,competencian,10.3166542053223,baseICC2023_2024.xlsx,
703,Siquirres,Limón,2024,competencian,7.66996765136719,baseICC2023_2024.xlsx,
704,Talamanca,Limón,2024,competencian,16.4263114929199,baseICC2023_2024.xlsx,
705,Matina,Limón,2024,competencian,4.78099584579468,baseICC2023_2024.xlsx,
706,Guácimo,Limón,2024,competencian,4.17624711990356,baseICC2023_2024.xlsx,
101,San José,San José,2023,porc_export_patronn,39.7859840393066,baseICC2023_2024.xlsx,
102,Escazú,San José,2023,porc_export_patronn,27.2906265258789,baseICC2023_2024.xlsx,
103,Desamparados,San José,2023,porc_export_patronn,18.4981689453125,baseICC2023_2024.xlsx,
104,Puriscal,San José,2023,porc_export_patronn,0.299145311117172,baseICC2023_2024.xlsx,
105,Tarrazú,San José,2023,porc_export_patronn,1.27195644378662,baseICC2023_2024.xlsx,
106,Aserrí,San José,2023,porc_export_patronn,1.79487192630768,baseICC2023_2024.xlsx,
107,Mora,San José,2023,porc_export_patronn,13.7155313491821,baseICC2023_2024.xlsx,
108,Goicoechea,San José,2023,porc_export_patronn,18.5314693450928,baseICC2023_2024.xlsx,
109,Santa Ana,San José,2023,porc_export_patronn,24.4473915100098,baseICC2023_2024.xlsx,
110,Alajuelita,San José,2023,porc_export_patronn,1.28205132484436,baseICC2023_2024.xlsx,
111,Vázquez de Coronado,San José,2023,porc_export_patronn,4.61538457870483,baseICC2023_2024.xlsx,
112,Acosta,San José,2023,porc_export_patronn,11.057692527771,baseICC2023_2024.xlsx,
113,Tibás,San José,2023,porc_export_patronn,42.6759414672852,baseICC2023_2024.xlsx,
114,Moravia,San José,2023,porc_export_patronn,16.8639068603516,baseICC2023_2024.xlsx,
115,Montes de Oca,San José,2023,porc_export_patronn,16.6052513122559,baseICC2023_2024.xlsx,
116,Turrubares,San José,2023,porc_export_patronn,0.00499999988824129,baseICC2023_2024.xlsx,
117,Dota,San José,2023,porc_export_patronn,1.06275308132172,baseICC2023_2024.xlsx,
118,Curridabat,San José,2023,porc_export_patronn,22.8222122192383,baseICC2023_2024.xlsx,
119,Pérez Zeledón,San José,2023,porc_export_patronn,1.74825167655945,baseICC2023_2024.xlsx,
120,León Cortés Castro,San José,2023,porc_export_patronn,0.456323325634003,baseICC2023_2024.xlsx,
201,Alajuela,Alajuela,2023,porc_export_patronn,71.6985855102539,baseICC2023_2024.xlsx,
202,San Ramón,Alajuela,2023,porc_export_patronn,9.3645486831665,baseICC2023_2024.xlsx,
203,Grecia,Alajuela,2023,porc_export_patronn,8.9743595123291,baseICC2023_2024.xlsx,
204,San Mateo,Alajuela,2023,porc_export_patronn,1.99430215358734,baseICC2023_2024.xlsx,
205,Atenas,Alajuela,2023,porc_export_patronn,2.99145317077637,baseICC2023_2024.xlsx,
206,Naranjo,Alajuela,2023,porc_export_patronn,6.41025686264038,baseICC2023_2024.xlsx,
207,Palmares,Alajuela,2023,porc_export_patronn,8.78341579437256,baseICC2023_2024.xlsx,
208,Poás,Alajuela,2023,porc_export_patronn,11.3360328674316,baseICC2023_2024.xlsx,
209,Orotina,Alajuela,2023,porc_export_patronn,24.6794872283936,baseICC2023_2024.xlsx,
210,San Carlos,Alajuela,2023,porc_export_patronn,13.1463851928711,baseICC2023_2024.xlsx,
211,Zarcero,Alajuela,2023,porc_export_patronn,0.708502054214478,baseICC2023_2024.xlsx,
212,Sarchí,Alajuela,2023,porc_export_patronn,4.77117824554443,baseICC2023_2024.xlsx,
213,Upala,Alajuela,2023,porc_export_patronn,3.07692337036133,baseICC2023_2024.xlsx,
214,Los Chiles,Alajuela,2023,porc_export_patronn,4.98575496673584,baseICC2023_2024.xlsx,
215,Guatuso,Alajuela,2023,porc_export_patronn,4.20673084259033,baseICC2023_2024.xlsx,
301,Cartago,Cartago,2023,porc_export_patronn,32.0291786193848,baseICC2023_2024.xlsx,
302,Paraíso,Cartago,2023,porc_export_patronn,18.5230770111084,baseICC2023_2024.xlsx,
303,La Unión,Cartago,2023,porc_export_patronn,13.3660678863525,baseICC2023_2024.xlsx,
304,Jiménez,Cartago,2023,porc_export_patronn,0.00499999988824129,baseICC2023_2024.xlsx,
305,Turrialba,Cartago,2023,porc_export_patronn,4.37665796279907,baseICC2023_2024.xlsx,
306,Alvarado,Cartago,2023,porc_export_patronn,10.6060609817505,baseICC2023_2024.xlsx,
307,Oreamuno,Cartago,2023,porc_export_patronn,10.1941747665405,baseICC2023_2024.xlsx,
308,El Guarco,Cartago,2023,porc_export_patronn,27.7986221313477,baseICC2023_2024.xlsx,
401,Heredia,Heredia,2023,porc_export_patronn,66.0049667358398,baseICC2023_2024.xlsx,
402,Barva,Heredia,2023,porc_export_patronn,14.2533941268921,baseICC2023_2024.xlsx,
403,Santo Domingo,Heredia,2023,porc_export_patronn,85.365852355957,baseICC2023_2024.xlsx,
404,Santa Bárbara,Heredia,2023,porc_export_patronn,5.38461542129517,baseICC2023_2024.xlsx,
405,San Rafael,Heredia,2023,porc_export_patronn,3.06718611717224,baseICC2023_2024.xlsx,
406,San Isidro,Heredia,2023,porc_export_patronn,4.98575496673584,baseICC2023_2024.xlsx,
407,Belén,Heredia,2023,porc_export_patronn,100.0,baseICC2023_2024.xlsx,
408,Flores,Heredia,2023,porc_export_patronn,15.7474603652954,baseICC2023_2024.xlsx,
409,San Pablo,Heredia,2023,porc_export_patronn,30.5613346099854,baseICC2023_2024.xlsx,
410,Sarapiquí,Heredia,2023,porc_export_patronn,8.18250370025635,baseICC2023_2024.xlsx,
501,Liberia,Guanacaste,2023,porc_export_patronn,5.60897445678711,baseICC2023_2024.xlsx,
502,Nicoya,Guanacaste,2023,porc_export_patronn,0.608431100845337,baseICC2023_2024.xlsx,
503,Santa Cruz,Guanacaste,2023,porc_export_patronn,0.747863292694092,baseICC2023_2024.xlsx,
504,Bagaces,Guanacaste,2023,porc_export_patronn,6.96286487579346,baseICC2023_2024.xlsx,
505,Carrillo,Guanacaste,2023,porc_export_patronn,1.7369726896286,baseICC2023_2024.xlsx,
506,Cañas,Guanacaste,2023,porc_export_patronn,5.60897445678711,baseICC2023_2024.xlsx,
507,Abangares,Guanacaste,2023,porc_export_patronn,5.6257176399231,baseICC2023_2024.xlsx,
508,Tilarán,Guanacaste,2023,porc_export_patronn,0.445009529590607,baseICC2023_2024.xlsx,
509,Nandayure,Guanacaste,2023,porc_export_patronn,6.60377359390259,baseICC2023_2024.xlsx,
510,La Cruz,Guanacaste,2023,porc_export_patronn,20.8041954040527,baseICC2023_2024.xlsx,
511,Hojancha,Guanacaste,2023,porc_export_patronn,0.815850853919983,baseICC2023_2024.xlsx,
601,Puntarenas,Puntarenas,2023,porc_export_patronn,5.04441118240356,baseICC2023_2024.xlsx,
602,Esparza,Puntarenas,2023,porc_export_patronn,10.9147605895996,baseICC2023_2024.xlsx,
603,Buenos Aires,Puntarenas,2023,porc_export_patronn,5.23504257202148,baseICC2023_2024.xlsx,
604,Montes de Oro,Puntarenas,2023,porc_export_patronn,1.68269240856171,baseICC2023_2024.xlsx,
605,Osa,Puntarenas,2023,porc_export_patronn,1.2564103603363,baseICC2023_2024.xlsx,
606,Quepos,Puntarenas,2023,porc_export_patronn,8.41346168518066,baseICC2023_2024.xlsx,
607,Golfito,Puntarenas,2023,porc_export_patronn,0.15384615957737,baseICC2023_2024.xlsx,
608,Coto Brus,Puntarenas,2023,porc_export_patronn,1.40958523750305,baseICC2023_2024.xlsx,
609,Parrita,Puntarenas,2023,porc_export_patronn,4.20673084259033,baseICC2023_2024.xlsx,
610,Corredores,Puntarenas,2023,porc_export_patronn,4.44816064834595,baseICC2023_2024.xlsx,
611,Garabito,Puntarenas,2023,porc_export_patronn,0.384615421295166,baseICC2023_2024.xlsx,
701,Limón,Limón,2023,porc_export_patronn,3.9984769821167,baseICC2023_2024.xlsx,
702,Pococí,Limón,2023,porc_export_patronn,19.4096603393555,baseICC2023_2024.xlsx,
703,Siquirres,Limón,2023,porc_export_patronn,17.329797744751,baseICC2023_2024.xlsx,
704,Talamanca,Limón,2023,porc_export_patronn,2.41102194786072,baseICC2023_2024.xlsx,
705,Matina,Limón,2023,porc_export_patronn,10.558069229126,baseICC2023_2024.xlsx,
706,Guácimo,Limón,2023,porc_export_patronn,28.1656837463379,baseICC2023_2024.xlsx,
101,San José,San José,2024,porc_export_patronn,21.0772819519043,baseICC2023_2024.xlsx,
102,Escazú,San José,2024,porc_export_patronn,27.8362579345703,baseICC2023_2024.xlsx,
103,Desamparados,San José,2024,porc_export_patronn,19.2393741607666,baseICC2023_2024.xlsx,
104,Puriscal,San José,2024,porc_export_patronn,0.732600748538971,baseICC2023_2024.xlsx,
105,Tarrazú,San José,2024,porc_export_patronn,6.06060600280762,baseICC2023_2024.xlsx,
106,Aserrí,San José,2024,porc_export_patronn,22.2222232818604,baseICC2023_2024.xlsx,
107,Mora,San José,2024,porc_export_patronn,6.17283916473389,baseICC2023_2024.xlsx,
108,Goicoechea,San José,2024,porc_export_patronn,4.19287252426148,baseICC2023_2024.xlsx,
109,Santa Ana,San José,2024,porc_export_patronn,21.3333320617676,baseICC2023_2024.xlsx,
110,Alajuelita,San José,2024,porc_export_patronn,75.0,baseICC2023_2024.xlsx,
111,Vázquez de Coronado,San José,2024,porc_export_patronn,13.1455402374268,baseICC2023_2024.xlsx,
112,Acosta,San José,2024,porc_export_patronn,2.46913576126099,baseICC2023_2024.xlsx,
113,Tibás,San José,2024,porc_export_patronn,36.2318840026856,baseICC2023_2024.xlsx,
114,Moravia,San José,2024,porc_export_patronn,18.1159420013428,baseICC2023_2024.xlsx,
115,Montes de Oca,San José,2024,porc_export_patronn,9.12698459625244,baseICC2023_2024.xlsx,
116,Turrubares,San José,2024,porc_export_patronn,0.00499999988824129,baseICC2023_2024.xlsx,
117,Dota,San José,2024,porc_export_patronn,8.88888931274414,baseICC2023_2024.xlsx,
118,Curridabat,San José,2024,porc_export_patronn,8.27586174011231,baseICC2023_2024.xlsx,
119,Pérez Zeledón,San José,2024,porc_export_patronn,4.28481388092041,baseICC2023_2024.xlsx,
120,León Cortés Castro,San José,2024,porc_export_patronn,3.70370364189148,baseICC2023_2024.xlsx,
201,Alajuela,Alajuela,2024,porc_export_patronn,22.2698078155518,baseICC2023_2024.xlsx,
202,San Ramón,Alajuela,2024,porc_export_patronn,4.48717975616455,baseICC2023_2024.xlsx,
203,Grecia,Alajuela,2024,porc_export_patronn,1.88679242134094,baseICC2023_2024.xlsx,
204,San Mateo,Alajuela,2024,porc_export_patronn,6.89655160903931,baseICC2023_2024.xlsx,
205,Atenas,Alajuela,2024,porc_export_patronn,3.5087718963623,baseICC2023_2024.xlsx,
206,Naranjo,Alajuela,2024,porc_export_patronn,8.72274112701416,baseICC2023_2024.xlsx,
207,Palmares,Alajuela,2024,porc_export_patronn,12.6760559082031,baseICC2023_2024.xlsx,
208,Poás,Alajuela,2024,porc_export_patronn,26.4957275390625,baseICC2023_2024.xlsx,
209,Orotina,Alajuela,2024,porc_export_patronn,16.6666679382324,baseICC2023_2024.xlsx,
210,San Carlos,Alajuela,2024,porc_export_patronn,12.7839403152466,baseICC2023_2024.xlsx,
211,Zarcero,Alajuela,2024,porc_export_patronn,3.60360360145569,baseICC2023_2024.xlsx,
212,Sarchí,Alajuela,2024,porc_export_patronn,11.2554111480713,baseICC2023_2024.xlsx,
213,Upala,Alajuela,2024,porc_export_patronn,2.02020192146301,baseICC2023_2024.xlsx,
214,Los Chiles,Alajuela,2024,porc_export_patronn,10.8108100891113,baseICC2023_2024.xlsx,
215,Guatuso,Alajuela,2024,porc_export_patronn,19.0476188659668,baseICC2023_2024.xlsx,
216,Río Cuarto,Alajuela,2024,porc_export_patronn,100.0,baseICC2023_2024.xlsx,
301,Cartago,Cartago,2024,porc_export_patronn,8.82140350341797,baseICC2023_2024.xlsx,
302,Paraíso,Cartago,2024,porc_export_patronn,29.3785305023193,baseICC2023_2024.xlsx,
303,La Unión,Cartago,2024,porc_export_patronn,13.4259271621704,baseICC2023_2024.xlsx,
304,Jiménez,Cartago,2024,porc_export_patronn,2.66666650772095,baseICC2023_2024.xlsx,
305,Turrialba,Cartago,2024,porc_export_patronn,0.709219813346863,baseICC2023_2024.xlsx,
306,Alvarado,Cartago,2024,porc_export_patronn,10.4166660308838,baseICC2023_2024.xlsx,
307,Oreamuno,Cartago,2024,porc_export_patronn,15.6462593078613,baseICC2023_2024.xlsx,
308,El Guarco,Cartago,2024,porc_export_patronn,3.3057849407196,baseICC2023_2024.xlsx,
401,Heredia,Heredia,2024,porc_export_patronn,30.5665340423584,baseICC2023_2024.xlsx,
402,Barva,Heredia,2024,porc_export_patronn,19.0476188659668,baseICC2023_2024.xlsx,
403,Santo Domingo,Heredia,2024,porc_export_patronn,35.7723579406738,baseICC2023_2024.xlsx,
404,Santa Bárbara,Heredia,2024,porc_export_patronn,6.66666698455811,baseICC2023_2024.xlsx,
405,San Rafael,Heredia,2024,porc_export_patronn,9.64912223815918,baseICC2023_2024.xlsx,
406,San Isidro,Heredia,2024,porc_export_patronn,13.3333339691162,baseICC2023_2024.xlsx,
407,Belén,Heredia,2024,porc_export_patronn,37.0370407104492,baseICC2023_2024.xlsx,
408,Flores,Heredia,2024,porc_export_patronn,18.8679237365723,baseICC2023_2024.xlsx,
409,San Pablo,Heredia,2024,porc_export_patronn,26.6666679382324,baseICC2023_2024.xlsx,
410,Sarapiquí,Heredia,2024,porc_export_patronn,6.47249126434326,baseICC2023_2024.xlsx,
501,Liberia,Guanacaste,2024,porc_export_patronn,2.20750546455383,baseICC2023_2024.xlsx,
502,Nicoya,Guanacaste,2024,porc_export_patronn,2.25988698005676,baseICC2023_2024.xlsx,
503,Santa Cruz,Guanacaste,2024,porc_export_patronn,0.690846264362335,baseICC2023_2024.xlsx,
504,Bagaces,Guanacaste,2024,porc_export_patronn,9.6969690322876,baseICC2023_2024.xlsx,
505,Carrillo,Guanacaste,2024,porc_export_patronn,4.79999971389771,baseICC2023_2024.xlsx,
506,Cañas,Guanacaste,2024,porc_export_patronn,12.2065725326538,baseICC2023_2024.xlsx,
507,Abangares,Guanacaste,2024,porc_export_patronn,2.02020192146301,baseICC2023_2024.xlsx,
508,Tilarán,Guanacaste,2024,porc_export_patronn,2.71002697944641,baseICC2023_2024.xlsx,
509,Nandayure,Guanacaste,2024,porc_export_patronn,15.3846158981323,baseICC2023_2024.xlsx,
510,La Cruz,Guanacaste,2024,porc_export_patronn,1.5503876209259,baseICC2023_2024.xlsx,
511,Hojancha,Guanacaste,2024,porc_export_patronn,11.1111116409302,baseICC2023_2024.xlsx,
601,Puntarenas,Puntarenas,2024,porc_export_patronn,4.14814853668213,baseICC2023_2024.xlsx,
602,Esparza,Puntarenas,2024,porc_export_patronn,33.3333358764648,baseICC2023_2024.xlsx,
603,Buenos Aires,Puntarenas,2024,porc_export_patronn,6.57277011871338,baseICC2023_2024.xlsx,
604,Montes de Oro,Puntarenas,2024,porc_export_patronn,5.88235282897949,baseICC2023_2024.xlsx,
605,Osa,Puntarenas,2024,porc_export_patronn,4.10958909988403,baseICC2023_2024.xlsx,
606,Quepos,Puntarenas,2024,porc_export_patronn,1.17994093894959,baseICC2023_2024.xlsx,
607,Golfito,Puntarenas,2024,porc_export_patronn,1.93798446655273,baseICC2023_2024.xlsx,
608,Coto Brus,Puntarenas,2024,porc_export_patronn,3.7606840133667,baseICC2023_2024.xlsx,
609,Parrita,Puntarenas,2024,porc_export_patronn,5.79710149765015,baseICC2023_2024.xlsx,
610,Corredores,Puntarenas,2024,porc_export_patronn,13.2132129669189,baseICC2023_2024.xlsx,
611,Garabito,Puntarenas,2024,porc_export_patronn,3.07692313194275,baseICC2023_2024.xlsx,
701,Limón,Limón,2024,porc_export_patronn,10.8974361419678,baseICC2023_2024.xlsx,
702,Pococí,Limón,2024,porc_export_patronn,14.3426303863525,baseICC2023_2024.xlsx,
703,Siquirres,Limón,2024,porc_export_patronn,13.4920644760132,baseICC2023_2024.xlsx,
704,Talamanca,Limón,2024,porc_export_patronn,8.45070362091065,baseICC2023_2024.xlsx,
705,Matina,Limón,2024,porc_export_patronn,33.3333358764648,baseICC2023_2024.xlsx,
706,Guácimo,Limón,2024,porc_export_patronn,44.7916641235352,baseICC2023_2024.xlsx,
101,San José,San José,2023,br_ihh_bccrn,97.8036346435547,baseICC2023_2024.xlsx,
102,Escazú,San José,2023,br_ihh_bccrn,94.7379455566406,baseICC2023_2024.xlsx,
103,Desamparados,San José,2023,br_ihh_bccrn,98.1871185302734,baseICC2023_2024.xlsx,
104,Puriscal,San José,2023,br_ihh_bccrn,98.8862380981445,baseICC2023_2024.xlsx,
105,Tarrazú,San José,2023,br_ihh_bccrn,8.96113204956055,baseICC2023_2024.xlsx,
106,Aserrí,San José,2023,br_ihh_bccrn,96.482536315918,baseICC2023_2024.xlsx,
107,Mora,San José,2023,br_ihh_bccrn,97.8860473632813,baseICC2023_2024.xlsx,
108,Goicoechea,San José,2023,br_ihh_bccrn,98.0670013427734,baseICC2023_2024.xlsx,
109,Santa Ana,San José,2023,br_ihh_bccrn,95.507568359375,baseICC2023_2024.xlsx,
110,Alajuelita,San José,2023,br_ihh_bccrn,95.5966644287109,baseICC2023_2024.xlsx,
111,Vázquez de Coronado,San José,2023,br_ihh_bccrn,98.31787109375,baseICC2023_2024.xlsx,
112,Acosta,San José,2023,br_ihh_bccrn,90.262939453125,baseICC2023_2024.xlsx,
113,Tibás,San José,2023,br_ihh_bccrn,98.3837432861328,baseICC2023_2024.xlsx,
114,Moravia,San José,2023,br_ihh_bccrn,97.5739593505859,baseICC2023_2024.xlsx,
115,Montes de Oca,San José,2023,br_ihh_bccrn,96.1231002807617,baseICC2023_2024.xlsx,
116,Turrubares,San José,2023,br_ihh_bccrn,90.2272033691406,baseICC2023_2024.xlsx,
117,Dota,San José,2023,br_ihh_bccrn,71.3906326293945,baseICC2023_2024.xlsx,
118,Curridabat,San José,2023,br_ihh_bccrn,96.4704742431641,baseICC2023_2024.xlsx,
119,Pérez Zeledón,San José,2023,br_ihh_bccrn,91.2416839599609,baseICC2023_2024.xlsx,
120,León Cortés Castro,San José,2023,br_ihh_bccrn,0.00499999988824129,baseICC2023_2024.xlsx,
201,Alajuela,Alajuela,2023,br_ihh_bccrn,98.7003479003906,baseICC2023_2024.xlsx,
202,San Ramón,Alajuela,2023,br_ihh_bccrn,97.8350982666016,baseICC2023_2024.xlsx,
203,Grecia,Alajuela,2023,br_ihh_bccrn,98.1894226074219,baseICC2023_2024.xlsx,
204,San Mateo,Alajuela,2023,br_ihh_bccrn,96.9647598266602,baseICC2023_2024.xlsx,
205,Atenas,Alajuela,2023,br_ihh_bccrn,98.4468383789063,baseICC2023_2024.xlsx,
206,Naranjo,Alajuela,2023,br_ihh_bccrn,96.4415664672852,baseICC2023_2024.xlsx,
207,Palmares,Alajuela,2023,br_ihh_bccrn,96.9772186279297,baseICC2023_2024.xlsx,
208,Poás,Alajuela,2023,br_ihh_bccrn,97.1552429199219,baseICC2023_2024.xlsx,
209,Orotina,Alajuela,2023,br_ihh_bccrn,97.330940246582,baseICC2023_2024.xlsx,
210,San Carlos,Alajuela,2023,br_ihh_bccrn,99.2214279174805,baseICC2023_2024.xlsx,
211,Zarcero,Alajuela,2023,br_ihh_bccrn,95.5940475463867,baseICC2023_2024.xlsx,
212,Sarchí,Alajuela,2023,br_ihh_bccrn,97.3845825195313,baseICC2023_2024.xlsx,
213,Upala,Alajuela,2023,br_ihh_bccrn,95.9905319213867,baseICC2023_2024.xlsx,
214,Los Chiles,Alajuela,2023,br_ihh_bccrn,93.3812103271484,baseICC2023_2024.xlsx,
215,Guatuso,Alajuela,2023,br_ihh_bccrn,93.7318344116211,baseICC2023_2024.xlsx,
301,Cartago,Cartago,2023,br_ihh_bccrn,97.7944183349609,baseICC2023_2024.xlsx,
302,Paraíso,Cartago,2023,br_ihh_bccrn,98.5827178955078,baseICC2023_2024.xlsx,
303,La Unión,Cartago,2023,br_ihh_bccrn,97.6954345703125,baseICC2023_2024.xlsx,
304,Jiménez,Cartago,2023,br_ihh_bccrn,98.149528503418,baseICC2023_2024.xlsx,
305,Turrialba,Cartago,2023,br_ihh_bccrn,97.5378799438477,baseICC2023_2024.xlsx,
306,Alvarado,Cartago,2023,br_ihh_bccrn,91.3481750488281,baseICC2023_2024.xlsx,
307,Oreamuno,Cartago,2023,br_ihh_bccrn,98.052360534668,baseICC2023_2024.xlsx,
308,El Guarco,Cartago,2023,br_ihh_bccrn,98.7381820678711,baseICC2023_2024.xlsx,
401,Heredia,Heredia,2023,br_ihh_bccrn,97.8671646118164,baseICC2023_2024.xlsx,
402,Barva,Heredia,2023,br_ihh_bccrn,97.8027191162109,baseICC2023_2024.xlsx,
403,Santo Domingo,Heredia,2023,br_ihh_bccrn,97.5397796630859,baseICC2023_2024.xlsx,
404,Santa Bárbara,Heredia,2023,br_ihh_bccrn,98.0304565429688,baseICC2023_2024.xlsx,
405,San Rafael,Heredia,2023,br_ihh_bccrn,96.746223449707,baseICC2023_2024.xlsx,
406,San Isidro,Heredia,2023,br_ihh_bccrn,97.6649551391602,baseICC2023_2024.xlsx,
407,Belén,Heredia,2023,br_ihh_bccrn,97.4004898071289,baseICC2023_2024.xlsx,
408,Flores,Heredia,2023,br_ihh_bccrn,97.3026123046875,baseICC2023_2024.xlsx,
409,San Pablo,Heredia,2023,br_ihh_bccrn,96.5437774658203,baseICC2023_2024.xlsx,
410,Sarapiquí,Heredia,2023,br_ihh_bccrn,97.9766387939453,baseICC2023_2024.xlsx,
501,Liberia,Guanacaste,2023,br_ihh_bccrn,98.7477874755859,baseICC2023_2024.xlsx,
502,Nicoya,Guanacaste,2023,br_ihh_bccrn,98.4080352783203,baseICC2023_2024.xlsx,
503,Santa Cruz,Guanacaste,2023,br_ihh_bccrn,96.3970794677734,baseICC2023_2024.xlsx,
504,Bagaces,Guanacaste,2023,br_ihh_bccrn,96.8849945068359,baseICC2023_2024.xlsx,
505,Carrillo,Guanacaste,2023,br_ihh_bccrn,98.3689346313477,baseICC2023_2024.xlsx,
506,Cañas,Guanacaste,2023,br_ihh_bccrn,96.4025497436523,baseICC2023_2024.xlsx,
507,Abangares,Guanacaste,2023,br_ihh_bccrn,95.206787109375,baseICC2023_2024.xlsx,
508,Tilarán,Guanacaste,2023,br_ihh_bccrn,92.0423278808594,baseICC2023_2024.xlsx,
509,Nandayure,Guanacaste,2023,br_ihh_bccrn,96.7564544677734,baseICC2023_2024.xlsx,
510,La Cruz,Guanacaste,2023,br_ihh_bccrn,95.7117309570313,baseICC2023_2024.xlsx,
511,Hojancha,Guanacaste,2023,br_ihh_bccrn,96.0034484863281,baseICC2023_2024.xlsx,
601,Puntarenas,Puntarenas,2023,br_ihh_bccrn,100.0,baseICC2023_2024.xlsx,
602,Esparza,Puntarenas,2023,br_ihh_bccrn,97.3085861206055,baseICC2023_2024.xlsx,
603,Buenos Aires,Puntarenas,2023,br_ihh_bccrn,88.7870941162109,baseICC2023_2024.xlsx,
604,Montes de Oro,Puntarenas,2023,br_ihh_bccrn,97.7534027099609,baseICC2023_2024.xlsx,
605,Osa,Puntarenas,2023,br_ihh_bccrn,94.4163055419922,baseICC2023_2024.xlsx,
606,Quepos,Puntarenas,2023,br_ihh_bccrn,97.5205993652344,baseICC2023_2024.xlsx,
607,Golfito,Puntarenas,2023,br_ihh_bccrn,99.7333908081055,baseICC2023_2024.xlsx,
608,Coto Brus,Puntarenas,2023,br_ihh_bccrn,91.2912216186523,baseICC2023_2024.xlsx,
609,Parrita,Puntarenas,2023,br_ihh_bccrn,98.5004653930664,baseICC2023_2024.xlsx,
610,Corredores,Puntarenas,2023,br_ihh_bccrn,53.0777206420898,baseICC2023_2024.xlsx,
611,Garabito,Puntarenas,2023,br_ihh_bccrn,94.4404830932617,baseICC2023_2024.xlsx,
701,Limón,Limón,2023,br_ihh_bccrn,97.1302795410156,baseICC2023_2024.xlsx,
702,Pococí,Limón,2023,br_ihh_bccrn,99.2234497070313,baseICC2023_2024.xlsx,
703,Siquirres,Limón,2023,br_ihh_bccrn,97.64794921875,baseICC2023_2024.xlsx,
704,Talamanca,Limón,2023,br_ihh_bccrn,88.5401077270508,baseICC2023_2024.xlsx,
705,Matina,Limón,2023,br_ihh_bccrn,96.0723876953125,baseICC2023_2024.xlsx,
706,Guácimo,Limón,2023,br_ihh_bccrn,97.5534133911133,baseICC2023_2024.xlsx,
101,San José,San José,2024,br_ihh_bccrn,97.9186782836914,baseICC2023_2024.xlsx,
102,Escazú,San José,2024,br_ihh_bccrn,94.2867126464844,baseICC2023_2024.xlsx,
103,Desamparados,San José,2024,br_ihh_bccrn,98.8323593139648,baseICC2023_2024.xlsx,
104,Puriscal,San José,2024,br_ihh_bccrn,99.1665802001953,baseICC2023_2024.xlsx,
105,Tarrazú,San José,2024,br_ihh_bccrn,15.7942504882813,baseICC2023_2024.xlsx,
106,Aserrí,San José,2024,br_ihh_bccrn,97.5321502685547,baseICC2023_2024.xlsx,
107,Mora,San José,2024,br_ihh_bccrn,98.4535598754883,baseICC2023_2024.xlsx,
108,Goicoechea,San José,2024,br_ihh_bccrn,98.3142318725586,baseICC2023_2024.xlsx,
109,Santa Ana,San José,2024,br_ihh_bccrn,95.6270599365234,baseICC2023_2024.xlsx,
110,Alajuelita,San José,2024,br_ihh_bccrn,96.0836563110352,baseICC2023_2024.xlsx,
111,Vázquez de Coronado,San José,2024,br_ihh_bccrn,98.9327163696289,baseICC2023_2024.xlsx,
112,Acosta,San José,2024,br_ihh_bccrn,91.5327682495117,baseICC2023_2024.xlsx,
113,Tibás,San José,2024,br_ihh_bccrn,98.8097381591797,baseICC2023_2024.xlsx,
114,Moravia,San José,2024,br_ihh_bccrn,98.6934127807617,baseICC2023_2024.xlsx,
115,Montes de Oca,San José,2024,br_ihh_bccrn,96.5787048339844,baseICC2023_2024.xlsx,
116,Turrubares,San José,2024,br_ihh_bccrn,90.9185028076172,baseICC2023_2024.xlsx,
117,Dota,San José,2024,br_ihh_bccrn,71.2243728637695,baseICC2023_2024.xlsx,
118,Curridabat,San José,2024,br_ihh_bccrn,96.6629943847656,baseICC2023_2024.xlsx,
119,Pérez Zeledón,San José,2024,br_ihh_bccrn,91.5184936523438,baseICC2023_2024.xlsx,
120,León Cortés Castro,San José,2024,br_ihh_bccrn,0.00499999988824129,baseICC2023_2024.xlsx,
201,Alajuela,Alajuela,2024,br_ihh_bccrn,98.7592010498047,baseICC2023_2024.xlsx,
202,San Ramón,Alajuela,2024,br_ihh_bccrn,98.471305847168,baseICC2023_2024.xlsx,
203,Grecia,Alajuela,2024,br_ihh_bccrn,98.7702941894531,baseICC2023_2024.xlsx,
204,San Mateo,Alajuela,2024,br_ihh_bccrn,96.4220962524414,baseICC2023_2024.xlsx,
205,Atenas,Alajuela,2024,br_ihh_bccrn,98.431266784668,baseICC2023_2024.xlsx,
206,Naranjo,Alajuela,2024,br_ihh_bccrn,97.0481796264648,baseICC2023_2024.xlsx,
207,Palmares,Alajuela,2024,br_ihh_bccrn,96.8186111450195,baseICC2023_2024.xlsx,
208,Poás,Alajuela,2024,br_ihh_bccrn,97.7466583251953,baseICC2023_2024.xlsx,
209,Orotina,Alajuela,2024,br_ihh_bccrn,98.0572967529297,baseICC2023_2024.xlsx,
210,San Carlos,Alajuela,2024,br_ihh_bccrn,100.0,baseICC2023_2024.xlsx,
211,Zarcero,Alajuela,2024,br_ihh_bccrn,94.6595001220703,baseICC2023_2024.xlsx,
212,Sarchí,Alajuela,2024,br_ihh_bccrn,98.4551315307617,baseICC2023_2024.xlsx,
213,Upala,Alajuela,2024,br_ihh_bccrn,95.8052673339844,baseICC2023_2024.xlsx,
214,Los Chiles,Alajuela,2024,br_ihh_bccrn,92.9622802734375,baseICC2023_2024.xlsx,
215,Guatuso,Alajuela,2024,br_ihh_bccrn,91.8563842773438,baseICC2023_2024.xlsx,
216,Río Cuarto,Alajuela,2024,br_ihh_bccrn,96.0333023071289,baseICC2023_2024.xlsx,
301,Cartago,Cartago,2024,br_ihh_bccrn,98.2265853881836,baseICC2023_2024.xlsx,
302,Paraíso,Cartago,2024,br_ihh_bccrn,98.9869918823242,baseICC2023_2024.xlsx,
303,La Unión,Cartago,2024,br_ihh_bccrn,98.261100769043,baseICC2023_2024.xlsx,
304,Jiménez,Cartago,2024,br_ihh_bccrn,98.1408615112305,baseICC2023_2024.xlsx,
305,Turrialba,Cartago,2024,br_ihh_bccrn,98.7639770507813,baseICC2023_2024.xlsx,
306,Alvarado,Cartago,2024,br_ihh_bccrn,88.1348571777344,baseICC2023_2024.xlsx,
307,Oreamuno,Cartago,2024,br_ihh_bccrn,98.6204452514648,baseICC2023_2024.xlsx,
308,El Guarco,Cartago,2024,br_ihh_bccrn,98.910285949707,baseICC2023_2024.xlsx,
401,Heredia,Heredia,2024,br_ihh_bccrn,98.0890426635742,baseICC2023_2024.xlsx,
402,Barva,Heredia,2024,br_ihh_bccrn,98.7524642944336,baseICC2023_2024.xlsx,
403,Santo Domingo,Heredia,2024,br_ihh_bccrn,97.7267532348633,baseICC2023_2024.xlsx,
404,Santa Bárbara,Heredia,2024,br_ihh_bccrn,98.67041015625,baseICC2023_2024.xlsx,
405,San Rafael,Heredia,2024,br_ihh_bccrn,98.0539703369141,baseICC2023_2024.xlsx,
406,San Isidro,Heredia,2024,br_ihh_bccrn,98.0591735839844,baseICC2023_2024.xlsx,
407,Belén,Heredia,2024,br_ihh_bccrn,97.6223678588867,baseICC2023_2024.xlsx,
408,Flores,Heredia,2024,br_ihh_bccrn,97.98583984375,baseICC2023_2024.xlsx,
409,San Pablo,Heredia,2024,br_ihh_bccrn,97.3452377319336,baseICC2023_2024.xlsx,
410,Sarapiquí,Heredia,2024,br_ihh_bccrn,98.5726776123047,baseICC2023_2024.xlsx,
501,Liberia,Guanacaste,2024,br_ihh_bccrn,99.2363357543945,baseICC2023_2024.xlsx,
502,Nicoya,Guanacaste,2024,br_ihh_bccrn,98.1470108032227,baseICC2023_2024.xlsx,
503,Santa Cruz,Guanacaste,2024,br_ihh_bccrn,95.624885559082,baseICC2023_2024.xlsx,
504,Bagaces,Guanacaste,2024,br_ihh_bccrn,97.2547454833984,baseICC2023_2024.xlsx,
505,Carrillo,Guanacaste,2024,br_ihh_bccrn,97.7087097167969,baseICC2023_2024.xlsx,
506,Cañas,Guanacaste,2024,br_ihh_bccrn,95.6088180541992,baseICC2023_2024.xlsx,
507,Abangares,Guanacaste,2024,br_ihh_bccrn,94.9011688232422,baseICC2023_2024.xlsx,
508,Tilarán,Guanacaste,2024,br_ihh_bccrn,88.6256713867188,baseICC2023_2024.xlsx,
509,Nandayure,Guanacaste,2024,br_ihh_bccrn,97.1919860839844,baseICC2023_2024.xlsx,
510,La Cruz,Guanacaste,2024,br_ihh_bccrn,95.2769165039063,baseICC2023_2024.xlsx,
511,Hojancha,Guanacaste,2024,br_ihh_bccrn,96.6408767700195,baseICC2023_2024.xlsx,
601,Puntarenas,Puntarenas,2024,br_ihh_bccrn,98.6621704101563,baseICC2023_2024.xlsx,
602,Esparza,Puntarenas,2024,br_ihh_bccrn,97.4497833251953,baseICC2023_2024.xlsx,
603,Buenos Aires,Puntarenas,2024,br_ihh_bccrn,90.0438766479492,baseICC2023_2024.xlsx,
604,Montes de Oro,Puntarenas,2024,br_ihh_bccrn,96.9952621459961,baseICC2023_2024.xlsx,
605,Osa,Puntarenas,2024,br_ihh_bccrn,94.2531814575195,baseICC2023_2024.xlsx,
606,Quepos,Puntarenas,2024,br_ihh_bccrn,96.8999862670898,baseICC2023_2024.xlsx,
607,Golfito,Puntarenas,2024,br_ihh_bccrn,96.6869201660156,baseICC2023_2024.xlsx,
608,Coto Brus,Puntarenas,2024,br_ihh_bccrn,91.5020294189453,baseICC2023_2024.xlsx,
609,Parrita,Puntarenas,2024,br_ihh_bccrn,97.6236038208008,baseICC2023_2024.xlsx,
610,Corredores,Puntarenas,2024,br_ihh_bccrn,48.2995796203613,baseICC2023_2024.xlsx,
611,Garabito,Puntarenas,2024,br_ihh_bccrn,92.9873962402344,baseICC2023_2024.xlsx,
701,Limón,Limón,2024,br_ihh_bccrn,97.1860504150391,baseICC2023_2024.xlsx,
702,Pococí,Limón,2024,br_ihh_bccrn,99.6926574707031,baseICC2023_2024.xlsx,
703,Siquirres,Limón,2024,br_ihh_bccrn,97.4948272705078,baseICC2023_2024.xlsx,
704,Talamanca,Limón,2024,br_ihh_bccrn,85.7975082397461,baseICC2023_2024.xlsx,
705,Matina,Limón,2024,br_ihh_bccrn,94.4830322265625,baseICC2023_2024.xlsx,
706,Guácimo,Limón,2024,br_ihh_bccrn,97.848876953125,baseICC2023_2024.xlsx,
101,San José,San José,2023,ent_financ_xkm2n,100.0,baseICC2023_2024.xlsx,
102,Escazú,San José,2023,ent_financ_xkm2n,36.5935478210449,baseICC2023_2024.xlsx,
103,Desamparados,San José,2023,ent_financ_xkm2n,6.3104362487793,baseICC2023_2024.xlsx,
104,Puriscal,San José,2023,ent_financ_xkm2n,0.355710655450821,baseICC2023_2024.xlsx,
105,Tarrazú,San José,2023,ent_financ_xkm2n,0.677837133407593,baseICC2023_2024.xlsx,
106,Aserrí,San José,2023,ent_financ_xkm2n,0.938707411289215,baseICC2023_2024.xlsx,
107,Mora,San José,2023,ent_financ_xkm2n,1.20769286155701,baseICC2023_2024.xlsx,
108,Goicoechea,San José,2023,ent_financ_xkm2n,21.1758460998535,baseICC2023_2024.xlsx,
109,Santa Ana,San José,2023,ent_financ_xkm2n,9.64345264434815,baseICC2023_2024.xlsx,
110,Alajuelita,San José,2023,ent_financ_xkm2n,3.67831635475159,baseICC2023_2024.xlsx,
111,Vázquez de Coronado,San José,2023,ent_financ_xkm2n,1.0580108165741,baseICC2023_2024.xlsx,
112,Acosta,San José,2023,ent_financ_xkm2n,0.345808565616608,baseICC2023_2024.xlsx,
113,Tibás,San José,2023,ent_financ_xkm2n,47.7469482421875,baseICC2023_2024.xlsx,
114,Moravia,San José,2023,ent_financ_xkm2n,17.8114986419678,baseICC2023_2024.xlsx,
115,Montes de Oca,San José,2023,ent_financ_xkm2n,45.0418891906738,baseICC2023_2024.xlsx,
116,Turrubares,San José,2023,ent_financ_xkm2n,0.00499999988824129,baseICC2023_2024.xlsx,
117,Dota,San José,2023,ent_financ_xkm2n,0.292899250984192,baseICC2023_2024.xlsx,
118,Curridabat,San José,2023,ent_financ_xkm2n,46.7153053283691,baseICC2023_2024.xlsx,
119,Pérez Zeledón,San José,2023,ent_financ_xkm2n,0.726973831653595,baseICC2023_2024.xlsx,
120,León Cortés Castro,San José,2023,ent_financ_xkm2n,0.647854328155518,baseICC2023_2024.xlsx,
201,Alajuela,Alajuela,2023,ent_financ_xkm2n,4.33576536178589,baseICC2023_2024.xlsx,
202,San Ramón,Alajuela,2023,ent_financ_xkm2n,0.463754028081894,baseICC2023_2024.xlsx,
203,Grecia,Alajuela,2023,ent_financ_xkm2n,0.993701696395874,baseICC2023_2024.xlsx,
204,San Mateo,Alajuela,2023,ent_financ_xkm2n,0.00499999988824129,baseICC2023_2024.xlsx,
205,Atenas,Alajuela,2023,ent_financ_xkm2n,1.25037133693695,baseICC2023_2024.xlsx,
206,Naranjo,Alajuela,2023,ent_financ_xkm2n,2.48676514625549,baseICC2023_2024.xlsx,
207,Palmares,Alajuela,2023,ent_financ_xkm2n,5.07020044326782,baseICC2023_2024.xlsx,
208,Poás,Alajuela,2023,ent_financ_xkm2n,2.65082740783691,baseICC2023_2024.xlsx,
209,Orotina,Alajuela,2023,ent_financ_xkm2n,1.36057901382446,baseICC2023_2024.xlsx,
210,San Carlos,Alajuela,2023,ent_financ_xkm2n,0.530080080032349,baseICC2023_2024.xlsx,
211,Zarcero,Alajuela,2023,ent_financ_xkm2n,1.75652694702148,baseICC2023_2024.xlsx,
212,Sarchí,Alajuela,2023,ent_financ_xkm2n,0.866126835346222,baseICC2023_2024.xlsx,
213,Upala,Alajuela,2023,ent_financ_xkm2n,0.148755773901939,baseICC2023_2024.xlsx,
214,Los Chiles,Alajuela,2023,ent_financ_xkm2n,0.0296288952231407,baseICC2023_2024.xlsx,
215,Guatuso,Alajuela,2023,ent_financ_xkm2n,0.157353147864342,baseICC2023_2024.xlsx,
301,Cartago,Cartago,2023,ent_financ_xkm2n,4.39276742935181,baseICC2023_2024.xlsx,
302,Paraíso,Cartago,2023,ent_financ_xkm2n,0.413906931877136,baseICC2023_2024.xlsx,
303,La Unión,Cartago,2023,ent_financ_xkm2n,9.83146190643311,baseICC2023_2024.xlsx,
304,Jiménez,Cartago,2023,ent_financ_xkm2n,0.00499999988824129,baseICC2023_2024.xlsx,
305,Turrialba,Cartago,2023,ent_financ_xkm2n,0.173924058675766,baseICC2023_2024.xlsx,
306,Alvarado,Cartago,2023,ent_financ_xkm2n,0.997265458106995,baseICC2023_2024.xlsx,
307,Oreamuno,Cartago,2023,ent_financ_xkm2n,0.778485417366028,baseICC2023_2024.xlsx,
308,El Guarco,Cartago,2023,ent_financ_xkm2n,1.14786994457245,baseICC2023_2024.xlsx,
401,Heredia,Heredia,2023,ent_financ_xkm2n,5.57879638671875,baseICC2023_2024.xlsx,
402,Barva,Heredia,2023,ent_financ_xkm2n,1.40973675251007,baseICC2023_2024.xlsx,
403,Santo Domingo,Heredia,2023,ent_financ_xkm2n,4.66378688812256,baseICC2023_2024.xlsx,
404,Santa Bárbara,Heredia,2023,ent_financ_xkm2n,3.03161025047302,baseICC2023_2024.xlsx,
405,San Rafael,Heredia,2023,ent_financ_xkm2n,2.45208382606506,baseICC2023_2024.xlsx,
406,San Isidro,Heredia,2023,ent_financ_xkm2n,2.96113419532776,baseICC2023_2024.xlsx,
407,Belén,Heredia,2023,ent_financ_xkm2n,31.8955783843994,baseICC2023_2024.xlsx,
408,Flores,Heredia,2023,ent_financ_xkm2n,11.6997699737549,baseICC2023_2024.xlsx,
409,San Pablo,Heredia,2023,ent_financ_xkm2n,4.734619140625,baseICC2023_2024.xlsx,
410,Sarapiquí,Heredia,2023,ent_financ_xkm2n,0.147323399782181,baseICC2023_2024.xlsx,
501,Liberia,Guanacaste,2023,ent_financ_xkm2n,0.520221412181854,baseICC2023_2024.xlsx,
502,Nicoya,Guanacaste,2023,ent_financ_xkm2n,0.354257494211197,baseICC2023_2024.xlsx,
503,Santa Cruz,Guanacaste,2023,ent_financ_xkm2n,0.328856736421585,baseICC2023_2024.xlsx,
504,Bagaces,Guanacaste,2023,ent_financ_xkm2n,0.123595885932446,baseICC2023_2024.xlsx,
505,Carrillo,Guanacaste,2023,ent_financ_xkm2n,0.461439847946167,baseICC2023_2024.xlsx,
506,Cañas,Guanacaste,2023,ent_financ_xkm2n,0.287368446588516,baseICC2023_2024.xlsx,
507,Abangares,Guanacaste,2023,ent_financ_xkm2n,0.122246131300926,baseICC2023_2024.xlsx,
508,Tilarán,Guanacaste,2023,ent_financ_xkm2n,0.23600934445858,baseICC2023_2024.xlsx,
509,Nandayure,Guanacaste,2023,ent_financ_xkm2n,0.0695017501711845,baseICC2023_2024.xlsx,
510,La Cruz,Guanacaste,2023,ent_financ_xkm2n,0.142510190606117,baseICC2023_2024.xlsx,
511,Hojancha,Guanacaste,2023,ent_financ_xkm2n,0.300290703773499,baseICC2023_2024.xlsx,
601,Puntarenas,Puntarenas,2023,ent_financ_xkm2n,0.521603941917419,baseICC2023_2024.xlsx,
602,Esparza,Puntarenas,2023,ent_financ_xkm2n,0.545321464538574,baseICC2023_2024.xlsx,
603,Buenos Aires,Puntarenas,2023,ent_financ_xkm2n,0.066282369196415,baseICC2023_2024.xlsx,
604,Montes de Oro,Puntarenas,2023,ent_financ_xkm2n,0.159477889537811,baseICC2023_2024.xlsx,
605,Osa,Puntarenas,2023,ent_financ_xkm2n,0.163446873426437,baseICC2023_2024.xlsx,
606,Quepos,Puntarenas,2023,ent_financ_xkm2n,0.495486378669739,baseICC2023_2024.xlsx,
607,Golfito,Puntarenas,2023,ent_financ_xkm2n,0.135170638561249,baseICC2023_2024.xlsx,
608,Coto Brus,Puntarenas,2023,ent_financ_xkm2n,0.292735874652863,baseICC2023_2024.xlsx,
609,Parrita,Puntarenas,2023,ent_financ_xkm2n,0.408579170703888,baseICC2023_2024.xlsx,
610,Corredores,Puntarenas,2023,ent_financ_xkm2n,0.82314133644104,baseICC2023_2024.xlsx,
611,Garabito,Puntarenas,2023,ent_financ_xkm2n,0.749724209308624,baseICC2023_2024.xlsx,
701,Limón,Limón,2023,ent_financ_xkm2n,0.357067227363586,baseICC2023_2024.xlsx,
702,Pococí,Limón,2023,ent_financ_xkm2n,0.378956496715546,baseICC2023_2024.xlsx,
703,Siquirres,Limón,2023,ent_financ_xkm2n,0.184702962636948,baseICC2023_2024.xlsx,
704,Talamanca,Limón,2023,ent_financ_xkm2n,0.0565665774047375,baseICC2023_2024.xlsx,
705,Matina,Limón,2023,ent_financ_xkm2n,0.153764516115189,baseICC2023_2024.xlsx,
706,Guácimo,Limón,2023,ent_financ_xkm2n,0.147787034511566,baseICC2023_2024.xlsx,
101,San José,San José,2024,ent_financ_xkm2n,100.0,baseICC2023_2024.xlsx,
102,Escazú,San José,2024,ent_financ_xkm2n,41.9095001220703,baseICC2023_2024.xlsx,
103,Desamparados,San José,2024,ent_financ_xkm2n,5.74791288375855,baseICC2023_2024.xlsx,
104,Puriscal,San José,2024,ent_financ_xkm2n,0.362119823694229,baseICC2023_2024.xlsx,
105,Tarrazú,San José,2024,ent_financ_xkm2n,0.690050423145294,baseICC2023_2024.xlsx,
106,Aserrí,San José,2024,ent_financ_xkm2n,0.955621063709259,baseICC2023_2024.xlsx,
107,Mora,San José,2024,ent_financ_xkm2n,1.22945296764374,baseICC2023_2024.xlsx,
108,Goicoechea,San José,2024,ent_financ_xkm2n,22.825475692749,baseICC2023_2024.xlsx,
109,Santa Ana,San José,2024,ent_financ_xkm2n,9.8172082901001,baseICC2023_2024.xlsx,
110,Alajuelita,San José,2024,ent_financ_xkm2n,3.74459218978882,baseICC2023_2024.xlsx,
111,Vázquez de Coronado,San José,2024,ent_financ_xkm2n,1.25658631324768,baseICC2023_2024.xlsx,
112,Acosta,San José,2024,ent_financ_xkm2n,0.352039337158203,baseICC2023_2024.xlsx,
113,Tibás,San José,2024,ent_financ_xkm2n,58.3287048339844,baseICC2023_2024.xlsx,
114,Moravia,San José,2024,ent_financ_xkm2n,16.7376251220703,baseICC2023_2024.xlsx,
115,Montes de Oca,San José,2024,ent_financ_xkm2n,45.8534545898438,baseICC2023_2024.xlsx,
116,Turrubares,San José,2024,ent_financ_xkm2n,0.00499999988824129,baseICC2023_2024.xlsx,
117,Dota,San José,2024,ent_financ_xkm2n,0.29817670583725,baseICC2023_2024.xlsx,
118,Curridabat,San José,2024,ent_financ_xkm2n,42.5510215759277,baseICC2023_2024.xlsx,
119,Pérez Zeledón,San José,2024,ent_financ_xkm2n,0.761217355728149,baseICC2023_2024.xlsx,
120,León Cortés Castro,San José,2024,ent_financ_xkm2n,0.65952742099762,baseICC2023_2024.xlsx,
201,Alajuela,Alajuela,2024,ent_financ_xkm2n,4.82448148727417,baseICC2023_2024.xlsx,
202,San Ramón,Alajuela,2024,ent_financ_xkm2n,0.432767480611801,baseICC2023_2024.xlsx,
203,Grecia,Alajuela,2024,ent_financ_xkm2n,2.82151985168457,baseICC2023_2024.xlsx,
204,San Mateo,Alajuela,2024,ent_financ_xkm2n,0.00499999988824129,baseICC2023_2024.xlsx,
205,Atenas,Alajuela,2024,ent_financ_xkm2n,1.59112572669983,baseICC2023_2024.xlsx,
206,Naranjo,Alajuela,2024,ent_financ_xkm2n,2.53157186508179,baseICC2023_2024.xlsx,
207,Palmares,Alajuela,2024,ent_financ_xkm2n,5.16155529022217,baseICC2023_2024.xlsx,
208,Poás,Alajuela,2024,ent_financ_xkm2n,2.69859004020691,baseICC2023_2024.xlsx,
209,Orotina,Alajuela,2024,ent_financ_xkm2n,1.66211271286011,baseICC2023_2024.xlsx,
210,San Carlos,Alajuela,2024,ent_financ_xkm2n,0.539631068706513,baseICC2023_2024.xlsx,
211,Zarcero,Alajuela,2024,ent_financ_xkm2n,1.53272235393524,baseICC2023_2024.xlsx,
212,Sarchí,Alajuela,2024,ent_financ_xkm2n,0.881732702255249,baseICC2023_2024.xlsx,
213,Upala,Alajuela,2024,ent_financ_xkm2n,0.151436060667038,baseICC2023_2024.xlsx,
214,Los Chiles,Alajuela,2024,ent_financ_xkm2n,0.0301627479493618,baseICC2023_2024.xlsx,
215,Guatuso,Alajuela,2024,ent_financ_xkm2n,0.160188347101212,baseICC2023_2024.xlsx,
216,Río Cuarto,Alajuela,2024,ent_financ_xkm2n,0.00499999988824129,baseICC2023_2024.xlsx,
301,Cartago,Cartago,2024,ent_financ_xkm2n,4.76042652130127,baseICC2023_2024.xlsx,
302,Paraíso,Cartago,2024,ent_financ_xkm2n,0.4213647544384,baseICC2023_2024.xlsx,
303,La Unión,Cartago,2024,ent_financ_xkm2n,10.0086059570313,baseICC2023_2024.xlsx,
304,Jiménez,Cartago,2024,ent_financ_xkm2n,0.00499999988824129,baseICC2023_2024.xlsx,
305,Turrialba,Cartago,2024,ent_financ_xkm2n,0.202351778745651,baseICC2023_2024.xlsx,
306,Alvarado,Cartago,2024,ent_financ_xkm2n,1.01523423194885,baseICC2023_2024.xlsx,
307,Oreamuno,Cartago,2024,ent_financ_xkm2n,0.792512178421021,baseICC2023_2024.xlsx,
308,El Guarco,Cartago,2024,ent_financ_xkm2n,1.63597321510315,baseICC2023_2024.xlsx,
401,Heredia,Heredia,2024,ent_financ_xkm2n,5.39535045623779,baseICC2023_2024.xlsx,
402,Barva,Heredia,2024,ent_financ_xkm2n,1.43513739109039,baseICC2023_2024.xlsx,
403,Santo Domingo,Heredia,2024,ent_financ_xkm2n,7.91303062438965,baseICC2023_2024.xlsx,
404,Santa Bárbara,Heredia,2024,ent_financ_xkm2n,3.08623385429382,baseICC2023_2024.xlsx,
405,San Rafael,Heredia,2024,ent_financ_xkm2n,2.49626564979553,baseICC2023_2024.xlsx,
406,San Isidro,Heredia,2024,ent_financ_xkm2n,3.01448774337769,baseICC2023_2024.xlsx,
407,Belén,Heredia,2024,ent_financ_xkm2n,38.9643287658691,baseICC2023_2024.xlsx,
408,Flores,Heredia,2024,ent_financ_xkm2n,11.9105768203735,baseICC2023_2024.xlsx,
409,San Pablo,Heredia,2024,ent_financ_xkm2n,4.81992769241333,baseICC2023_2024.xlsx,
410,Sarapiquí,Heredia,2024,ent_financ_xkm2n,0.149977877736092,baseICC2023_2024.xlsx,
501,Liberia,Guanacaste,2024,ent_financ_xkm2n,0.529594838619232,baseICC2023_2024.xlsx,
502,Nicoya,Guanacaste,2024,ent_financ_xkm2n,0.360640525817871,baseICC2023_2024.xlsx,
503,Santa Cruz,Guanacaste,2024,ent_financ_xkm2n,0.365216821432114,baseICC2023_2024.xlsx,
504,Bagaces,Guanacaste,2024,ent_financ_xkm2n,0.125822842121124,baseICC2023_2024.xlsx,
505,Carrillo,Guanacaste,2024,ent_financ_xkm2n,0.536861777305603,baseICC2023_2024.xlsx,
506,Cañas,Guanacaste,2024,ent_financ_xkm2n,0.292546272277832,baseICC2023_2024.xlsx,
507,Abangares,Guanacaste,2024,ent_financ_xkm2n,0.186673164367676,baseICC2023_2024.xlsx,
508,Tilarán,Guanacaste,2024,ent_financ_xkm2n,0.240261763334274,baseICC2023_2024.xlsx,
509,Nandayure,Guanacaste,2024,ent_financ_xkm2n,0.0707540363073349,baseICC2023_2024.xlsx,
510,La Cruz,Guanacaste,2024,ent_financ_xkm2n,0.14507794380188,baseICC2023_2024.xlsx,
511,Hojancha,Guanacaste,2024,ent_financ_xkm2n,0.305701315402985,baseICC2023_2024.xlsx,
601,Puntarenas,Puntarenas,2024,ent_financ_xkm2n,0.531002283096314,baseICC2023_2024.xlsx,
602,Esparza,Puntarenas,2024,ent_financ_xkm2n,0.925245046615601,baseICC2023_2024.xlsx,
603,Buenos Aires,Puntarenas,2024,ent_financ_xkm2n,0.0843458026647568,baseICC2023_2024.xlsx,
604,Montes de Oro,Puntarenas,2024,ent_financ_xkm2n,0.162351354956627,baseICC2023_2024.xlsx,
605,Osa,Puntarenas,2024,ent_financ_xkm2n,0.187190860509872,baseICC2023_2024.xlsx,
606,Quepos,Puntarenas,2024,ent_financ_xkm2n,0.504414021968842,baseICC2023_2024.xlsx,
607,Golfito,Puntarenas,2024,ent_financ_xkm2n,0.137606143951416,baseICC2023_2024.xlsx,
608,Coto Brus,Puntarenas,2024,ent_financ_xkm2n,0.298010408878326,baseICC2023_2024.xlsx,
609,Parrita,Puntarenas,2024,ent_financ_xkm2n,0.415940940380096,baseICC2023_2024.xlsx,
610,Corredores,Puntarenas,2024,ent_financ_xkm2n,0.773513317108154,baseICC2023_2024.xlsx,
611,Garabito,Puntarenas,2024,ent_financ_xkm2n,0.76323276758194,baseICC2023_2024.xlsx,
701,Limón,Limón,2024,ent_financ_xkm2n,0.363500863313675,baseICC2023_2024.xlsx,
702,Pococí,Limón,2024,ent_financ_xkm2n,0.385784506797791,baseICC2023_2024.xlsx,
703,Siquirres,Limón,2024,ent_financ_xkm2n,0.188030943274498,baseICC2023_2024.xlsx,
704,Talamanca,Limón,2024,ent_financ_xkm2n,0.0575857982039452,baseICC2023_2024.xlsx,
705,Matina,Limón,2024,ent_financ_xkm2n,0.156535044312477,baseICC2023_2024.xlsx,
706,Guácimo,Limón,2024,ent_financ_xkm2n,0.150449872016907,baseICC2023_2024.xlsx,
101,San José,San José,2023,porc_pavimentadon,99.8617782592773,baseICC2023_2024.xlsx,
102,Escazú,San José,2023,porc_pavimentadon,75.1692810058594,baseICC2023_2024.xlsx,
103,Desamparados,San José,2023,porc_pavimentadon,62.5110816955566,baseICC2023_2024.xlsx,
104,Puriscal,San José,2023,porc_pavimentadon,13.2397499084473,baseICC2023_2024.xlsx,
105,Tarrazú,San José,2023,porc_pavimentadon,19.2945384979248,baseICC2023_2024.xlsx,
106,Aserrí,San José,2023,porc_pavimentadon,20.7781352996826,baseICC2023_2024.xlsx,
107,Mora,San José,2023,porc_pavimentadon,23.627592086792,baseICC2023_2024.xlsx,
108,Goicoechea,San José,2023,porc_pavimentadon,99.4947128295898,baseICC2023_2024.xlsx,
109,Santa Ana,San José,2023,porc_pavimentadon,54.3637924194336,baseICC2023_2024.xlsx,
110,Alajuelita,San José,2023,porc_pavimentadon,75.733528137207,baseICC2023_2024.xlsx,
111,Vázquez de Coronado,San José,2023,porc_pavimentadon,55.2062568664551,baseICC2023_2024.xlsx,
112,Acosta,San José,2023,porc_pavimentadon,7.60935831069946,baseICC2023_2024.xlsx,
113,Tibás,San José,2023,porc_pavimentadon,100.0,baseICC2023_2024.xlsx,
114,Moravia,San José,2023,porc_pavimentadon,89.1704177856445,baseICC2023_2024.xlsx,
115,Montes de Oca,San José,2023,porc_pavimentadon,89.289924621582,baseICC2023_2024.xlsx,
116,Turrubares,San José,2023,porc_pavimentadon,0.599657833576202,baseICC2023_2024.xlsx,
117,Dota,San José,2023,porc_pavimentadon,5.6382474899292,baseICC2023_2024.xlsx,
118,Curridabat,San José,2023,porc_pavimentadon,100.0,baseICC2023_2024.xlsx,
119,Pérez Zeledón,San José,2023,porc_pavimentadon,4.1005277633667,baseICC2023_2024.xlsx,
120,León Cortés Castro,San José,2023,porc_pavimentadon,14.555061340332,baseICC2023_2024.xlsx,
201,Alajuela,Alajuela,2023,porc_pavimentadon,87.472541809082,baseICC2023_2024.xlsx,
202,San Ramón,Alajuela,2023,porc_pavimentadon,21.8795051574707,baseICC2023_2024.xlsx,
203,Grecia,Alajuela,2023,porc_pavimentadon,81.0913238525391,baseICC2023_2024.xlsx,
204,San Mateo,Alajuela,2023,porc_pavimentadon,23.6048564910889,baseICC2023_2024.xlsx,
205,Atenas,Alajuela,2023,porc_pavimentadon,56.6232376098633,baseICC2023_2024.xlsx,
206,Naranjo,Alajuela,2023,porc_pavimentadon,59.4635848999023,baseICC2023_2024.xlsx,
207,Palmares,Alajuela,2023,porc_pavimentadon,65.1409378051758,baseICC2023_2024.xlsx,
208,Poás,Alajuela,2023,porc_pavimentadon,80.819953918457,baseICC2023_2024.xlsx,
209,Orotina,Alajuela,2023,porc_pavimentadon,30.4779167175293,baseICC2023_2024.xlsx,
210,San Carlos,Alajuela,2023,porc_pavimentadon,5.72754573822022,baseICC2023_2024.xlsx,
211,Zarcero,Alajuela,2023,porc_pavimentadon,14.6820917129517,baseICC2023_2024.xlsx,
212,Sarchí,Alajuela,2023,porc_pavimentadon,61.4533767700195,baseICC2023_2024.xlsx,
213,Upala,Alajuela,2023,porc_pavimentadon,0.766988098621368,baseICC2023_2024.xlsx,
214,Los Chiles,Alajuela,2023,porc_pavimentadon,1.03481435775757,baseICC2023_2024.xlsx,
215,Guatuso,Alajuela,2023,porc_pavimentadon,2.02934312820435,baseICC2023_2024.xlsx,
301,Cartago,Cartago,2023,porc_pavimentadon,37.7172813415527,baseICC2023_2024.xlsx,
302,Paraíso,Cartago,2023,porc_pavimentadon,41.0758972167969,baseICC2023_2024.xlsx,
303,La Unión,Cartago,2023,porc_pavimentadon,93.1534423828125,baseICC2023_2024.xlsx,
304,Jiménez,Cartago,2023,porc_pavimentadon,10.5781488418579,baseICC2023_2024.xlsx,
305,Turrialba,Cartago,2023,porc_pavimentadon,4.75905418395996,baseICC2023_2024.xlsx,
306,Alvarado,Cartago,2023,porc_pavimentadon,17.0148754119873,baseICC2023_2024.xlsx,
307,Oreamuno,Cartago,2023,porc_pavimentadon,48.0625686645508,baseICC2023_2024.xlsx,
308,El Guarco,Cartago,2023,porc_pavimentadon,23.2496070861816,baseICC2023_2024.xlsx,
401,Heredia,Heredia,2023,porc_pavimentadon,82.1687927246094,baseICC2023_2024.xlsx,
402,Barva,Heredia,2023,porc_pavimentadon,83.6317443847656,baseICC2023_2024.xlsx,
403,Santo Domingo,Heredia,2023,porc_pavimentadon,91.2323913574219,baseICC2023_2024.xlsx,
404,Santa Bárbara,Heredia,2023,porc_pavimentadon,78.3320693969727,baseICC2023_2024.xlsx,
405,San Rafael,Heredia,2023,porc_pavimentadon,81.5336303710938,baseICC2023_2024.xlsx,
406,San Isidro,Heredia,2023,porc_pavimentadon,96.4078826904297,baseICC2023_2024.xlsx,
407,Belén,Heredia,2023,porc_pavimentadon,96.1750946044922,baseICC2023_2024.xlsx,
408,Flores,Heredia,2023,porc_pavimentadon,94.8755950927734,baseICC2023_2024.xlsx,
409,San Pablo,Heredia,2023,porc_pavimentadon,91.3124465942383,baseICC2023_2024.xlsx,
410,Sarapiquí,Heredia,2023,porc_pavimentadon,2.73400330543518,baseICC2023_2024.xlsx,
501,Liberia,Guanacaste,2023,porc_pavimentadon,22.9677696228027,baseICC2023_2024.xlsx,
502,Nicoya,Guanacaste,2023,porc_pavimentadon,1.79207646846771,baseICC2023_2024.xlsx,
503,Santa Cruz,Guanacaste,2023,porc_pavimentadon,1.22217679023743,baseICC2023_2024.xlsx,
504,Bagaces,Guanacaste,2023,porc_pavimentadon,12.6195697784424,baseICC2023_2024.xlsx,
505,Carrillo,Guanacaste,2023,porc_pavimentadon,82.7973861694336,baseICC2023_2024.xlsx,
506,Cañas,Guanacaste,2023,porc_pavimentadon,8.40549945831299,baseICC2023_2024.xlsx,
507,Abangares,Guanacaste,2023,porc_pavimentadon,8.35487651824951,baseICC2023_2024.xlsx,
508,Tilarán,Guanacaste,2023,porc_pavimentadon,8.65688610076904,baseICC2023_2024.xlsx,
509,Nandayure,Guanacaste,2023,porc_pavimentadon,3.52948570251465,baseICC2023_2024.xlsx,
510,La Cruz,Guanacaste,2023,porc_pavimentadon,7.27534198760986,baseICC2023_2024.xlsx,
511,Hojancha,Guanacaste,2023,porc_pavimentadon,11.2727184295654,baseICC2023_2024.xlsx,
601,Puntarenas,Puntarenas,2023,porc_pavimentadon,11.9950923919678,baseICC2023_2024.xlsx,
602,Esparza,Puntarenas,2023,porc_pavimentadon,29.5879669189453,baseICC2023_2024.xlsx,
603,Buenos Aires,Puntarenas,2023,porc_pavimentadon,0.796585261821747,baseICC2023_2024.xlsx,
604,Montes de Oro,Puntarenas,2023,porc_pavimentadon,17.394567489624,baseICC2023_2024.xlsx,
605,Osa,Puntarenas,2023,porc_pavimentadon,6.96985340118408,baseICC2023_2024.xlsx,
606,Quepos,Puntarenas,2023,porc_pavimentadon,5.74399662017822,baseICC2023_2024.xlsx,
607,Golfito,Puntarenas,2023,porc_pavimentadon,1.00870215892792,baseICC2023_2024.xlsx,
608,Coto Brus,Puntarenas,2023,porc_pavimentadon,0.0797689333558083,baseICC2023_2024.xlsx,
609,Parrita,Puntarenas,2023,porc_pavimentadon,9.16211318969727,baseICC2023_2024.xlsx,
610,Corredores,Puntarenas,2023,porc_pavimentadon,0.00499999988824129,baseICC2023_2024.xlsx,
611,Garabito,Puntarenas,2023,porc_pavimentadon,22.7367706298828,baseICC2023_2024.xlsx,
701,Limón,Limón,2023,porc_pavimentadon,11.1553993225098,baseICC2023_2024.xlsx,
702,Pococí,Limón,2023,porc_pavimentadon,8.55640983581543,baseICC2023_2024.xlsx,
703,Siquirres,Limón,2023,porc_pavimentadon,6.85754060745239,baseICC2023_2024.xlsx,
704,Talamanca,Limón,2023,porc_pavimentadon,2.31964373588562,baseICC2023_2024.xlsx,
705,Matina,Limón,2023,porc_pavimentadon,5.43816375732422,baseICC2023_2024.xlsx,
706,Guácimo,Limón,2023,porc_pavimentadon,14.9750604629517,baseICC2023_2024.xlsx,
101,San José,San José,2024,porc_pavimentadon,100.0,baseICC2023_2024.xlsx,
102,Escazú,San José,2024,porc_pavimentadon,75.3193588256836,baseICC2023_2024.xlsx,
103,Desamparados,San José,2024,porc_pavimentadon,63.0322227478027,baseICC2023_2024.xlsx,
104,Puriscal,San José,2024,porc_pavimentadon,14.4695177078247,baseICC2023_2024.xlsx,
105,Tarrazú,San José,2024,porc_pavimentadon,20.4900569915772,baseICC2023_2024.xlsx,
106,Aserrí,San José,2024,porc_pavimentadon,21.2569618225098,baseICC2023_2024.xlsx,
107,Mora,San José,2024,porc_pavimentadon,23.8209629058838,baseICC2023_2024.xlsx,
108,Goicoechea,San José,2024,porc_pavimentadon,99.4977645874023,baseICC2023_2024.xlsx,
109,Santa Ana,San José,2024,porc_pavimentadon,54.6396255493164,baseICC2023_2024.xlsx,
110,Alajuelita,San José,2024,porc_pavimentadon,75.8801956176758,baseICC2023_2024.xlsx,
111,Vázquez de Coronado,San José,2024,porc_pavimentadon,55.4769973754883,baseICC2023_2024.xlsx,
112,Acosta,San José,2024,porc_pavimentadon,8.1677770614624,baseICC2023_2024.xlsx,
113,Tibás,San José,2024,porc_pavimentadon,100.0,baseICC2023_2024.xlsx,
114,Moravia,San José,2024,porc_pavimentadon,92.4447631835938,baseICC2023_2024.xlsx,
115,Montes de Oca,San José,2024,porc_pavimentadon,89.2562942504883,baseICC2023_2024.xlsx,
116,Turrubares,San José,2024,porc_pavimentadon,1.20044457912445,baseICC2023_2024.xlsx,
117,Dota,San José,2024,porc_pavimentadon,6.208580493927,baseICC2023_2024.xlsx,
118,Curridabat,San José,2024,porc_pavimentadon,100.0,baseICC2023_2024.xlsx,
119,Pérez Zeledón,San José,2024,porc_pavimentadon,4.68015480041504,baseICC2023_2024.xlsx,
120,León Cortés Castro,San José,2024,porc_pavimentadon,15.0715007781982,baseICC2023_2024.xlsx,
201,Alajuela,Alajuela,2024,porc_pavimentadon,87.5482559204102,baseICC2023_2024.xlsx,
202,San Ramón,Alajuela,2024,porc_pavimentadon,22.3802528381348,baseICC2023_2024.xlsx,
203,Grecia,Alajuela,2024,porc_pavimentadon,81.2056121826172,baseICC2023_2024.xlsx,
204,San Mateo,Alajuela,2024,porc_pavimentadon,24.8753032684326,baseICC2023_2024.xlsx,
205,Atenas,Alajuela,2024,porc_pavimentadon,54.9767379760742,baseICC2023_2024.xlsx,
206,Naranjo,Alajuela,2024,porc_pavimentadon,59.6807250976563,baseICC2023_2024.xlsx,
207,Palmares,Alajuela,2024,porc_pavimentadon,65.3516311645508,baseICC2023_2024.xlsx,
208,Poás,Alajuela,2024,porc_pavimentadon,83.2505798339844,baseICC2023_2024.xlsx,
209,Orotina,Alajuela,2024,porc_pavimentadon,30.8981170654297,baseICC2023_2024.xlsx,
210,San Carlos,Alajuela,2024,porc_pavimentadon,6.86771488189697,baseICC2023_2024.xlsx,
211,Zarcero,Alajuela,2024,porc_pavimentadon,15.1977624893188,baseICC2023_2024.xlsx,
212,Sarchí,Alajuela,2024,porc_pavimentadon,61.6863594055176,baseICC2023_2024.xlsx,
213,Upala,Alajuela,2024,porc_pavimentadon,1.36676347255707,baseICC2023_2024.xlsx,
214,Los Chiles,Alajuela,2024,porc_pavimentadon,0.75480991601944,baseICC2023_2024.xlsx,
215,Guatuso,Alajuela,2024,porc_pavimentadon,2.91902732849121,baseICC2023_2024.xlsx,
216,Río Cuarto,Alajuela,2024,porc_pavimentadon,15.898021697998,baseICC2023_2024.xlsx,
301,Cartago,Cartago,2024,porc_pavimentadon,38.0937232971191,baseICC2023_2024.xlsx,
302,Paraíso,Cartago,2024,porc_pavimentadon,40.7898445129395,baseICC2023_2024.xlsx,
303,La Unión,Cartago,2024,porc_pavimentadon,93.19482421875,baseICC2023_2024.xlsx,
304,Jiménez,Cartago,2024,porc_pavimentadon,11.2387981414795,baseICC2023_2024.xlsx,
305,Turrialba,Cartago,2024,porc_pavimentadon,5.33479452133179,baseICC2023_2024.xlsx,
306,Alvarado,Cartago,2024,porc_pavimentadon,18.4185543060303,baseICC2023_2024.xlsx,
307,Oreamuno,Cartago,2024,porc_pavimentadon,47.624942779541,baseICC2023_2024.xlsx,
308,El Guarco,Cartago,2024,porc_pavimentadon,23.8602466583252,baseICC2023_2024.xlsx,
401,Heredia,Heredia,2024,porc_pavimentadon,82.2765655517578,baseICC2023_2024.xlsx,
402,Barva,Heredia,2024,porc_pavimentadon,85.084846496582,baseICC2023_2024.xlsx,
403,Santo Domingo,Heredia,2024,porc_pavimentadon,91.2853927612305,baseICC2023_2024.xlsx,
404,Santa Bárbara,Heredia,2024,porc_pavimentadon,78.4630355834961,baseICC2023_2024.xlsx,
405,San Rafael,Heredia,2024,porc_pavimentadon,81.6452407836914,baseICC2023_2024.xlsx,
406,San Isidro,Heredia,2024,porc_pavimentadon,96.2997894287109,baseICC2023_2024.xlsx,
407,Belén,Heredia,2024,porc_pavimentadon,100.0,baseICC2023_2024.xlsx,
408,Flores,Heredia,2024,porc_pavimentadon,94.9065628051758,baseICC2023_2024.xlsx,
409,San Pablo,Heredia,2024,porc_pavimentadon,91.3649597167969,baseICC2023_2024.xlsx,
410,Sarapiquí,Heredia,2024,porc_pavimentadon,3.3648054599762,baseICC2023_2024.xlsx,
501,Liberia,Guanacaste,2024,porc_pavimentadon,24.5754203796387,baseICC2023_2024.xlsx,
502,Nicoya,Guanacaste,2024,porc_pavimentadon,2.38542675971985,baseICC2023_2024.xlsx,
503,Santa Cruz,Guanacaste,2024,porc_pavimentadon,1.81920099258423,baseICC2023_2024.xlsx,
504,Bagaces,Guanacaste,2024,porc_pavimentadon,14.1660242080688,baseICC2023_2024.xlsx,
505,Carrillo,Guanacaste,2024,porc_pavimentadon,82.2678909301758,baseICC2023_2024.xlsx,
506,Cañas,Guanacaste,2024,porc_pavimentadon,22.9285259246826,baseICC2023_2024.xlsx,
507,Abangares,Guanacaste,2024,porc_pavimentadon,9.05663108825684,baseICC2023_2024.xlsx,
508,Tilarán,Guanacaste,2024,porc_pavimentadon,9.32624340057373,baseICC2023_2024.xlsx,
509,Nandayure,Guanacaste,2024,porc_pavimentadon,4.21692705154419,baseICC2023_2024.xlsx,
510,La Cruz,Guanacaste,2024,porc_pavimentadon,7.64299011230469,baseICC2023_2024.xlsx,
511,Hojancha,Guanacaste,2024,porc_pavimentadon,12.1866207122803,baseICC2023_2024.xlsx,
601,Puntarenas,Puntarenas,2024,porc_pavimentadon,12.5270023345947,baseICC2023_2024.xlsx,
602,Esparza,Puntarenas,2024,porc_pavimentadon,30.2524299621582,baseICC2023_2024.xlsx,
603,Buenos Aires,Puntarenas,2024,porc_pavimentadon,0.940224707126617,baseICC2023_2024.xlsx,
604,Montes de Oro,Puntarenas,2024,porc_pavimentadon,17.8938426971436,baseICC2023_2024.xlsx,
605,Osa,Puntarenas,2024,porc_pavimentadon,7.74957847595215,baseICC2023_2024.xlsx,
606,Quepos,Puntarenas,2024,porc_pavimentadon,6.31369066238403,baseICC2023_2024.xlsx,
607,Golfito,Puntarenas,2024,porc_pavimentadon,1.65030992031097,baseICC2023_2024.xlsx,
608,Coto Brus,Puntarenas,2024,porc_pavimentadon,0.0,baseICC2023_2024.xlsx,
609,Parrita,Puntarenas,2024,porc_pavimentadon,9.71114826202393,baseICC2023_2024.xlsx,
610,Corredores,Puntarenas,2024,porc_pavimentadon,0.619969069957733,baseICC2023_2024.xlsx,
611,Garabito,Puntarenas,2024,porc_pavimentadon,23.2037582397461,baseICC2023_2024.xlsx,
701,Limón,Limón,2024,porc_pavimentadon,11.6923866271973,baseICC2023_2024.xlsx,
702,Pococí,Limón,2024,porc_pavimentadon,8.80130481719971,baseICC2023_2024.xlsx,
703,Siquirres,Limón,2024,porc_pavimentadon,7.42050409317017,baseICC2023_2024.xlsx,
704,Talamanca,Limón,2024,porc_pavimentadon,2.91010355949402,baseICC2023_2024.xlsx,
705,Matina,Limón,2024,porc_pavimentadon,15.6894969940186,baseICC2023_2024.xlsx,
706,Guácimo,Limón,2024,porc_pavimentadon,15.5003051757813,baseICC2023_2024.xlsx,
101,San José,San José,2023,ln_viv_elec_km2n,96.8116607666016,baseICC2023_2024.xlsx,
102,Escazú,San José,2023,ln_viv_elec_km2n,77.2450561523438,baseICC2023_2024.xlsx,
103,Desamparados,San José,2023,ln_viv_elec_km2n,74.50927734375,baseICC2023_2024.xlsx,
104,Puriscal,San José,2023,ln_viv_elec_km2n,24.9189453125,baseICC2023_2024.xlsx,
105,Tarrazú,San José,2023,ln_viv_elec_km2n,21.7459487915039,baseICC2023_2024.xlsx,
106,Aserrí,San José,2023,ln_viv_elec_km2n,48.782154083252,baseICC2023_2024.xlsx,
107,Mora,San José,2023,ln_viv_elec_km2n,40.533073425293,baseICC2023_2024.xlsx,
108,Goicoechea,San José,2023,ln_viv_elec_km2n,86.7348327636719,baseICC2023_2024.xlsx,
109,Santa Ana,San José,2023,ln_viv_elec_km2n,64.8837890625,baseICC2023_2024.xlsx,
110,Alajuelita,San José,2023,ln_viv_elec_km2n,83.4995422363281,baseICC2023_2024.xlsx,
111,Vázquez de Coronado,San José,2023,ln_viv_elec_km2n,46.3003387451172,baseICC2023_2024.xlsx,
112,Acosta,San José,2023,ln_viv_elec_km2n,23.9706649780273,baseICC2023_2024.xlsx,
113,Tibás,San José,2023,ln_viv_elec_km2n,100.0,baseICC2023_2024.xlsx,
114,Moravia,San José,2023,ln_viv_elec_km2n,76.6786804199219,baseICC2023_2024.xlsx,
115,Montes de Oca,San José,2023,ln_viv_elec_km2n,87.1256103515625,baseICC2023_2024.xlsx,
116,Turrubares,San José,2023,ln_viv_elec_km2n,1.30427598953247,baseICC2023_2024.xlsx,
117,Dota,San José,2023,ln_viv_elec_km2n,6.12607860565186,baseICC2023_2024.xlsx,
118,Curridabat,San José,2023,ln_viv_elec_km2n,88.8888397216797,baseICC2023_2024.xlsx,
119,Pérez Zeledón,San José,2023,ln_viv_elec_km2n,27.6212635040283,baseICC2023_2024.xlsx,
120,León Cortés Castro,San José,2023,ln_viv_elec_km2n,30.659553527832,baseICC2023_2024.xlsx,
201,Alajuela,Alajuela,2023,ln_viv_elec_km2n,61.7725563049316,baseICC2023_2024.xlsx,
202,San Ramón,Alajuela,2023,ln_viv_elec_km2n,28.5140609741211,baseICC2023_2024.xlsx,
203,Grecia,Alajuela,2023,ln_viv_elec_km2n,42.1101455688477,baseICC2023_2024.xlsx,
204,San Mateo,Alajuela,2023,ln_viv_elec_km2n,20.4320526123047,baseICC2023_2024.xlsx,
205,Atenas,Alajuela,2023,ln_viv_elec_km2n,43.437385559082,baseICC2023_2024.xlsx,
206,Naranjo,Alajuela,2023,ln_viv_elec_km2n,49.0825347900391,baseICC2023_2024.xlsx,
207,Palmares,Alajuela,2023,ln_viv_elec_km2n,64.9614486694336,baseICC2023_2024.xlsx,
208,Poás,Alajuela,2023,ln_viv_elec_km2n,52.9756011962891,baseICC2023_2024.xlsx,
209,Orotina,Alajuela,2023,ln_viv_elec_km2n,37.3093948364258,baseICC2023_2024.xlsx,
210,San Carlos,Alajuela,2023,ln_viv_elec_km2n,20.9209995269775,baseICC2023_2024.xlsx,
211,Zarcero,Alajuela,2023,ln_viv_elec_km2n,28.1411170959473,baseICC2023_2024.xlsx,
212,Sarchí,Alajuela,2023,ln_viv_elec_km2n,36.4477424621582,baseICC2023_2024.xlsx,
213,Upala,Alajuela,2023,ln_viv_elec_km2n,12.7370519638062,baseICC2023_2024.xlsx,
214,Los Chiles,Alajuela,2023,ln_viv_elec_km2n,7.40955400466919,baseICC2023_2024.xlsx,
215,Guatuso,Alajuela,2023,ln_viv_elec_km2n,7.29571294784546,baseICC2023_2024.xlsx,
301,Cartago,Cartago,2023,ln_viv_elec_km2n,55.7599067687988,baseICC2023_2024.xlsx,
302,Paraíso,Cartago,2023,ln_viv_elec_km2n,32.7008934020996,baseICC2023_2024.xlsx,
303,La Unión,Cartago,2023,ln_viv_elec_km2n,77.266357421875,baseICC2023_2024.xlsx,
304,Jiménez,Cartago,2023,ln_viv_elec_km2n,24.6971225738525,baseICC2023_2024.xlsx,
305,Turrialba,Cartago,2023,ln_viv_elec_km2n,20.1174259185791,baseICC2023_2024.xlsx,
306,Alvarado,Cartago,2023,ln_viv_elec_km2n,39.7046127319336,baseICC2023_2024.xlsx,
307,Oreamuno,Cartago,2023,ln_viv_elec_km2n,40.796314239502,baseICC2023_2024.xlsx,
308,El Guarco,Cartago,2023,ln_viv_elec_km2n,43.9550628662109,baseICC2023_2024.xlsx,
401,Heredia,Heredia,2023,ln_viv_elec_km2n,53.4668998718262,baseICC2023_2024.xlsx,
402,Barva,Heredia,2023,ln_viv_elec_km2n,62.6160125732422,baseICC2023_2024.xlsx,
403,Santo Domingo,Heredia,2023,ln_viv_elec_km2n,74.1816787719727,baseICC2023_2024.xlsx,
404,Santa Bárbara,Heredia,2023,ln_viv_elec_km2n,60.4444313049316,baseICC2023_2024.xlsx,
405,San Rafael,Heredia,2023,ln_viv_elec_km2n,65.1475448608398,baseICC2023_2024.xlsx,
406,San Isidro,Heredia,2023,ln_viv_elec_km2n,62.5032615661621,baseICC2023_2024.xlsx,
407,Belén,Heredia,2023,ln_viv_elec_km2n,75.2991409301758,baseICC2023_2024.xlsx,
408,Flores,Heredia,2023,ln_viv_elec_km2n,83.645393371582,baseICC2023_2024.xlsx,
409,San Pablo,Heredia,2023,ln_viv_elec_km2n,85.3133773803711,baseICC2023_2024.xlsx,
410,Sarapiquí,Heredia,2023,ln_viv_elec_km2n,10.8874597549438,baseICC2023_2024.xlsx,
501,Liberia,Guanacaste,2023,ln_viv_elec_km2n,18.5771160125732,baseICC2023_2024.xlsx,
502,Nicoya,Guanacaste,2023,ln_viv_elec_km2n,18.9804954528809,baseICC2023_2024.xlsx,
503,Santa Cruz,Guanacaste,2023,ln_viv_elec_km2n,21.2710075378418,baseICC2023_2024.xlsx,
504,Bagaces,Guanacaste,2023,ln_viv_elec_km2n,2.78359746932983,baseICC2023_2024.xlsx,
505,Carrillo,Guanacaste,2023,ln_viv_elec_km2n,25.1064357757568,baseICC2023_2024.xlsx,
506,Cañas,Guanacaste,2023,ln_viv_elec_km2n,15.9605960845947,baseICC2023_2024.xlsx,
507,Abangares,Guanacaste,2023,ln_viv_elec_km2n,13.0369052886963,baseICC2023_2024.xlsx,
508,Tilarán,Guanacaste,2023,ln_viv_elec_km2n,12.8542127609253,baseICC2023_2024.xlsx,
509,Nandayure,Guanacaste,2023,ln_viv_elec_km2n,5.92749357223511,baseICC2023_2024.xlsx,
510,La Cruz,Guanacaste,2023,ln_viv_elec_km2n,1.95387744903564,baseICC2023_2024.xlsx,
511,Hojancha,Guanacaste,2023,ln_viv_elec_km2n,11.5893592834473,baseICC2023_2024.xlsx,
601,Puntarenas,Puntarenas,2023,ln_viv_elec_km2n,25.4772453308105,baseICC2023_2024.xlsx,
602,Esparza,Puntarenas,2023,ln_viv_elec_km2n,36.5243225097656,baseICC2023_2024.xlsx,
603,Buenos Aires,Puntarenas,2023,ln_viv_elec_km2n,5.55986547470093,baseICC2023_2024.xlsx,
604,Montes de Oro,Puntarenas,2023,ln_viv_elec_km2n,23.4218521118164,baseICC2023_2024.xlsx,
605,Osa,Puntarenas,2023,ln_viv_elec_km2n,5.11037015914917,baseICC2023_2024.xlsx,
606,Quepos,Puntarenas,2023,ln_viv_elec_km2n,21.6424026489258,baseICC2023_2024.xlsx,
607,Golfito,Puntarenas,2023,ln_viv_elec_km2n,8.44597816467285,baseICC2023_2024.xlsx,
608,Coto Brus,Puntarenas,2023,ln_viv_elec_km2n,19.2714996337891,baseICC2023_2024.xlsx,
609,Parrita,Puntarenas,2023,ln_viv_elec_km2n,16.0397682189941,baseICC2023_2024.xlsx,
610,Corredores,Puntarenas,2023,ln_viv_elec_km2n,26.0562744140625,baseICC2023_2024.xlsx,
611,Garabito,Puntarenas,2023,ln_viv_elec_km2n,27.8928718566895,baseICC2023_2024.xlsx,
701,Limón,Limón,2023,ln_viv_elec_km2n,21.2994155883789,baseICC2023_2024.xlsx,
702,Pococí,Limón,2023,ln_viv_elec_km2n,22.8983497619629,baseICC2023_2024.xlsx,
703,Siquirres,Limón,2023,ln_viv_elec_km2n,24.7635192871094,baseICC2023_2024.xlsx,
704,Talamanca,Limón,2023,ln_viv_elec_km2n,0.00499999988824129,baseICC2023_2024.xlsx,
705,Matina,Limón,2023,ln_viv_elec_km2n,19.6732940673828,baseICC2023_2024.xlsx,
706,Guácimo,Limón,2023,ln_viv_elec_km2n,21.805269241333,baseICC2023_2024.xlsx,
101,San José,San José,2024,ln_viv_elec_km2n,96.8116607666016,baseICC2023_2024.xlsx,
102,Escazú,San José,2024,ln_viv_elec_km2n,77.2450561523438,baseICC2023_2024.xlsx,
103,Desamparados,San José,2024,ln_viv_elec_km2n,74.50927734375,baseICC2023_2024.xlsx,
104,Puriscal,San José,2024,ln_viv_elec_km2n,24.9189453125,baseICC2023_2024.xlsx,
105,Tarrazú,San José,2024,ln_viv_elec_km2n,21.7459487915039,baseICC2023_2024.xlsx,
106,Aserrí,San José,2024,ln_viv_elec_km2n,48.782154083252,baseICC2023_2024.xlsx,
107,Mora,San José,2024,ln_viv_elec_km2n,40.533073425293,baseICC2023_2024.xlsx,
108,Goicoechea,San José,2024,ln_viv_elec_km2n,86.7348327636719,baseICC2023_2024.xlsx,
109,Santa Ana,San José,2024,ln_viv_elec_km2n,64.8837890625,baseICC2023_2024.xlsx,
110,Alajuelita,San José,2024,ln_viv_elec_km2n,83.4995422363281,baseICC2023_2024.xlsx,
111,Vázquez de Coronado,San José,2024,ln_viv_elec_km2n,46.3003387451172,baseICC2023_2024.xlsx,
112,Acosta,San José,2024,ln_viv_elec_km2n,23.9706649780273,baseICC2023_2024.xlsx,
113,Tibás,San José,2024,ln_viv_elec_km2n,100.0,baseICC2023_2024.xlsx,
114,Moravia,San José,2024,ln_viv_elec_km2n,76.6786804199219,baseICC2023_2024.xlsx,
115,Montes de Oca,San José,2024,ln_viv_elec_km2n,87.1256103515625,baseICC2023_2024.xlsx,
116,Turrubares,San José,2024,ln_viv_elec_km2n,1.30427598953247,baseICC2023_2024.xlsx,
117,Dota,San José,2024,ln_viv_elec_km2n,6.12607860565186,baseICC2023_2024.xlsx,
118,Curridabat,San José,2024,ln_viv_elec_km2n,88.8888397216797,baseICC2023_2024.xlsx,
119,Pérez Zeledón,San José,2024,ln_viv_elec_km2n,27.6212635040283,baseICC2023_2024.xlsx,
120,León Cortés Castro,San José,2024,ln_viv_elec_km2n,30.659553527832,baseICC2023_2024.xlsx,
201,Alajuela,Alajuela,2024,ln_viv_elec_km2n,61.7725563049316,baseICC2023_2024.xlsx,
202,San Ramón,Alajuela,2024,ln_viv_elec_km2n,28.5140609741211,baseICC2023_2024.xlsx,
203,Grecia,Alajuela,2024,ln_viv_elec_km2n,55.7337989807129,baseICC2023_2024.xlsx,
204,San Mateo,Alajuela,2024,ln_viv_elec_km2n,20.4320526123047,baseICC2023_2024.xlsx,
205,Atenas,Alajuela,2024,ln_viv_elec_km2n,43.437385559082,baseICC2023_2024.xlsx,
206,Naranjo,Alajuela,2024,ln_viv_elec_km2n,49.0825347900391,baseICC2023_2024.xlsx,
207,Palmares,Alajuela,2024,ln_viv_elec_km2n,64.9614486694336,baseICC2023_2024.xlsx,
208,Poás,Alajuela,2024,ln_viv_elec_km2n,52.9756011962891,baseICC2023_2024.xlsx,
209,Orotina,Alajuela,2024,ln_viv_elec_km2n,37.3093948364258,baseICC2023_2024.xlsx,
210,San Carlos,Alajuela,2024,ln_viv_elec_km2n,20.9209995269775,baseICC2023_2024.xlsx,
211,Zarcero,Alajuela,2024,ln_viv_elec_km2n,28.1411170959473,baseICC2023_2024.xlsx,
212,Sarchí,Alajuela,2024,ln_viv_elec_km2n,36.4477424621582,baseICC2023_2024.xlsx,
213,Upala,Alajuela,2024,ln_viv_elec_km2n,12.7370519638062,baseICC2023_2024.xlsx,
214,Los Chiles,Alajuela,2024,ln_viv_elec_km2n,7.40955400466919,baseICC2023_2024.xlsx,
215,Guatuso,Alajuela,2024,ln_viv_elec_km2n,7.29571294784546,baseICC2023_2024.xlsx,
216,Río Cuarto,Alajuela,2024,ln_viv_elec_km2n,18.1698379516602,baseICC2023_2024.xlsx,
301,Cartago,Cartago,2024,ln_viv_elec_km2n,55.7599067687988,baseICC2023_2024.xlsx,
302,Paraíso,Cartago,2024,ln_viv_elec_km2n,32.7008934020996,baseICC2023_2024.xlsx,
303,La Unión,Cartago,2024,ln_viv_elec_km2n,77.266357421875,baseICC2023_2024.xlsx,
304,Jiménez,Cartago,2024,ln_viv_elec_km2n,24.6971225738525,baseICC2023_2024.xlsx,
305,Turrialba,Cartago,2024,ln_viv_elec_km2n,20.1174259185791,baseICC2023_2024.xlsx,
306,Alvarado,Cartago,2024,ln_viv_elec_km2n,39.7046127319336,baseICC2023_2024.xlsx,
307,Oreamuno,Cartago,2024,ln_viv_elec_km2n,40.796314239502,baseICC2023_2024.xlsx,
308,El Guarco,Cartago,2024,ln_viv_elec_km2n,43.9550628662109,baseICC2023_2024.xlsx,
401,Heredia,Heredia,2024,ln_viv_elec_km2n,53.4668998718262,baseICC2023_2024.xlsx,
402,Barva,Heredia,2024,ln_viv_elec_km2n,62.6160125732422,baseICC2023_2024.xlsx,
403,Santo Domingo,Heredia,2024,ln_viv_elec_km2n,74.1816787719727,baseICC2023_2024.xlsx,
404,Santa Bárbara,Heredia,2024,ln_viv_elec_km2n,60.4444313049316,baseICC2023_2024.xlsx,
405,San Rafael,Heredia,2024,ln_viv_elec_km2n,65.1475448608398,baseICC2023_2024.xlsx,
406,San Isidro,Heredia,2024,ln_viv_elec_km2n,62.5032615661621,baseICC2023_2024.xlsx,
407,Belén,Heredia,2024,ln_viv_elec_km2n,75.2991409301758,baseICC2023_2024.xlsx,
408,Flores,Heredia,2024,ln_viv_elec_km2n,83.645393371582,baseICC2023_2024.xlsx,
409,San Pablo,Heredia,2024,ln_viv_elec_km2n,85.3133773803711,baseICC2023_2024.xlsx,
410,Sarapiquí,Heredia,2024,ln_viv_elec_km2n,10.8874597549438,baseICC2023_2024.xlsx,
501,Liberia,Guanacaste,2024,ln_viv_elec_km2n,18.5771160125732,baseICC2023_2024.xlsx,
502,Nicoya,Guanacaste,2024,ln_viv_elec_km2n,18.9804954528809,baseICC2023_2024.xlsx,
503,Santa Cruz,Guanacaste,2024,ln_viv_elec_km2n,21.2710075378418,baseICC2023_2024.xlsx,
504,Bagaces,Guanacaste,2024,ln_viv_elec_km2n,2.78359746932983,baseICC2023_2024.xlsx,
505,Carrillo,Guanacaste,2024,ln_viv_elec_km2n,25.1064357757568,baseICC2023_2024.xlsx,
506,Cañas,Guanacaste,2024,ln_viv_elec_km2n,15.9605960845947,baseICC2023_2024.xlsx,
507,Abangares,Guanacaste,2024,ln_viv_elec_km2n,13.0369052886963,baseICC2023_2024.xlsx,
508,Tilarán,Guanacaste,2024,ln_viv_elec_km2n,12.8542127609253,baseICC2023_2024.xlsx,
509,Nandayure,Guanacaste,2024,ln_viv_elec_km2n,5.92749357223511,baseICC2023_2024.xlsx,
510,La Cruz,Guanacaste,2024,ln_viv_elec_km2n,1.95387744903564,baseICC2023_2024.xlsx,
511,Hojancha,Guanacaste,2024,ln_viv_elec_km2n,11.5893592834473,baseICC2023_2024.xlsx,
601,Puntarenas,Puntarenas,2024,ln_viv_elec_km2n,25.4772453308105,baseICC2023_2024.xlsx,
602,Esparza,Puntarenas,2024,ln_viv_elec_km2n,36.5243225097656,baseICC2023_2024.xlsx,
603,Buenos Aires,Puntarenas,2024,ln_viv_elec_km2n,5.55986547470093,baseICC2023_2024.xlsx,
604,Montes de Oro,Puntarenas,2024,ln_viv_elec_km2n,23.4218521118164,baseICC2023_2024.xlsx,
605,Osa,Puntarenas,2024,ln_viv_elec_km2n,5.11037015914917,baseICC2023_2024.xlsx,
606,Quepos,Puntarenas,2024,ln_viv_elec_km2n,21.6424026489258,baseICC2023_2024.xlsx,
607,Golfito,Puntarenas,2024,ln_viv_elec_km2n,8.44597816467285,baseICC2023_2024.xlsx,
608,Coto Brus,Puntarenas,2024,ln_viv_elec_km2n,19.2714996337891,baseICC2023_2024.xlsx,
609,Parrita,Puntarenas,2024,ln_viv_elec_km2n,16.0397682189941,baseICC2023_2024.xlsx,
610,Corredores,Puntarenas,2024,ln_viv_elec_km2n,26.0562744140625,baseICC2023_2024.xlsx,
611,Garabito,Puntarenas,2024,ln_viv_elec_km2n,27.8928718566895,baseICC2023_2024.xlsx,
701,Limón,Limón,2024,ln_viv_elec_km2n,21.2994155883789,baseICC2023_2024.xlsx,
702,Pococí,Limón,2024,ln_viv_elec_km2n,22.8983497619629,baseICC2023_2024.xlsx,
703,Siquirres,Limón,2024,ln_viv_elec_km2n,24.7635192871094,baseICC2023_2024.xlsx,
704,Talamanca,Limón,2024,ln_viv_elec_km2n,0.0,baseICC2023_2024.xlsx,
705,Matina,Limón,2024,ln_viv_elec_km2n,19.6732940673828,baseICC2023_2024.xlsx,
706,Guácimo,Limón,2024,ln_viv_elec_km2n,21.805269241333,baseICC2023_2024.xlsx,
101,San José,San José,2023,porcentaje_velocidadn,43.6944999694824,baseICC2023_2024.xlsx,
102,Escazú,San José,2023,porcentaje_velocidadn,50.7387466430664,baseICC2023_2024.xlsx,
103,Desamparados,San José,2023,porcentaje_velocidadn,93.1340484619141,baseICC2023_2024.xlsx,
104,Puriscal,San José,2023,porcentaje_velocidadn,35.5568580627441,baseICC2023_2024.xlsx,
105,Tarrazú,San José,2023,porcentaje_velocidadn,67.8065338134766,baseICC2023_2024.xlsx,
106,Aserrí,San José,2023,porcentaje_velocidadn,61.7817573547363,baseICC2023_2024.xlsx,
107,Mora,San José,2023,porcentaje_velocidadn,40.8754501342773,baseICC2023_2024.xlsx,
108,Goicoechea,San José,2023,porcentaje_velocidadn,46.4045028686523,baseICC2023_2024.xlsx,
109,Santa Ana,San José,2023,porcentaje_velocidadn,97.821403503418,baseICC2023_2024.xlsx,
110,Alajuelita,San José,2023,porcentaje_velocidadn,27.5514545440674,baseICC2023_2024.xlsx,
111,Vázquez de Coronado,San José,2023,porcentaje_velocidadn,38.9680099487305,baseICC2023_2024.xlsx,
112,Acosta,San José,2023,porcentaje_velocidadn,38.4742126464844,baseICC2023_2024.xlsx,
113,Tibás,San José,2023,porcentaje_velocidadn,46.164478302002,baseICC2023_2024.xlsx,
114,Moravia,San José,2023,porcentaje_velocidadn,41.5732498168945,baseICC2023_2024.xlsx,
115,Montes de Oca,San José,2023,porcentaje_velocidadn,48.2161636352539,baseICC2023_2024.xlsx,
116,Turrubares,San José,2023,porcentaje_velocidadn,36.9490051269531,baseICC2023_2024.xlsx,
117,Dota,San José,2023,porcentaje_velocidadn,67.2131805419922,baseICC2023_2024.xlsx,
118,Curridabat,San José,2023,porcentaje_velocidadn,41.4491844177246,baseICC2023_2024.xlsx,
119,Pérez Zeledón,San José,2023,porcentaje_velocidadn,40.4514923095703,baseICC2023_2024.xlsx,
120,León Cortés Castro,San José,2023,porcentaje_velocidadn,85.0593185424805,baseICC2023_2024.xlsx,
201,Alajuela,Alajuela,2023,porcentaje_velocidadn,37.4733123779297,baseICC2023_2024.xlsx,
202,San Ramón,Alajuela,2023,porcentaje_velocidadn,29.0760040283203,baseICC2023_2024.xlsx,
203,Grecia,Alajuela,2023,porcentaje_velocidadn,27.6398544311523,baseICC2023_2024.xlsx,
204,San Mateo,Alajuela,2023,porcentaje_velocidadn,59.5292701721191,baseICC2023_2024.xlsx,
205,Atenas,Alajuela,2023,porcentaje_velocidadn,35.2164611816406,baseICC2023_2024.xlsx,
206,Naranjo,Alajuela,2023,porcentaje_velocidadn,34.124885559082,baseICC2023_2024.xlsx,
207,Palmares,Alajuela,2023,porcentaje_velocidadn,50.9014663696289,baseICC2023_2024.xlsx,
208,Poás,Alajuela,2023,porcentaje_velocidadn,42.9439010620117,baseICC2023_2024.xlsx,
209,Orotina,Alajuela,2023,porcentaje_velocidadn,38.1720848083496,baseICC2023_2024.xlsx,
210,San Carlos,Alajuela,2023,porcentaje_velocidadn,42.5745964050293,baseICC2023_2024.xlsx,
211,Zarcero,Alajuela,2023,porcentaje_velocidadn,25.8262100219727,baseICC2023_2024.xlsx,
212,Sarchí,Alajuela,2023,porcentaje_velocidadn,41.1549911499023,baseICC2023_2024.xlsx,
213,Upala,Alajuela,2023,porcentaje_velocidadn,54.363883972168,baseICC2023_2024.xlsx,
214,Los Chiles,Alajuela,2023,porcentaje_velocidadn,48.1257133483887,baseICC2023_2024.xlsx,
215,Guatuso,Alajuela,2023,porcentaje_velocidadn,65.3472442626953,baseICC2023_2024.xlsx,
301,Cartago,Cartago,2023,porcentaje_velocidadn,74.2884674072266,baseICC2023_2024.xlsx,
302,Paraíso,Cartago,2023,porcentaje_velocidadn,54.5519523620606,baseICC2023_2024.xlsx,
303,La Unión,Cartago,2023,porcentaje_velocidadn,50.5740509033203,baseICC2023_2024.xlsx,
304,Jiménez,Cartago,2023,porcentaje_velocidadn,69.8814392089844,baseICC2023_2024.xlsx,
305,Turrialba,Cartago,2023,porcentaje_velocidadn,76.9151840209961,baseICC2023_2024.xlsx,
306,Alvarado,Cartago,2023,porcentaje_velocidadn,62.9332008361816,baseICC2023_2024.xlsx,
307,Oreamuno,Cartago,2023,porcentaje_velocidadn,46.9418869018555,baseICC2023_2024.xlsx,
308,El Guarco,Cartago,2023,porcentaje_velocidadn,41.9524116516113,baseICC2023_2024.xlsx,
401,Heredia,Heredia,2023,porcentaje_velocidadn,100.0,baseICC2023_2024.xlsx,
402,Barva,Heredia,2023,porcentaje_velocidadn,67.540168762207,baseICC2023_2024.xlsx,
403,Santo Domingo,Heredia,2023,porcentaje_velocidadn,58.6410102844238,baseICC2023_2024.xlsx,
404,Santa Bárbara,Heredia,2023,porcentaje_velocidadn,74.5587997436523,baseICC2023_2024.xlsx,
405,San Rafael,Heredia,2023,porcentaje_velocidadn,66.9122161865234,baseICC2023_2024.xlsx,
406,San Isidro,Heredia,2023,porcentaje_velocidadn,43.0014419555664,baseICC2023_2024.xlsx,
407,Belén,Heredia,2023,porcentaje_velocidadn,40.5042572021484,baseICC2023_2024.xlsx,
408,Flores,Heredia,2023,porcentaje_velocidadn,48.4392585754395,baseICC2023_2024.xlsx,
409,San Pablo,Heredia,2023,porcentaje_velocidadn,54.3617706298828,baseICC2023_2024.xlsx,
410,Sarapiquí,Heredia,2023,porcentaje_velocidadn,56.8115463256836,baseICC2023_2024.xlsx,
501,Liberia,Guanacaste,2023,porcentaje_velocidadn,57.9026565551758,baseICC2023_2024.xlsx,
502,Nicoya,Guanacaste,2023,porcentaje_velocidadn,38.3710670471191,baseICC2023_2024.xlsx,
503,Santa Cruz,Guanacaste,2023,porcentaje_velocidadn,40.6349678039551,baseICC2023_2024.xlsx,
504,Bagaces,Guanacaste,2023,porcentaje_velocidadn,70.603401184082,baseICC2023_2024.xlsx,
505,Carrillo,Guanacaste,2023,porcentaje_velocidadn,42.4002456665039,baseICC2023_2024.xlsx,
506,Cañas,Guanacaste,2023,porcentaje_velocidadn,65.391471862793,baseICC2023_2024.xlsx,
507,Abangares,Guanacaste,2023,porcentaje_velocidadn,49.9987449645996,baseICC2023_2024.xlsx,
508,Tilarán,Guanacaste,2023,porcentaje_velocidadn,94.9336471557617,baseICC2023_2024.xlsx,
509,Nandayure,Guanacaste,2023,porcentaje_velocidadn,16.0959053039551,baseICC2023_2024.xlsx,
510,La Cruz,Guanacaste,2023,porcentaje_velocidadn,72.6910858154297,baseICC2023_2024.xlsx,
511,Hojancha,Guanacaste,2023,porcentaje_velocidadn,30.8783226013184,baseICC2023_2024.xlsx,
601,Puntarenas,Puntarenas,2023,porcentaje_velocidadn,36.8381004333496,baseICC2023_2024.xlsx,
602,Esparza,Puntarenas,2023,porcentaje_velocidadn,37.5363273620606,baseICC2023_2024.xlsx,
603,Buenos Aires,Puntarenas,2023,porcentaje_velocidadn,48.0026054382324,baseICC2023_2024.xlsx,
604,Montes de Oro,Puntarenas,2023,porcentaje_velocidadn,76.3102569580078,baseICC2023_2024.xlsx,
605,Osa,Puntarenas,2023,porcentaje_velocidadn,60.0112152099609,baseICC2023_2024.xlsx,
606,Quepos,Puntarenas,2023,porcentaje_velocidadn,78.1175537109375,baseICC2023_2024.xlsx,
607,Golfito,Puntarenas,2023,porcentaje_velocidadn,55.6673126220703,baseICC2023_2024.xlsx,
608,Coto Brus,Puntarenas,2023,porcentaje_velocidadn,39.3048515319824,baseICC2023_2024.xlsx,
609,Parrita,Puntarenas,2023,porcentaje_velocidadn,48.1807365417481,baseICC2023_2024.xlsx,
610,Corredores,Puntarenas,2023,porcentaje_velocidadn,43.0754089355469,baseICC2023_2024.xlsx,
611,Garabito,Puntarenas,2023,porcentaje_velocidadn,79.7729339599609,baseICC2023_2024.xlsx,
701,Limón,Limón,2023,porcentaje_velocidadn,35.3550987243652,baseICC2023_2024.xlsx,
702,Pococí,Limón,2023,porcentaje_velocidadn,43.5510482788086,baseICC2023_2024.xlsx,
703,Siquirres,Limón,2023,porcentaje_velocidadn,37.2564888000488,baseICC2023_2024.xlsx,
704,Talamanca,Limón,2023,porcentaje_velocidadn,0.00499999988824129,baseICC2023_2024.xlsx,
705,Matina,Limón,2023,porcentaje_velocidadn,18.4968643188477,baseICC2023_2024.xlsx,
706,Guácimo,Limón,2023,porcentaje_velocidadn,36.1628723144531,baseICC2023_2024.xlsx,
101,San José,San José,2024,porcentaje_velocidadn,43.6944999694824,baseICC2023_2024.xlsx,
102,Escazú,San José,2024,porcentaje_velocidadn,50.7387466430664,baseICC2023_2024.xlsx,
103,Desamparados,San José,2024,porcentaje_velocidadn,93.1340484619141,baseICC2023_2024.xlsx,
104,Puriscal,San José,2024,porcentaje_velocidadn,35.5568580627441,baseICC2023_2024.xlsx,
105,Tarrazú,San José,2024,porcentaje_velocidadn,67.8065338134766,baseICC2023_2024.xlsx,
106,Aserrí,San José,2024,porcentaje_velocidadn,61.7817573547363,baseICC2023_2024.xlsx,
107,Mora,San José,2024,porcentaje_velocidadn,40.8754501342773,baseICC2023_2024.xlsx,
108,Goicoechea,San José,2024,porcentaje_velocidadn,46.4045028686523,baseICC2023_2024.xlsx,
109,Santa Ana,San José,2024,porcentaje_velocidadn,97.821403503418,baseICC2023_2024.xlsx,
110,Alajuelita,San José,2024,porcentaje_velocidadn,27.5514545440674,baseICC2023_2024.xlsx,
111,Vázquez de Coronado,San José,2024,porcentaje_velocidadn,38.9680099487305,baseICC2023_2024.xlsx,
112,Acosta,San José,2024,porcentaje_velocidadn,38.4742126464844,baseICC2023_2024.xlsx,
113,Tibás,San José,2024,porcentaje_velocidadn,46.164478302002,baseICC2023_2024.xlsx,
114,Moravia,San José,2024,porcentaje_velocidadn,41.5732498168945,baseICC2023_2024.xlsx,
115,Montes de Oca,San José,2024,porcentaje_velocidadn,48.2161636352539,baseICC2023_2024.xlsx,
116,Turrubares,San José,2024,porcentaje_velocidadn,36.9490051269531,baseICC2023_2024.xlsx,
117,Dota,San José,2024,porcentaje_velocidadn,67.2131805419922,baseICC2023_2024.xlsx,
118,Curridabat,San José,2024,porcentaje_velocidadn,41.4491844177246,baseICC2023_2024.xlsx,
119,Pérez Zeledón,San José,2024,porcentaje_velocidadn,40.4514923095703,baseICC2023_2024.xlsx,
120,León Cortés Castro,San José,2024,porcentaje_velocidadn,85.0593185424805,baseICC2023_2024.xlsx,
201,Alajuela,Alajuela,2024,porcentaje_velocidadn,37.4733123779297,baseICC2023_2024.xlsx,
202,San Ramón,Alajuela,2024,porcentaje_velocidadn,29.0760040283203,baseICC2023_2024.xlsx,
203,Grecia,Alajuela,2024,porcentaje_velocidadn,27.6398544311523,baseICC2023_2024.xlsx,
204,San Mateo,Alajuela,2024,porcentaje_velocidadn,59.5292701721191,baseICC2023_2024.xlsx,
205,Atenas,Alajuela,2024,porcentaje_velocidadn,35.2164611816406,baseICC2023_2024.xlsx,
206,Naranjo,Alajuela,2024,porcentaje_velocidadn,34.124885559082,baseICC2023_2024.xlsx,
207,Palmares,Alajuela,2024,porcentaje_velocidadn,50.9014663696289,baseICC2023_2024.xlsx,
208,Poás,Alajuela,2024,porcentaje_velocidadn,42.9439010620117,baseICC2023_2024.xlsx,
209,Orotina,Alajuela,2024,porcentaje_velocidadn,38.1720848083496,baseICC2023_2024.xlsx,
210,San Carlos,Alajuela,2024,porcentaje_velocidadn,42.5745964050293,baseICC2023_2024.xlsx,
211,Zarcero,Alajuela,2024,porcentaje_velocidadn,25.8262100219727,baseICC2023_2024.xlsx,
212,Sarchí,Alajuela,2024,porcentaje_velocidadn,41.1549911499023,baseICC2023_2024.xlsx,
213,Upala,Alajuela,2024,porcentaje_velocidadn,54.363883972168,baseICC2023_2024.xlsx,
214,Los Chiles,Alajuela,2024,porcentaje_velocidadn,48.1257133483887,baseICC2023_2024.xlsx,
215,Guatuso,Alajuela,2024,porcentaje_velocidadn,65.3472442626953,baseICC2023_2024.xlsx,
216,Río Cuarto,Alajuela,2024,porcentaje_velocidadn,34.9869728088379,baseICC2023_2024.xlsx,
301,Cartago,Cartago,2024,porcentaje_velocidadn,74.2884674072266,baseICC2023_2024.xlsx,
302,Paraíso,Cartago,2024,porcentaje_velocidadn,54.5519523620606,baseICC2023_2024.xlsx,
303,La Unión,Cartago,2024,porcentaje_velocidadn,50.5740509033203,baseICC2023_2024.xlsx,
304,Jiménez,Cartago,2024,porcentaje_velocidadn,69.8814392089844,baseICC2023_2024.xlsx,
305,Turrialba,Cartago,2024,porcentaje_velocidadn,76.9151840209961,baseICC2023_2024.xlsx,
306,Alvarado,Cartago,2024,porcentaje_velocidadn,62.9332008361816,baseICC2023_2024.xlsx,
307,Oreamuno,Cartago,2024,porcentaje_velocidadn,46.9418869018555,baseICC2023_2024.xlsx,
308,El Guarco,Cartago,2024,porcentaje_velocidadn,41.9524116516113,baseICC2023_2024.xlsx,
401,Heredia,Heredia,2024,porcentaje_velocidadn,100.0,baseICC2023_2024.xlsx,
402,Barva,Heredia,2024,porcentaje_velocidadn,67.540168762207,baseICC2023_2024.xlsx,
403,Santo Domingo,Heredia,2024,porcentaje_velocidadn,58.6410102844238,baseICC2023_2024.xlsx,
404,Santa Bárbara,Heredia,2024,porcentaje_velocidadn,74.5587997436523,baseICC2023_2024.xlsx,
405,San Rafael,Heredia,2024,porcentaje_velocidadn,66.9122161865234,baseICC2023_2024.xlsx,
406,San Isidro,Heredia,2024,porcentaje_velocidadn,43.0014419555664,baseICC2023_2024.xlsx,
407,Belén,Heredia,2024,porcentaje_velocidadn,40.5042572021484,baseICC2023_2024.xlsx,
408,Flores,Heredia,2024,porcentaje_velocidadn,48.4392585754395,baseICC2023_2024.xlsx,
409,San Pablo,Heredia,2024,porcentaje_velocidadn,54.3617706298828,baseICC2023_2024.xlsx,
410,Sarapiquí,Heredia,2024,porcentaje_velocidadn,56.8115463256836,baseICC2023_2024.xlsx,
501,Liberia,Guanacaste,2024,porcentaje_velocidadn,57.9026565551758,baseICC2023_2024.xlsx,
502,Nicoya,Guanacaste,2024,porcentaje_velocidadn,38.3710670471191,baseICC2023_2024.xlsx,
503,Santa Cruz,Guanacaste,2024,porcentaje_velocidadn,40.6349678039551,baseICC2023_2024.xlsx,
504,Bagaces,Guanacaste,2024,porcentaje_velocidadn,70.603401184082,baseICC2023_2024.xlsx,
505,Carrillo,Guanacaste,2024,porcentaje_velocidadn,42.4002456665039,baseICC2023_2024.xlsx,
506,Cañas,Guanacaste,2024,porcentaje_velocidadn,65.391471862793,baseICC2023_2024.xlsx,
507,Abangares,Guanacaste,2024,porcentaje_velocidadn,49.9987449645996,baseICC2023_2024.xlsx,
508,Tilarán,Guanacaste,2024,porcentaje_velocidadn,94.9336471557617,baseICC2023_2024.xlsx,
509,Nandayure,Guanacaste,2024,porcentaje_velocidadn,16.0959053039551,baseICC2023_2024.xlsx,
510,La Cruz,Guanacaste,2024,porcentaje_velocidadn,72.6910858154297,baseICC2023_2024.xlsx,
511,Hojancha,Guanacaste,2024,porcentaje_velocidadn,30.8783226013184,baseICC2023_2024.xlsx,
601,Puntarenas,Puntarenas,2024,porcentaje_velocidadn,36.8381004333496,baseICC2023_2024.xlsx,
602,Esparza,Puntarenas,2024,porcentaje_velocidadn,37.5363273620606,baseICC2023_2024.xlsx,
603,Buenos Aires,Puntarenas,2024,porcentaje_velocidadn,48.0026054382324,baseICC2023_2024.xlsx,
604,Montes de Oro,Puntarenas,2024,porcentaje_velocidadn,76.3102569580078,baseICC2023_2024.xlsx,
605,Osa,Puntarenas,2024,porcentaje_velocidadn,60.0112152099609,baseICC2023_2024.xlsx,
606,Quepos,Puntarenas,2024,porcentaje_velocidadn,78.1175537109375,baseICC2023_2024.xlsx,
607,Golfito,Puntarenas,2024,porcentaje_velocidadn,55.6673126220703,baseICC2023_2024.xlsx,
608,Coto Brus,Puntarenas,2024,porcentaje_velocidadn,39.3048515319824,baseICC2023_2024.xlsx,
609,Parrita,Puntarenas,2024,porcentaje_velocidadn,48.1807365417481,baseICC2023_2024.xlsx,
610,Corredores,Puntarenas,2024,porcentaje_velocidadn,43.0754089355469,baseICC2023_2024.xlsx,
611,Garabito,Puntarenas,2024,porcentaje_velocidadn,79.7729339599609,baseICC2023_2024.xlsx,
701,Limón,Limón,2024,porcentaje_velocidadn,35.3550987243652,baseICC2023_2024.xlsx,
702,Pococí,Limón,2024,porcentaje_velocidadn,43.5510482788086,baseICC2023_2024.xlsx,
703,Siquirres,Limón,2024,porcentaje_velocidadn,37.2564888000488,baseICC2023_2024.xlsx,
704,Talamanca,Limón,2024,porcentaje_velocidadn,0.0,baseICC2023_2024.xlsx,
705,Matina,Limón,2024,porcentaje_velocidadn,18.4968643188477,baseICC2023_2024.xlsx,
706,Guácimo,Limón,2024,porcentaje_velocidadn,36.1628723144531,baseICC2023_2024.xlsx,
101,San José,San José,2023,porcentaje_coberturan,85.6336059570313,baseICC2023_2024.xlsx,
102,Escazú,San José,2023,porcentaje_coberturan,60.3678932189941,baseICC2023_2024.xlsx,
103,Desamparados,San José,2023,porcentaje_coberturan,100.0,baseICC2023_2024.xlsx,
104,Puriscal,San José,2023,porcentaje_coberturan,61.4219245910645,baseICC2023_2024.xlsx,
105,Tarrazú,San José,2023,porcentaje_coberturan,68.1710357666016,baseICC2023_2024.xlsx,
106,Aserrí,San José,2023,porcentaje_coberturan,76.4474716186523,baseICC2023_2024.xlsx,
107,Mora,San José,2023,porcentaje_coberturan,53.7513656616211,baseICC2023_2024.xlsx,
108,Goicoechea,San José,2023,porcentaje_coberturan,81.4997406005859,baseICC2023_2024.xlsx,
109,Santa Ana,San José,2023,porcentaje_coberturan,12.137113571167,baseICC2023_2024.xlsx,
110,Alajuelita,San José,2023,porcentaje_coberturan,73.8535842895508,baseICC2023_2024.xlsx,
111,Vázquez de Coronado,San José,2023,porcentaje_coberturan,72.036491394043,baseICC2023_2024.xlsx,
112,Acosta,San José,2023,porcentaje_coberturan,47.0893516540527,baseICC2023_2024.xlsx,
113,Tibás,San José,2023,porcentaje_coberturan,79.4441375732422,baseICC2023_2024.xlsx,
114,Moravia,San José,2023,porcentaje_coberturan,62.2979278564453,baseICC2023_2024.xlsx,
115,Montes de Oca,San José,2023,porcentaje_coberturan,59.0789451599121,baseICC2023_2024.xlsx,
116,Turrubares,San José,2023,porcentaje_coberturan,0.00499999988824129,baseICC2023_2024.xlsx,
117,Dota,San José,2023,porcentaje_coberturan,83.996826171875,baseICC2023_2024.xlsx,
118,Curridabat,San José,2023,porcentaje_coberturan,68.0308151245117,baseICC2023_2024.xlsx,
119,Pérez Zeledón,San José,2023,porcentaje_coberturan,36.6969184875488,baseICC2023_2024.xlsx,
120,León Cortés Castro,San José,2023,porcentaje_coberturan,82.3800430297852,baseICC2023_2024.xlsx,
201,Alajuela,Alajuela,2023,porcentaje_coberturan,62.6091346740723,baseICC2023_2024.xlsx,
202,San Ramón,Alajuela,2023,porcentaje_coberturan,67.7558441162109,baseICC2023_2024.xlsx,
203,Grecia,Alajuela,2023,porcentaje_coberturan,55.5244560241699,baseICC2023_2024.xlsx,
204,San Mateo,Alajuela,2023,porcentaje_coberturan,53.5098266601563,baseICC2023_2024.xlsx,
205,Atenas,Alajuela,2023,porcentaje_coberturan,58.277946472168,baseICC2023_2024.xlsx,
206,Naranjo,Alajuela,2023,porcentaje_coberturan,57.0387229919434,baseICC2023_2024.xlsx,
207,Palmares,Alajuela,2023,porcentaje_coberturan,66.7702255249023,baseICC2023_2024.xlsx,
208,Poás,Alajuela,2023,porcentaje_coberturan,37.2094421386719,baseICC2023_2024.xlsx,
209,Orotina,Alajuela,2023,porcentaje_coberturan,59.8699035644531,baseICC2023_2024.xlsx,
210,San Carlos,Alajuela,2023,porcentaje_coberturan,68.8876876831055,baseICC2023_2024.xlsx,
211,Zarcero,Alajuela,2023,porcentaje_coberturan,31.4477233886719,baseICC2023_2024.xlsx,
212,Sarchí,Alajuela,2023,porcentaje_coberturan,44.9799003601074,baseICC2023_2024.xlsx,
213,Upala,Alajuela,2023,porcentaje_coberturan,70.2473068237305,baseICC2023_2024.xlsx,
214,Los Chiles,Alajuela,2023,porcentaje_coberturan,80.2107772827148,baseICC2023_2024.xlsx,
215,Guatuso,Alajuela,2023,porcentaje_coberturan,76.1808319091797,baseICC2023_2024.xlsx,
301,Cartago,Cartago,2023,porcentaje_coberturan,88.543830871582,baseICC2023_2024.xlsx,
302,Paraíso,Cartago,2023,porcentaje_coberturan,81.9622802734375,baseICC2023_2024.xlsx,
303,La Unión,Cartago,2023,porcentaje_coberturan,69.8563537597656,baseICC2023_2024.xlsx,
304,Jiménez,Cartago,2023,porcentaje_coberturan,69.1596832275391,baseICC2023_2024.xlsx,
305,Turrialba,Cartago,2023,porcentaje_coberturan,69.1421127319336,baseICC2023_2024.xlsx,
306,Alvarado,Cartago,2023,porcentaje_coberturan,74.5616226196289,baseICC2023_2024.xlsx,
307,Oreamuno,Cartago,2023,porcentaje_coberturan,76.7886734008789,baseICC2023_2024.xlsx,
308,El Guarco,Cartago,2023,porcentaje_coberturan,84.3704071044922,baseICC2023_2024.xlsx,
401,Heredia,Heredia,2023,porcentaje_coberturan,87.0236968994141,baseICC2023_2024.xlsx,
402,Barva,Heredia,2023,porcentaje_coberturan,48.7075881958008,baseICC2023_2024.xlsx,
403,Santo Domingo,Heredia,2023,porcentaje_coberturan,77.4660720825195,baseICC2023_2024.xlsx,
404,Santa Bárbara,Heredia,2023,porcentaje_coberturan,48.3472633361816,baseICC2023_2024.xlsx,
405,San Rafael,Heredia,2023,porcentaje_coberturan,57.5043067932129,baseICC2023_2024.xlsx,
406,San Isidro,Heredia,2023,porcentaje_coberturan,49.4748497009277,baseICC2023_2024.xlsx,
407,Belén,Heredia,2023,porcentaje_coberturan,71.0554428100586,baseICC2023_2024.xlsx,
408,Flores,Heredia,2023,porcentaje_coberturan,68.4383926391602,baseICC2023_2024.xlsx,
409,San Pablo,Heredia,2023,porcentaje_coberturan,75.1681671142578,baseICC2023_2024.xlsx,
410,Sarapiquí,Heredia,2023,porcentaje_coberturan,57.3608627319336,baseICC2023_2024.xlsx,
501,Liberia,Guanacaste,2023,porcentaje_coberturan,75.9785308837891,baseICC2023_2024.xlsx,
502,Nicoya,Guanacaste,2023,porcentaje_coberturan,25.4688835144043,baseICC2023_2024.xlsx,
503,Santa Cruz,Guanacaste,2023,porcentaje_coberturan,51.5139770507813,baseICC2023_2024.xlsx,
504,Bagaces,Guanacaste,2023,porcentaje_coberturan,82.2822113037109,baseICC2023_2024.xlsx,
505,Carrillo,Guanacaste,2023,porcentaje_coberturan,46.2374496459961,baseICC2023_2024.xlsx,
506,Cañas,Guanacaste,2023,porcentaje_coberturan,83.8176956176758,baseICC2023_2024.xlsx,
507,Abangares,Guanacaste,2023,porcentaje_coberturan,62.792236328125,baseICC2023_2024.xlsx,
508,Tilarán,Guanacaste,2023,porcentaje_coberturan,71.6111297607422,baseICC2023_2024.xlsx,
509,Nandayure,Guanacaste,2023,porcentaje_coberturan,48.296443939209,baseICC2023_2024.xlsx,
510,La Cruz,Guanacaste,2023,porcentaje_coberturan,80.3969573974609,baseICC2023_2024.xlsx,
511,Hojancha,Guanacaste,2023,porcentaje_coberturan,56.9346351623535,baseICC2023_2024.xlsx,
601,Puntarenas,Puntarenas,2023,porcentaje_coberturan,46.0547714233398,baseICC2023_2024.xlsx,
602,Esparza,Puntarenas,2023,porcentaje_coberturan,48.5042762756348,baseICC2023_2024.xlsx,
603,Buenos Aires,Puntarenas,2023,porcentaje_coberturan,70.5876312255859,baseICC2023_2024.xlsx,
604,Montes de Oro,Puntarenas,2023,porcentaje_coberturan,57.7813873291016,baseICC2023_2024.xlsx,
605,Osa,Puntarenas,2023,porcentaje_coberturan,63.972599029541,baseICC2023_2024.xlsx,
606,Quepos,Puntarenas,2023,porcentaje_coberturan,60.272575378418,baseICC2023_2024.xlsx,
607,Golfito,Puntarenas,2023,porcentaje_coberturan,76.1974716186523,baseICC2023_2024.xlsx,
608,Coto Brus,Puntarenas,2023,porcentaje_coberturan,64.361328125,baseICC2023_2024.xlsx,
609,Parrita,Puntarenas,2023,porcentaje_coberturan,68.4837417602539,baseICC2023_2024.xlsx,
610,Corredores,Puntarenas,2023,porcentaje_coberturan,73.9067001342773,baseICC2023_2024.xlsx,
611,Garabito,Puntarenas,2023,porcentaje_coberturan,62.9065742492676,baseICC2023_2024.xlsx,
701,Limón,Limón,2023,porcentaje_coberturan,55.2474517822266,baseICC2023_2024.xlsx,
702,Pococí,Limón,2023,porcentaje_coberturan,55.9104804992676,baseICC2023_2024.xlsx,
703,Siquirres,Limón,2023,porcentaje_coberturan,32.3034210205078,baseICC2023_2024.xlsx,
704,Talamanca,Limón,2023,porcentaje_coberturan,27.541934967041,baseICC2023_2024.xlsx,
705,Matina,Limón,2023,porcentaje_coberturan,39.9408950805664,baseICC2023_2024.xlsx,
706,Guácimo,Limón,2023,porcentaje_coberturan,58.409553527832,baseICC2023_2024.xlsx,
101,San José,San José,2024,porcentaje_coberturan,85.6336059570313,baseICC2023_2024.xlsx,
102,Escazú,San José,2024,porcentaje_coberturan,60.3678932189941,baseICC2023_2024.xlsx,
103,Desamparados,San José,2024,porcentaje_coberturan,100.0,baseICC2023_2024.xlsx,
104,Puriscal,San José,2024,porcentaje_coberturan,61.4219245910645,baseICC2023_2024.xlsx,
105,Tarrazú,San José,2024,porcentaje_coberturan,68.1710357666016,baseICC2023_2024.xlsx,
106,Aserrí,San José,2024,porcentaje_coberturan,76.4474716186523,baseICC2023_2024.xlsx,
107,Mora,San José,2024,porcentaje_coberturan,53.7513656616211,baseICC2023_2024.xlsx,
108,Goicoechea,San José,2024,porcentaje_coberturan,81.4997406005859,baseICC2023_2024.xlsx,
109,Santa Ana,San José,2024,porcentaje_coberturan,12.137113571167,baseICC2023_2024.xlsx,
110,Alajuelita,San José,2024,porcentaje_coberturan,73.8535842895508,baseICC2023_2024.xlsx,
111,Vázquez de Coronado,San José,2024,porcentaje_coberturan,72.036491394043,baseICC2023_2024.xlsx,
112,Acosta,San José,2024,porcentaje_coberturan,47.0893516540527,baseICC2023_2024.xlsx,
113,Tibás,San José,2024,porcentaje_coberturan,79.4441375732422,baseICC2023_2024.xlsx,
114,Moravia,San José,2024,porcentaje_coberturan,62.2979278564453,baseICC2023_2024.xlsx,
115,Montes de Oca,San José,2024,porcentaje_coberturan,59.0789451599121,baseICC2023_2024.xlsx,
116,Turrubares,San José,2024,porcentaje_coberturan,0.0,baseICC2023_2024.xlsx,
117,Dota,San José,2024,porcentaje_coberturan,83.996826171875,baseICC2023_2024.xlsx,
118,Curridabat,San José,2024,porcentaje_coberturan,68.0308151245117,baseICC2023_2024.xlsx,
119,Pérez Zeledón,San José,2024,porcentaje_coberturan,36.6969184875488,baseICC2023_2024.xlsx,
120,León Cortés Castro,San José,2024,porcentaje_coberturan,82.3800430297852,baseICC2023_2024.xlsx,
201,Alajuela,Alajuela,2024,porcentaje_coberturan,62.6091346740723,baseICC2023_2024.xlsx,
202,San Ramón,Alajuela,2024,porcentaje_coberturan,67.7558441162109,baseICC2023_2024.xlsx,
203,Grecia,Alajuela,2024,porcentaje_coberturan,55.5244560241699,baseICC2023_2024.xlsx,
204,San Mateo,Alajuela,2024,porcentaje_coberturan,53.5098266601563,baseICC2023_2024.xlsx,
205,Atenas,Alajuela,2024,porcentaje_coberturan,58.277946472168,baseICC2023_2024.xlsx,
206,Naranjo,Alajuela,2024,porcentaje_coberturan,57.0387229919434,baseICC2023_2024.xlsx,
207,Palmares,Alajuela,2024,porcentaje_coberturan,66.7702255249023,baseICC2023_2024.xlsx,
208,Poás,Alajuela,2024,porcentaje_coberturan,37.2094421386719,baseICC2023_2024.xlsx,
209,Orotina,Alajuela,2024,porcentaje_coberturan,59.8699035644531,baseICC2023_2024.xlsx,
210,San Carlos,Alajuela,2024,porcentaje_coberturan,68.8876876831055,baseICC2023_2024.xlsx,
211,Zarcero,Alajuela,2024,porcentaje_coberturan,31.4477233886719,baseICC2023_2024.xlsx,
212,Sarchí,Alajuela,2024,porcentaje_coberturan,44.9799003601074,baseICC2023_2024.xlsx,
213,Upala,Alajuela,2024,porcentaje_coberturan,70.2473068237305,baseICC2023_2024.xlsx,
214,Los Chiles,Alajuela,2024,porcentaje_coberturan,80.2107772827148,baseICC2023_2024.xlsx,
215,Guatuso,Alajuela,2024,porcentaje_coberturan,76.1808319091797,baseICC2023_2024.xlsx,
216,Río Cuarto,Alajuela,2024,porcentaje_coberturan,66.0747146606445,baseICC2023_2024.xlsx,
301,Cartago,Cartago,2024,porcentaje_coberturan,88.543830871582,baseICC2023_2024.xlsx,
302,Paraíso,Cartago,2024,porcentaje_coberturan,81.9622802734375,baseICC2023_2024.xlsx,
303,La Unión,Cartago,2024,porcentaje_coberturan,69.8563537597656,baseICC2023_2024.xlsx,
304,Jiménez,Cartago,2024,porcentaje_coberturan,69.1596832275391,baseICC2023_2024.xlsx,
305,Turrialba,Cartago,2024,porcentaje_coberturan,69.1421127319336,baseICC2023_2024.xlsx,
306,Alvarado,Cartago,2024,porcentaje_coberturan,74.5616226196289,baseICC2023_2024.xlsx,
307,Oreamuno,Cartago,2024,porcentaje_coberturan,76.7886734008789,baseICC2023_2024.xlsx,
308,El Guarco,Cartago,2024,porcentaje_coberturan,84.3704071044922,baseICC2023_2024.xlsx,
401,Heredia,Heredia,2024,porcentaje_coberturan,87.0236968994141,baseICC2023_2024.xlsx,
402,Barva,Heredia,2024,porcentaje_coberturan,48.7075881958008,baseICC2023_2024.xlsx,
403,Santo Domingo,Heredia,2024,porcentaje_coberturan,77.4660720825195,baseICC2023_2024.xlsx,
404,Santa Bárbara,Heredia,2024,porcentaje_coberturan,48.3472633361816,baseICC2023_2024.xlsx,
405,San Rafael,Heredia,2024,porcentaje_coberturan,57.5043067932129,baseICC2023_2024.xlsx,
406,San Isidro,Heredia,2024,porcentaje_coberturan,49.4748497009277,baseICC2023_2024.xlsx,
407,Belén,Heredia,2024,porcentaje_coberturan,71.0554428100586,baseICC2023_2024.xlsx,
408,Flores,Heredia,2024,porcentaje_coberturan,68.4383926391602,baseICC2023_2024.xlsx,
409,San Pablo,Heredia,2024,porcentaje_coberturan,75.1681671142578,baseICC2023_2024.xlsx,
410,Sarapiquí,Heredia,2024,porcentaje_coberturan,57.3608627319336,baseICC2023_2024.xlsx,
501,Liberia,Guanacaste,2024,porcentaje_coberturan,75.9785308837891,baseICC2023_2024.xlsx,
502,Nicoya,Guanacaste,2024,porcentaje_coberturan,25.4688835144043,baseICC2023_2024.xlsx,
503,Santa Cruz,Guanacaste,2024,porcentaje_coberturan,51.5139770507813,baseICC2023_2024.xlsx,
504,Bagaces,Guanacaste,2024,porcentaje_coberturan,82.2822113037109,baseICC2023_2024.xlsx,
505,Carrillo,Guanacaste,2024,porcentaje_coberturan,46.2374496459961,baseICC2023_2024.xlsx,
506,Cañas,Guanacaste,2024,porcentaje_coberturan,83.8176956176758,baseICC2023_2024.xlsx,
507,Abangares,Guanacaste,2024,porcentaje_coberturan,62.792236328125,baseICC2023_2024.xlsx,
508,Tilarán,Guanacaste,2024,porcentaje_coberturan,71.6111297607422,baseICC2023_2024.xlsx,
509,Nandayure,Guanacaste,2024,porcentaje_coberturan,48.296443939209,baseICC2023_2024.xlsx,
510,La Cruz,Guanacaste,2024,porcentaje_coberturan,80.3969573974609,baseICC2023_2024.xlsx,
511,Hojancha,Guanacaste,2024,porcentaje_coberturan,56.9346351623535,baseICC2023_2024.xlsx,
601,Puntarenas,Puntarenas,2024,porcentaje_coberturan,46.0547714233398,baseICC2023_2024.xlsx,
602,Esparza,Puntarenas,2024,porcentaje_coberturan,48.5042762756348,baseICC2023_2024.xlsx,
603,Buenos Aires,Puntarenas,2024,porcentaje_coberturan,70.5876312255859,baseICC2023_2024.xlsx,
604,Montes de Oro,Puntarenas,2024,porcentaje_coberturan,57.7813873291016,baseICC2023_2024.xlsx,
605,Osa,Puntarenas,2024,porcentaje_coberturan,63.972599029541,baseICC2023_2024.xlsx,
606,Quepos,Puntarenas,2024,porcentaje_coberturan,60.272575378418,baseICC2023_2024.xlsx,
607,Golfito,Puntarenas,2024,porcentaje_coberturan,76.1974716186523,baseICC2023_2024.xlsx,
608,Coto Brus,Puntarenas,2024,porcentaje_coberturan,64.361328125,baseICC2023_2024.xlsx,
609,Parrita,Puntarenas,2024,porcentaje_coberturan,68.4837417602539,baseICC2023_2024.xlsx,
610,Corredores,Puntarenas,2024,porcentaje_coberturan,73.9067001342773,baseICC2023_2024.xlsx,
611,Garabito,Puntarenas,2024,porcentaje_coberturan,62.9065742492676,baseICC2023_2024.xlsx,
701,Limón,Limón,2024,porcentaje_coberturan,55.2474517822266,baseICC2023_2024.xlsx,
702,Pococí,Limón,2024,porcentaje_coberturan,55.9104804992676,baseICC2023_2024.xlsx,
703,Siquirres,Limón,2024,porcentaje_coberturan,32.3034210205078,baseICC2023_2024.xlsx,
704,Talamanca,Limón,2024,porcentaje_coberturan,27.541934967041,baseICC2023_2024.xlsx,
705,Matina,Limón,2024,porcentaje_coberturan,39.9408950805664,baseICC2023_2024.xlsx,
706,Guácimo,Limón,2024,porcentaje_coberturan,58.409553527832,baseICC2023_2024.xlsx,
101,San José,San José,2023,porcentaje_completadasn,69.6494445800781,baseICC2023_2024.xlsx,
102,Escazú,San José,2023,porcentaje_completadasn,57.5467834472656,baseICC2023_2024.xlsx,
103,Desamparados,San José,2023,porcentaje_completadasn,86.7027130126953,baseICC2023_2024.xlsx,
104,Puriscal,San José,2023,porcentaje_completadasn,51.7915382385254,baseICC2023_2024.xlsx,
105,Tarrazú,San José,2023,porcentaje_completadasn,80.4959259033203,baseICC2023_2024.xlsx,
106,Aserrí,San José,2023,porcentaje_completadasn,68.2151412963867,baseICC2023_2024.xlsx,
107,Mora,San José,2023,porcentaje_completadasn,54.4870796203613,baseICC2023_2024.xlsx,
108,Goicoechea,San José,2023,porcentaje_completadasn,72.3324661254883,baseICC2023_2024.xlsx,
109,Santa Ana,San José,2023,porcentaje_completadasn,83.6319198608398,baseICC2023_2024.xlsx,
110,Alajuelita,San José,2023,porcentaje_completadasn,89.511116027832,baseICC2023_2024.xlsx,
111,Vázquez de Coronado,San José,2023,porcentaje_completadasn,75.469367980957,baseICC2023_2024.xlsx,
112,Acosta,San José,2023,porcentaje_completadasn,80.4011383056641,baseICC2023_2024.xlsx,
113,Tibás,San José,2023,porcentaje_completadasn,77.7148284912109,baseICC2023_2024.xlsx,
114,Moravia,San José,2023,porcentaje_completadasn,44.3500556945801,baseICC2023_2024.xlsx,
115,Montes de Oca,San José,2023,porcentaje_completadasn,82.2938690185547,baseICC2023_2024.xlsx,
116,Turrubares,San José,2023,porcentaje_completadasn,66.9413909912109,baseICC2023_2024.xlsx,
117,Dota,San José,2023,porcentaje_completadasn,32.9277229309082,baseICC2023_2024.xlsx,
118,Curridabat,San José,2023,porcentaje_completadasn,91.6989212036133,baseICC2023_2024.xlsx,
119,Pérez Zeledón,San José,2023,porcentaje_completadasn,72.0773468017578,baseICC2023_2024.xlsx,
120,León Cortés Castro,San José,2023,porcentaje_completadasn,50.0576477050781,baseICC2023_2024.xlsx,
201,Alajuela,Alajuela,2023,porcentaje_completadasn,57.9750480651856,baseICC2023_2024.xlsx,
202,San Ramón,Alajuela,2023,porcentaje_completadasn,57.4237632751465,baseICC2023_2024.xlsx,
203,Grecia,Alajuela,2023,porcentaje_completadasn,38.6041221618652,baseICC2023_2024.xlsx,
204,San Mateo,Alajuela,2023,porcentaje_completadasn,38.6017837524414,baseICC2023_2024.xlsx,
205,Atenas,Alajuela,2023,porcentaje_completadasn,31.7879085540772,baseICC2023_2024.xlsx,
206,Naranjo,Alajuela,2023,porcentaje_completadasn,31.2028141021729,baseICC2023_2024.xlsx,
207,Palmares,Alajuela,2023,porcentaje_completadasn,62.736083984375,baseICC2023_2024.xlsx,
208,Poás,Alajuela,2023,porcentaje_completadasn,64.3060455322266,baseICC2023_2024.xlsx,
209,Orotina,Alajuela,2023,porcentaje_completadasn,64.1842498779297,baseICC2023_2024.xlsx,
210,San Carlos,Alajuela,2023,porcentaje_completadasn,84.0295944213867,baseICC2023_2024.xlsx,
211,Zarcero,Alajuela,2023,porcentaje_completadasn,54.8618087768555,baseICC2023_2024.xlsx,
212,Sarchí,Alajuela,2023,porcentaje_completadasn,68.563362121582,baseICC2023_2024.xlsx,
213,Upala,Alajuela,2023,porcentaje_completadasn,81.5712280273438,baseICC2023_2024.xlsx,
214,Los Chiles,Alajuela,2023,porcentaje_completadasn,89.8849487304688,baseICC2023_2024.xlsx,
215,Guatuso,Alajuela,2023,porcentaje_completadasn,77.8994827270508,baseICC2023_2024.xlsx,
301,Cartago,Cartago,2023,porcentaje_completadasn,72.6297988891602,baseICC2023_2024.xlsx,
302,Paraíso,Cartago,2023,porcentaje_completadasn,74.7934494018555,baseICC2023_2024.xlsx,
303,La Unión,Cartago,2023,porcentaje_completadasn,37.0660514831543,baseICC2023_2024.xlsx,
304,Jiménez,Cartago,2023,porcentaje_completadasn,76.4174728393555,baseICC2023_2024.xlsx,
305,Turrialba,Cartago,2023,porcentaje_completadasn,76.7530975341797,baseICC2023_2024.xlsx,
306,Alvarado,Cartago,2023,porcentaje_completadasn,49.8795433044434,baseICC2023_2024.xlsx,
307,Oreamuno,Cartago,2023,porcentaje_completadasn,46.6768608093262,baseICC2023_2024.xlsx,
308,El Guarco,Cartago,2023,porcentaje_completadasn,53.7741012573242,baseICC2023_2024.xlsx,
401,Heredia,Heredia,2023,porcentaje_completadasn,66.0528411865234,baseICC2023_2024.xlsx,
402,Barva,Heredia,2023,porcentaje_completadasn,47.8422317504883,baseICC2023_2024.xlsx,
403,Santo Domingo,Heredia,2023,porcentaje_completadasn,58.9153480529785,baseICC2023_2024.xlsx,
404,Santa Bárbara,Heredia,2023,porcentaje_completadasn,38.2086067199707,baseICC2023_2024.xlsx,
405,San Rafael,Heredia,2023,porcentaje_completadasn,42.3715515136719,baseICC2023_2024.xlsx,
406,San Isidro,Heredia,2023,porcentaje_completadasn,22.8713893890381,baseICC2023_2024.xlsx,
407,Belén,Heredia,2023,porcentaje_completadasn,66.8560638427734,baseICC2023_2024.xlsx,
408,Flores,Heredia,2023,porcentaje_completadasn,73.9324264526367,baseICC2023_2024.xlsx,
409,San Pablo,Heredia,2023,porcentaje_completadasn,63.548397064209,baseICC2023_2024.xlsx,
410,Sarapiquí,Heredia,2023,porcentaje_completadasn,79.384391784668,baseICC2023_2024.xlsx,
501,Liberia,Guanacaste,2023,porcentaje_completadasn,100.000038146973,baseICC2023_2024.xlsx,
502,Nicoya,Guanacaste,2023,porcentaje_completadasn,75.2859802246094,baseICC2023_2024.xlsx,
503,Santa Cruz,Guanacaste,2023,porcentaje_completadasn,78.7674865722656,baseICC2023_2024.xlsx,
504,Bagaces,Guanacaste,2023,porcentaje_completadasn,81.570930480957,baseICC2023_2024.xlsx,
505,Carrillo,Guanacaste,2023,porcentaje_completadasn,81.7034683227539,baseICC2023_2024.xlsx,
506,Cañas,Guanacaste,2023,porcentaje_completadasn,84.6391525268555,baseICC2023_2024.xlsx,
507,Abangares,Guanacaste,2023,porcentaje_completadasn,48.6484870910645,baseICC2023_2024.xlsx,
508,Tilarán,Guanacaste,2023,porcentaje_completadasn,73.5180587768555,baseICC2023_2024.xlsx,
509,Nandayure,Guanacaste,2023,porcentaje_completadasn,55.4813461303711,baseICC2023_2024.xlsx,
510,La Cruz,Guanacaste,2023,porcentaje_completadasn,89.5231552124023,baseICC2023_2024.xlsx,
511,Hojancha,Guanacaste,2023,porcentaje_completadasn,67.0744857788086,baseICC2023_2024.xlsx,
601,Puntarenas,Puntarenas,2023,porcentaje_completadasn,60.714054107666,baseICC2023_2024.xlsx,
602,Esparza,Puntarenas,2023,porcentaje_completadasn,44.2295455932617,baseICC2023_2024.xlsx,
603,Buenos Aires,Puntarenas,2023,porcentaje_completadasn,54.138355255127,baseICC2023_2024.xlsx,
604,Montes de Oro,Puntarenas,2023,porcentaje_completadasn,69.2262878417969,baseICC2023_2024.xlsx,
605,Osa,Puntarenas,2023,porcentaje_completadasn,1.35587579279672e-05,baseICC2023_2024.xlsx,
606,Quepos,Puntarenas,2023,porcentaje_completadasn,65.7256011962891,baseICC2023_2024.xlsx,
607,Golfito,Puntarenas,2023,porcentaje_completadasn,56.2664566040039,baseICC2023_2024.xlsx,
608,Coto Brus,Puntarenas,2023,porcentaje_completadasn,70.0005416870117,baseICC2023_2024.xlsx,
609,Parrita,Puntarenas,2023,porcentaje_completadasn,87.3029251098633,baseICC2023_2024.xlsx,
610,Corredores,Puntarenas,2023,porcentaje_completadasn,72.0482406616211,baseICC2023_2024.xlsx,
611,Garabito,Puntarenas,2023,porcentaje_completadasn,63.4681053161621,baseICC2023_2024.xlsx,
701,Limón,Limón,2023,porcentaje_completadasn,76.0387268066406,baseICC2023_2024.xlsx,
702,Pococí,Limón,2023,porcentaje_completadasn,78.8948364257813,baseICC2023_2024.xlsx,
703,Siquirres,Limón,2023,porcentaje_completadasn,69.1928405761719,baseICC2023_2024.xlsx,
704,Talamanca,Limón,2023,porcentaje_completadasn,46.2014617919922,baseICC2023_2024.xlsx,
705,Matina,Limón,2023,porcentaje_completadasn,61.7371330261231,baseICC2023_2024.xlsx,
706,Guácimo,Limón,2023,porcentaje_completadasn,73.6190643310547,baseICC2023_2024.xlsx,
101,San José,San José,2024,porcentaje_completadasn,69.6494445800781,baseICC2023_2024.xlsx,
102,Escazú,San José,2024,porcentaje_completadasn,57.5467834472656,baseICC2023_2024.xlsx,
103,Desamparados,San José,2024,porcentaje_completadasn,86.7027130126953,baseICC2023_2024.xlsx,
104,Puriscal,San José,2024,porcentaje_completadasn,51.7915382385254,baseICC2023_2024.xlsx,
105,Tarrazú,San José,2024,porcentaje_completadasn,80.4959259033203,baseICC2023_2024.xlsx,
106,Aserrí,San José,2024,porcentaje_completadasn,68.2151412963867,baseICC2023_2024.xlsx,
107,Mora,San José,2024,porcentaje_completadasn,54.4870796203613,baseICC2023_2024.xlsx,
108,Goicoechea,San José,2024,porcentaje_completadasn,72.3324661254883,baseICC2023_2024.xlsx,
109,Santa Ana,San José,2024,porcentaje_completadasn,83.6319198608398,baseICC2023_2024.xlsx,
110,Alajuelita,San José,2024,porcentaje_completadasn,89.511116027832,baseICC2023_2024.xlsx,
111,Vázquez de Coronado,San José,2024,porcentaje_completadasn,75.469367980957,baseICC2023_2024.xlsx,
112,Acosta,San José,2024,porcentaje_completadasn,80.4011383056641,baseICC2023_2024.xlsx,
113,Tibás,San José,2024,porcentaje_completadasn,77.7148284912109,baseICC2023_2024.xlsx,
114,Moravia,San José,2024,porcentaje_completadasn,44.3500556945801,baseICC2023_2024.xlsx,
115,Montes de Oca,San José,2024,porcentaje_completadasn,82.2938690185547,baseICC2023_2024.xlsx,
116,Turrubares,San José,2024,porcentaje_completadasn,66.9413909912109,baseICC2023_2024.xlsx,
117,Dota,San José,2024,porcentaje_completadasn,32.9277229309082,baseICC2023_2024.xlsx,
118,Curridabat,San José,2024,porcentaje_completadasn,91.6989212036133,baseICC2023_2024.xlsx,
119,Pérez Zeledón,San José,2024,porcentaje_completadasn,72.0773468017578,baseICC2023_2024.xlsx,
120,León Cortés Castro,San José,2024,porcentaje_completadasn,50.0576477050781,baseICC2023_2024.xlsx,
201,Alajuela,Alajuela,2024,porcentaje_completadasn,57.9750480651856,baseICC2023_2024.xlsx,
202,San Ramón,Alajuela,2024,porcentaje_completadasn,57.4237632751465,baseICC2023_2024.xlsx,
203,Grecia,Alajuela,2024,porcentaje_completadasn,38.6041221618652,baseICC2023_2024.xlsx,
204,San Mateo,Alajuela,2024,porcentaje_completadasn,38.6017837524414,baseICC2023_2024.xlsx,
205,Atenas,Alajuela,2024,porcentaje_completadasn,31.7879085540772,baseICC2023_2024.xlsx,
206,Naranjo,Alajuela,2024,porcentaje_completadasn,31.2028141021729,baseICC2023_2024.xlsx,
207,Palmares,Alajuela,2024,porcentaje_completadasn,62.736083984375,baseICC2023_2024.xlsx,
208,Poás,Alajuela,2024,porcentaje_completadasn,64.3060455322266,baseICC2023_2024.xlsx,
209,Orotina,Alajuela,2024,porcentaje_completadasn,64.1842498779297,baseICC2023_2024.xlsx,
210,San Carlos,Alajuela,2024,porcentaje_completadasn,84.0295944213867,baseICC2023_2024.xlsx,
211,Zarcero,Alajuela,2024,porcentaje_completadasn,54.8618087768555,baseICC2023_2024.xlsx,
212,Sarchí,Alajuela,2024,porcentaje_completadasn,68.563362121582,baseICC2023_2024.xlsx,
213,Upala,Alajuela,2024,porcentaje_completadasn,81.5712280273438,baseICC2023_2024.xlsx,
214,Los Chiles,Alajuela,2024,porcentaje_completadasn,89.8849487304688,baseICC2023_2024.xlsx,
215,Guatuso,Alajuela,2024,porcentaje_completadasn,77.8994827270508,baseICC2023_2024.xlsx,
216,Río Cuarto,Alajuela,2024,porcentaje_completadasn,47.9807929992676,baseICC2023_2024.xlsx,
301,Cartago,Cartago,2024,porcentaje_completadasn,72.6297988891602,baseICC2023_2024.xlsx,
302,Paraíso,Cartago,2024,porcentaje_completadasn,74.7934494018555,baseICC2023_2024.xlsx,
303,La Unión,Cartago,2024,porcentaje_completadasn,37.0660514831543,baseICC2023_2024.xlsx,
304,Jiménez,Cartago,2024,porcentaje_completadasn,76.4174728393555,baseICC2023_2024.xlsx,
305,Turrialba,Cartago,2024,porcentaje_completadasn,76.7530975341797,baseICC2023_2024.xlsx,
306,Alvarado,Cartago,2024,porcentaje_completadasn,49.8795433044434,baseICC2023_2024.xlsx,
307,Oreamuno,Cartago,2024,porcentaje_completadasn,46.6768608093262,baseICC2023_2024.xlsx,
308,El Guarco,Cartago,2024,porcentaje_completadasn,53.7741012573242,baseICC2023_2024.xlsx,
401,Heredia,Heredia,2024,porcentaje_completadasn,66.0528411865234,baseICC2023_2024.xlsx,
402,Barva,Heredia,2024,porcentaje_completadasn,47.8422317504883,baseICC2023_2024.xlsx,
403,Santo Domingo,Heredia,2024,porcentaje_completadasn,58.9153480529785,baseICC2023_2024.xlsx,
404,Santa Bárbara,Heredia,2024,porcentaje_completadasn,38.2086067199707,baseICC2023_2024.xlsx,
405,San Rafael,Heredia,2024,porcentaje_completadasn,42.3715515136719,baseICC2023_2024.xlsx,
406,San Isidro,Heredia,2024,porcentaje_completadasn,22.8713893890381,baseICC2023_2024.xlsx,
407,Belén,Heredia,2024,porcentaje_completadasn,66.8560638427734,baseICC2023_2024.xlsx,
408,Flores,Heredia,2024,porcentaje_completadasn,73.9324264526367,baseICC2023_2024.xlsx,
409,San Pablo,Heredia,2024,porcentaje_completadasn,63.548397064209,baseICC2023_2024.xlsx,
410,Sarapiquí,Heredia,2024,porcentaje_completadasn,79.384391784668,baseICC2023_2024.xlsx,
501,Liberia,Guanacaste,2024,porcentaje_completadasn,100.000038146973,baseICC2023_2024.xlsx,
502,Nicoya,Guanacaste,2024,porcentaje_completadasn,75.2859802246094,baseICC2023_2024.xlsx,
503,Santa Cruz,Guanacaste,2024,porcentaje_completadasn,78.7674865722656,baseICC2023_2024.xlsx,
504,Bagaces,Guanacaste,2024,porcentaje_completadasn,81.570930480957,baseICC2023_2024.xlsx,
505,Carrillo,Guanacaste,2024,porcentaje_completadasn,81.7034683227539,baseICC2023_2024.xlsx,
506,Cañas,Guanacaste,2024,porcentaje_completadasn,84.6391525268555,baseICC2023_2024.xlsx,
507,Abangares,Guanacaste,2024,porcentaje_completadasn,48.6484870910645,baseICC2023_2024.xlsx,
508,Tilarán,Guanacaste,2024,porcentaje_completadasn,73.5180587768555,baseICC2023_2024.xlsx,
509,Nandayure,Guanacaste,2024,porcentaje_completadasn,55.4813461303711,baseICC2023_2024.xlsx,
510,La Cruz,Guanacaste,2024,porcentaje_completadasn,89.5231552124023,baseICC2023_2024.xlsx,
511,Hojancha,Guanacaste,2024,porcentaje_completadasn,67.0744857788086,baseICC2023_2024.xlsx,
601,Puntarenas,Puntarenas,2024,porcentaje_completadasn,60.714054107666,baseICC2023_2024.xlsx,
602,Esparza,Puntarenas,2024,porcentaje_completadasn,44.2295455932617,baseICC2023_2024.xlsx,
603,Buenos Aires,Puntarenas,2024,porcentaje_completadasn,54.138355255127,baseICC2023_2024.xlsx,
604,Montes de Oro,Puntarenas,2024,porcentaje_completadasn,69.2262878417969,baseICC2023_2024.xlsx,
605,Osa,Puntarenas,2024,porcentaje_completadasn,1.35587579279672e-05,baseICC2023_2024.xlsx,
606,Quepos,Puntarenas,2024,porcentaje_completadasn,65.7256011962891,baseICC2023_2024.xlsx,
607,Golfito,Puntarenas,2024,porcentaje_completadasn,56.2664566040039,baseICC2023_2024.xlsx,
608,Coto Brus,Puntarenas,2024,porcentaje_completadasn,70.0005416870117,baseICC2023_2024.xlsx,
609,Parrita,Puntarenas,2024,porcentaje_completadasn,87.3029251098633,baseICC2023_2024.xlsx,
610,Corredores,Puntarenas,2024,porcentaje_completadasn,72.0482406616211,baseICC2023_2024.xlsx,
611,Garabito,Puntarenas,2024,porcentaje_completadasn,63.4681053161621,baseICC2023_2024.xlsx,
701,Limón,Limón,2024,porcentaje_completadasn,76.0387268066406,baseICC2023_2024.xlsx,
702,Pococí,Limón,2024,porcentaje_completadasn,78.8948364257813,baseICC2023_2024.xlsx,
703,Siquirres,Limón,2024,porcentaje_completadasn,69.1928405761719,baseICC2023_2024.xlsx,
704,Talamanca,Limón,2024,porcentaje_completadasn,46.2014617919922,baseICC2023_2024.xlsx,
705,Matina,Limón,2024,porcentaje_completadasn,61.7371330261231,baseICC2023_2024.xlsx,
706,Guácimo,Limón,2024,porcentaje_completadasn,73.6190643310547,baseICC2023_2024.xlsx,
101,San José,San José,2023,enaho_aguan,99.7129592895508,baseICC2023_2024.xlsx,
102,Escazú,San José,2023,enaho_aguan,97.9879531860352,baseICC2023_2024.xlsx,
103,Desamparados,San José,2023,enaho_aguan,98.3152160644531,baseICC2023_2024.xlsx,
104,Puriscal,San José,2023,enaho_aguan,81.2773818969727,baseICC2023_2024.xlsx,
105,Tarrazú,San José,2023,enaho_aguan,60.4388313293457,baseICC2023_2024.xlsx,
106,Aserrí,San José,2023,enaho_aguan,86.7496948242188,baseICC2023_2024.xlsx,
107,Mora,San José,2023,enaho_aguan,85.0535659790039,baseICC2023_2024.xlsx,
108,Goicoechea,San José,2023,enaho_aguan,99.7129592895508,baseICC2023_2024.xlsx,
109,Santa Ana,San José,2023,enaho_aguan,91.4608688354492,baseICC2023_2024.xlsx,
110,Alajuelita,San José,2023,enaho_aguan,96.6799926757813,baseICC2023_2024.xlsx,
111,Vázquez de Coronado,San José,2023,enaho_aguan,96.6664810180664,baseICC2023_2024.xlsx,
112,Acosta,San José,2023,enaho_aguan,68.096923828125,baseICC2023_2024.xlsx,
113,Tibás,San José,2023,enaho_aguan,99.7129592895508,baseICC2023_2024.xlsx,
114,Moravia,San José,2023,enaho_aguan,99.7129592895508,baseICC2023_2024.xlsx,
115,Montes de Oca,San José,2023,enaho_aguan,99.7129592895508,baseICC2023_2024.xlsx,
116,Turrubares,San José,2023,enaho_aguan,61.3559074401856,baseICC2023_2024.xlsx,
117,Dota,San José,2023,enaho_aguan,36.6832122802734,baseICC2023_2024.xlsx,
118,Curridabat,San José,2023,enaho_aguan,99.7129592895508,baseICC2023_2024.xlsx,
119,Pérez Zeledón,San José,2023,enaho_aguan,93.4962463378906,baseICC2023_2024.xlsx,
120,León Cortés Castro,San José,2023,enaho_aguan,44.6766700744629,baseICC2023_2024.xlsx,
201,Alajuela,Alajuela,2023,enaho_aguan,94.6963577270508,baseICC2023_2024.xlsx,
202,San Ramón,Alajuela,2023,enaho_aguan,88.0152969360352,baseICC2023_2024.xlsx,
203,Grecia,Alajuela,2023,enaho_aguan,98.931022644043,baseICC2023_2024.xlsx,
204,San Mateo,Alajuela,2023,enaho_aguan,90.1741714477539,baseICC2023_2024.xlsx,
205,Atenas,Alajuela,2023,enaho_aguan,86.4493255615234,baseICC2023_2024.xlsx,
206,Naranjo,Alajuela,2023,enaho_aguan,99.7129592895508,baseICC2023_2024.xlsx,
207,Palmares,Alajuela,2023,enaho_aguan,89.3833084106445,baseICC2023_2024.xlsx,
208,Poás,Alajuela,2023,enaho_aguan,99.7129592895508,baseICC2023_2024.xlsx,
209,Orotina,Alajuela,2023,enaho_aguan,99.7129592895508,baseICC2023_2024.xlsx,
210,San Carlos,Alajuela,2023,enaho_aguan,99.7129592895508,baseICC2023_2024.xlsx,
211,Zarcero,Alajuela,2023,enaho_aguan,99.7129592895508,baseICC2023_2024.xlsx,
212,Sarchí,Alajuela,2023,enaho_aguan,99.7129592895508,baseICC2023_2024.xlsx,
213,Upala,Alajuela,2023,enaho_aguan,99.7129592895508,baseICC2023_2024.xlsx,
214,Los Chiles,Alajuela,2023,enaho_aguan,64.0062484741211,baseICC2023_2024.xlsx,
215,Guatuso,Alajuela,2023,enaho_aguan,99.7129592895508,baseICC2023_2024.xlsx,
301,Cartago,Cartago,2023,enaho_aguan,98.5291519165039,baseICC2023_2024.xlsx,
302,Paraíso,Cartago,2023,enaho_aguan,97.2602157592773,baseICC2023_2024.xlsx,
303,La Unión,Cartago,2023,enaho_aguan,99.099494934082,baseICC2023_2024.xlsx,
304,Jiménez,Cartago,2023,enaho_aguan,89.8217010498047,baseICC2023_2024.xlsx,
305,Turrialba,Cartago,2023,enaho_aguan,78.3432388305664,baseICC2023_2024.xlsx,
306,Alvarado,Cartago,2023,enaho_aguan,97.074836730957,baseICC2023_2024.xlsx,
307,Oreamuno,Cartago,2023,enaho_aguan,95.1377182006836,baseICC2023_2024.xlsx,
308,El Guarco,Cartago,2023,enaho_aguan,90.2017440795898,baseICC2023_2024.xlsx,
401,Heredia,Heredia,2023,enaho_aguan,99.7129592895508,baseICC2023_2024.xlsx,
402,Barva,Heredia,2023,enaho_aguan,99.9024658203125,baseICC2023_2024.xlsx,
403,Santo Domingo,Heredia,2023,enaho_aguan,99.7129592895508,baseICC2023_2024.xlsx,
404,Santa Bárbara,Heredia,2023,enaho_aguan,95.0793151855469,baseICC2023_2024.xlsx,
405,San Rafael,Heredia,2023,enaho_aguan,99.7129592895508,baseICC2023_2024.xlsx,
406,San Isidro,Heredia,2023,enaho_aguan,93.8429183959961,baseICC2023_2024.xlsx,
407,Belén,Heredia,2023,enaho_aguan,99.7129592895508,baseICC2023_2024.xlsx,
408,Flores,Heredia,2023,enaho_aguan,99.9767608642578,baseICC2023_2024.xlsx,
409,San Pablo,Heredia,2023,enaho_aguan,99.7129592895508,baseICC2023_2024.xlsx,
410,Sarapiquí,Heredia,2023,enaho_aguan,14.5311946868896,baseICC2023_2024.xlsx,
501,Liberia,Guanacaste,2023,enaho_aguan,100.0,baseICC2023_2024.xlsx,
502,Nicoya,Guanacaste,2023,enaho_aguan,77.2989654541016,baseICC2023_2024.xlsx,
503,Santa Cruz,Guanacaste,2023,enaho_aguan,78.6820755004883,baseICC2023_2024.xlsx,
504,Bagaces,Guanacaste,2023,enaho_aguan,77.7731018066406,baseICC2023_2024.xlsx,
505,Carrillo,Guanacaste,2023,enaho_aguan,88.2625732421875,baseICC2023_2024.xlsx,
506,Cañas,Guanacaste,2023,enaho_aguan,90.0507125854492,baseICC2023_2024.xlsx,
507,Abangares,Guanacaste,2023,enaho_aguan,80.6629867553711,baseICC2023_2024.xlsx,
508,Tilarán,Guanacaste,2023,enaho_aguan,87.5715408325195,baseICC2023_2024.xlsx,
509,Nandayure,Guanacaste,2023,enaho_aguan,56.4309730529785,baseICC2023_2024.xlsx,
510,La Cruz,Guanacaste,2023,enaho_aguan,67.3533630371094,baseICC2023_2024.xlsx,
511,Hojancha,Guanacaste,2023,enaho_aguan,49.4331512451172,baseICC2023_2024.xlsx,
601,Puntarenas,Puntarenas,2023,enaho_aguan,89.6927947998047,baseICC2023_2024.xlsx,
602,Esparza,Puntarenas,2023,enaho_aguan,92.0860443115234,baseICC2023_2024.xlsx,
603,Buenos Aires,Puntarenas,2023,enaho_aguan,46.3201713562012,baseICC2023_2024.xlsx,
604,Montes de Oro,Puntarenas,2023,enaho_aguan,92.550163269043,baseICC2023_2024.xlsx,
605,Osa,Puntarenas,2023,enaho_aguan,64.4027557373047,baseICC2023_2024.xlsx,
606,Quepos,Puntarenas,2023,enaho_aguan,76.1884841918945,baseICC2023_2024.xlsx,
607,Golfito,Puntarenas,2023,enaho_aguan,60.0840148925781,baseICC2023_2024.xlsx,
608,Coto Brus,Puntarenas,2023,enaho_aguan,90.9400863647461,baseICC2023_2024.xlsx,
609,Parrita,Puntarenas,2023,enaho_aguan,64.0973434448242,baseICC2023_2024.xlsx,
610,Corredores,Puntarenas,2023,enaho_aguan,62.1502380371094,baseICC2023_2024.xlsx,
611,Garabito,Puntarenas,2023,enaho_aguan,86.9249954223633,baseICC2023_2024.xlsx,
701,Limón,Limón,2023,enaho_aguan,86.8900451660156,baseICC2023_2024.xlsx,
702,Pococí,Limón,2023,enaho_aguan,57.2474174499512,baseICC2023_2024.xlsx,
703,Siquirres,Limón,2023,enaho_aguan,76.5516891479492,baseICC2023_2024.xlsx,
704,Talamanca,Limón,2023,enaho_aguan,0.00499999988824129,baseICC2023_2024.xlsx,
705,Matina,Limón,2023,enaho_aguan,50.3660507202148,baseICC2023_2024.xlsx,
706,Guácimo,Limón,2023,enaho_aguan,80.4795532226563,baseICC2023_2024.xlsx,
101,San José,San José,2024,enaho_aguan,99.7148056030273,baseICC2023_2024.xlsx,
102,Escazú,San José,2024,enaho_aguan,96.9127349853516,baseICC2023_2024.xlsx,
103,Desamparados,San José,2024,enaho_aguan,97.2629470825195,baseICC2023_2024.xlsx,
104,Puriscal,San José,2024,enaho_aguan,79.0304870605469,baseICC2023_2024.xlsx,
105,Tarrazú,San José,2024,enaho_aguan,56.7308120727539,baseICC2023_2024.xlsx,
106,Aserrí,San José,2024,enaho_aguan,84.8864974975586,baseICC2023_2024.xlsx,
107,Mora,San José,2024,enaho_aguan,83.0714340209961,baseICC2023_2024.xlsx,
108,Goicoechea,San José,2024,enaho_aguan,99.7148056030273,baseICC2023_2024.xlsx,
109,Santa Ana,San José,2024,enaho_aguan,89.9280014038086,baseICC2023_2024.xlsx,
110,Alajuelita,San José,2024,enaho_aguan,95.5130615234375,baseICC2023_2024.xlsx,
111,Vázquez de Coronado,San José,2024,enaho_aguan,95.4986114501953,baseICC2023_2024.xlsx,
112,Acosta,San José,2024,enaho_aguan,64.9258651733398,baseICC2023_2024.xlsx,
113,Tibás,San José,2024,enaho_aguan,99.7148056030273,baseICC2023_2024.xlsx,
114,Moravia,San José,2024,enaho_aguan,99.7148056030273,baseICC2023_2024.xlsx,
115,Montes de Oca,San José,2024,enaho_aguan,99.7148056030273,baseICC2023_2024.xlsx,
116,Turrubares,San José,2024,enaho_aguan,57.7121925354004,baseICC2023_2024.xlsx,
117,Dota,San José,2024,enaho_aguan,31.3095455169678,baseICC2023_2024.xlsx,
118,Curridabat,San José,2024,enaho_aguan,99.7148056030273,baseICC2023_2024.xlsx,
119,Pérez Zeledón,San José,2024,enaho_aguan,94.2108154296875,baseICC2023_2024.xlsx,
120,León Cortés Castro,San José,2024,enaho_aguan,39.8634757995606,baseICC2023_2024.xlsx,
201,Alajuela,Alajuela,2024,enaho_aguan,93.3903427124023,baseICC2023_2024.xlsx,
202,San Ramón,Alajuela,2024,enaho_aguan,86.240837097168,baseICC2023_2024.xlsx,
203,Grecia,Alajuela,2024,enaho_aguan,99.7205505371094,baseICC2023_2024.xlsx,
204,San Mateo,Alajuela,2024,enaho_aguan,95.3169784545898,baseICC2023_2024.xlsx,
205,Atenas,Alajuela,2024,enaho_aguan,84.5650634765625,baseICC2023_2024.xlsx,
206,Naranjo,Alajuela,2024,enaho_aguan,99.6116638183594,baseICC2023_2024.xlsx,
207,Palmares,Alajuela,2024,enaho_aguan,87.7047729492188,baseICC2023_2024.xlsx,
208,Poás,Alajuela,2024,enaho_aguan,99.2551422119141,baseICC2023_2024.xlsx,
209,Orotina,Alajuela,2024,enaho_aguan,99.7148056030273,baseICC2023_2024.xlsx,
210,San Carlos,Alajuela,2024,enaho_aguan,99.7148056030273,baseICC2023_2024.xlsx,
211,Zarcero,Alajuela,2024,enaho_aguan,99.7148056030273,baseICC2023_2024.xlsx,
212,Sarchí,Alajuela,2024,enaho_aguan,99.7148056030273,baseICC2023_2024.xlsx,
213,Upala,Alajuela,2024,enaho_aguan,99.7148056030273,baseICC2023_2024.xlsx,
214,Los Chiles,Alajuela,2024,enaho_aguan,55.2253189086914,baseICC2023_2024.xlsx,
215,Guatuso,Alajuela,2024,enaho_aguan,99.7148056030273,baseICC2023_2024.xlsx,
216,Río Cuarto,Alajuela,2024,enaho_aguan,99.7148056030273,baseICC2023_2024.xlsx,
301,Cartago,Cartago,2024,enaho_aguan,97.4918823242188,baseICC2023_2024.xlsx,
302,Paraíso,Cartago,2024,enaho_aguan,96.1339645385742,baseICC2023_2024.xlsx,
303,La Unión,Cartago,2024,enaho_aguan,98.1022109985352,baseICC2023_2024.xlsx,
304,Jiménez,Cartago,2024,enaho_aguan,88.1739044189453,baseICC2023_2024.xlsx,
305,Turrialba,Cartago,2024,enaho_aguan,75.8906097412109,baseICC2023_2024.xlsx,
306,Alvarado,Cartago,2024,enaho_aguan,95.9355926513672,baseICC2023_2024.xlsx,
307,Oreamuno,Cartago,2024,enaho_aguan,93.8626556396484,baseICC2023_2024.xlsx,
308,El Guarco,Cartago,2024,enaho_aguan,88.5805816650391,baseICC2023_2024.xlsx,
401,Heredia,Heredia,2024,enaho_aguan,100.0,baseICC2023_2024.xlsx,
402,Barva,Heredia,2024,enaho_aguan,98.9614868164063,baseICC2023_2024.xlsx,
403,Santo Domingo,Heredia,2024,enaho_aguan,99.7148056030273,baseICC2023_2024.xlsx,
404,Santa Bárbara,Heredia,2024,enaho_aguan,93.8001556396484,baseICC2023_2024.xlsx,
405,San Rafael,Heredia,2024,enaho_aguan,99.7148056030273,baseICC2023_2024.xlsx,
406,San Isidro,Heredia,2024,enaho_aguan,92.4770660400391,baseICC2023_2024.xlsx,
407,Belén,Heredia,2024,enaho_aguan,99.7148056030273,baseICC2023_2024.xlsx,
408,Flores,Heredia,2024,enaho_aguan,99.0409927368164,baseICC2023_2024.xlsx,
409,San Pablo,Heredia,2024,enaho_aguan,99.7148056030273,baseICC2023_2024.xlsx,
410,Sarapiquí,Heredia,2024,enaho_aguan,2.28127431869507,baseICC2023_2024.xlsx,
501,Liberia,Guanacaste,2024,enaho_aguan,99.7148056030273,baseICC2023_2024.xlsx,
502,Nicoya,Guanacaste,2024,enaho_aguan,77.4842529296875,baseICC2023_2024.xlsx,
503,Santa Cruz,Guanacaste,2024,enaho_aguan,78.9643325805664,baseICC2023_2024.xlsx,
504,Bagaces,Guanacaste,2024,enaho_aguan,77.9916229248047,baseICC2023_2024.xlsx,
505,Carrillo,Guanacaste,2024,enaho_aguan,89.2165756225586,baseICC2023_2024.xlsx,
506,Cañas,Guanacaste,2024,enaho_aguan,91.1300964355469,baseICC2023_2024.xlsx,
507,Abangares,Guanacaste,2024,enaho_aguan,81.0841369628906,baseICC2023_2024.xlsx,
508,Tilarán,Guanacaste,2024,enaho_aguan,88.4770889282227,baseICC2023_2024.xlsx,
509,Nandayure,Guanacaste,2024,enaho_aguan,55.1530723571777,baseICC2023_2024.xlsx,
510,La Cruz,Guanacaste,2024,enaho_aguan,66.8412933349609,baseICC2023_2024.xlsx,
511,Hojancha,Guanacaste,2024,enaho_aguan,47.6645889282227,baseICC2023_2024.xlsx,
601,Puntarenas,Puntarenas,2024,enaho_aguan,94.8018569946289,baseICC2023_2024.xlsx,
602,Esparza,Puntarenas,2024,enaho_aguan,97.3629150390625,baseICC2023_2024.xlsx,
603,Buenos Aires,Puntarenas,2024,enaho_aguan,43.7269401550293,baseICC2023_2024.xlsx,
604,Montes de Oro,Puntarenas,2024,enaho_aguan,97.8595657348633,baseICC2023_2024.xlsx,
605,Osa,Puntarenas,2024,enaho_aguan,63.0774154663086,baseICC2023_2024.xlsx,
606,Quepos,Puntarenas,2024,enaho_aguan,80.3506774902344,baseICC2023_2024.xlsx,
607,Golfito,Puntarenas,2024,enaho_aguan,58.4558563232422,baseICC2023_2024.xlsx,
608,Coto Brus,Puntarenas,2024,enaho_aguan,91.4754333496094,baseICC2023_2024.xlsx,
609,Parrita,Puntarenas,2024,enaho_aguan,67.4117584228516,baseICC2023_2024.xlsx,
610,Corredores,Puntarenas,2024,enaho_aguan,60.6669540405273,baseICC2023_2024.xlsx,
611,Garabito,Puntarenas,2024,enaho_aguan,91.8399887084961,baseICC2023_2024.xlsx,
701,Limón,Limón,2024,enaho_aguan,92.9824600219727,baseICC2023_2024.xlsx,
702,Pococí,Limón,2024,enaho_aguan,61.2614097595215,baseICC2023_2024.xlsx,
703,Siquirres,Limón,2024,enaho_aguan,81.9192123413086,baseICC2023_2024.xlsx,
704,Talamanca,Limón,2024,enaho_aguan,0.0,baseICC2023_2024.xlsx,
705,Matina,Limón,2024,enaho_aguan,53.8975410461426,baseICC2023_2024.xlsx,
706,Guácimo,Limón,2024,enaho_aguan,86.1224822998047,baseICC2023_2024.xlsx,
101,San José,San José,2023,enaho_bandaanchan,74.2418518066406,baseICC2023_2024.xlsx,
102,Escazú,San José,2023,enaho_bandaanchan,100.0,baseICC2023_2024.xlsx,
103,Desamparados,San José,2023,enaho_bandaanchan,60.2968101501465,baseICC2023_2024.xlsx,
104,Puriscal,San José,2023,enaho_bandaanchan,28.8813858032227,baseICC2023_2024.xlsx,
105,Tarrazú,San José,2023,enaho_bandaanchan,25.4262294769287,baseICC2023_2024.xlsx,
106,Aserrí,San José,2023,enaho_bandaanchan,35.3100547790527,baseICC2023_2024.xlsx,
107,Mora,San José,2023,enaho_bandaanchan,58.3401908874512,baseICC2023_2024.xlsx,
108,Goicoechea,San José,2023,enaho_bandaanchan,77.804313659668,baseICC2023_2024.xlsx,
109,Santa Ana,San José,2023,enaho_bandaanchan,100.0,baseICC2023_2024.xlsx,
110,Alajuelita,San José,2023,enaho_bandaanchan,38.6630744934082,baseICC2023_2024.xlsx,
111,Vázquez de Coronado,San José,2023,enaho_bandaanchan,86.4908065795898,baseICC2023_2024.xlsx,
112,Acosta,San José,2023,enaho_bandaanchan,5.96387529373169,baseICC2023_2024.xlsx,
113,Tibás,San José,2023,enaho_bandaanchan,84.1508712768555,baseICC2023_2024.xlsx,
114,Moravia,San José,2023,enaho_bandaanchan,100.0,baseICC2023_2024.xlsx,
115,Montes de Oca,San José,2023,enaho_bandaanchan,100.0,baseICC2023_2024.xlsx,
116,Turrubares,San José,2023,enaho_bandaanchan,0.00499999988824129,baseICC2023_2024.xlsx,
117,Dota,San José,2023,enaho_bandaanchan,30.7597332000732,baseICC2023_2024.xlsx,
118,Curridabat,San José,2023,enaho_bandaanchan,100.0,baseICC2023_2024.xlsx,
119,Pérez Zeledón,San José,2023,enaho_bandaanchan,62.8402938842773,baseICC2023_2024.xlsx,
120,León Cortés Castro,San José,2023,enaho_bandaanchan,4.12219429016113,baseICC2023_2024.xlsx,
201,Alajuela,Alajuela,2023,enaho_bandaanchan,54.4215393066406,baseICC2023_2024.xlsx,
202,San Ramón,Alajuela,2023,enaho_bandaanchan,41.20458984375,baseICC2023_2024.xlsx,
203,Grecia,Alajuela,2023,enaho_bandaanchan,38.7521820068359,baseICC2023_2024.xlsx,
204,San Mateo,Alajuela,2023,enaho_bandaanchan,24.7159118652344,baseICC2023_2024.xlsx,
205,Atenas,Alajuela,2023,enaho_bandaanchan,48.8782043457031,baseICC2023_2024.xlsx,
206,Naranjo,Alajuela,2023,enaho_bandaanchan,30.5526256561279,baseICC2023_2024.xlsx,
207,Palmares,Alajuela,2023,enaho_bandaanchan,48.6895599365234,baseICC2023_2024.xlsx,
208,Poás,Alajuela,2023,enaho_bandaanchan,28.5268459320068,baseICC2023_2024.xlsx,
209,Orotina,Alajuela,2023,enaho_bandaanchan,38.8549728393555,baseICC2023_2024.xlsx,
210,San Carlos,Alajuela,2023,enaho_bandaanchan,84.4915771484375,baseICC2023_2024.xlsx,
211,Zarcero,Alajuela,2023,enaho_bandaanchan,32.5347290039063,baseICC2023_2024.xlsx,
212,Sarchí,Alajuela,2023,enaho_bandaanchan,30.5768432617188,baseICC2023_2024.xlsx,
213,Upala,Alajuela,2023,enaho_bandaanchan,50.3809318542481,baseICC2023_2024.xlsx,
214,Los Chiles,Alajuela,2023,enaho_bandaanchan,51.8361587524414,baseICC2023_2024.xlsx,
215,Guatuso,Alajuela,2023,enaho_bandaanchan,52.2861938476563,baseICC2023_2024.xlsx,
301,Cartago,Cartago,2023,enaho_bandaanchan,58.0944061279297,baseICC2023_2024.xlsx,
302,Paraíso,Cartago,2023,enaho_bandaanchan,39.0575256347656,baseICC2023_2024.xlsx,
303,La Unión,Cartago,2023,enaho_bandaanchan,75.541015625,baseICC2023_2024.xlsx,
304,Jiménez,Cartago,2023,enaho_bandaanchan,6.42132902145386,baseICC2023_2024.xlsx,
305,Turrialba,Cartago,2023,enaho_bandaanchan,26.5892753601074,baseICC2023_2024.xlsx,
306,Alvarado,Cartago,2023,enaho_bandaanchan,8.83533382415772,baseICC2023_2024.xlsx,
307,Oreamuno,Cartago,2023,enaho_bandaanchan,44.7561111450195,baseICC2023_2024.xlsx,
308,El Guarco,Cartago,2023,enaho_bandaanchan,45.9077796936035,baseICC2023_2024.xlsx,
401,Heredia,Heredia,2023,enaho_bandaanchan,96.4098358154297,baseICC2023_2024.xlsx,
402,Barva,Heredia,2023,enaho_bandaanchan,82.6590270996094,baseICC2023_2024.xlsx,
403,Santo Domingo,Heredia,2023,enaho_bandaanchan,91.5669326782227,baseICC2023_2024.xlsx,
404,Santa Bárbara,Heredia,2023,enaho_bandaanchan,60.0841979980469,baseICC2023_2024.xlsx,
405,San Rafael,Heredia,2023,enaho_bandaanchan,77.6926040649414,baseICC2023_2024.xlsx,
406,San Isidro,Heredia,2023,enaho_bandaanchan,74.7240676879883,baseICC2023_2024.xlsx,
407,Belén,Heredia,2023,enaho_bandaanchan,100.0,baseICC2023_2024.xlsx,
408,Flores,Heredia,2023,enaho_bandaanchan,97.8721160888672,baseICC2023_2024.xlsx,
409,San Pablo,Heredia,2023,enaho_bandaanchan,100.0,baseICC2023_2024.xlsx,
410,Sarapiquí,Heredia,2023,enaho_bandaanchan,56.9485588073731,baseICC2023_2024.xlsx,
501,Liberia,Guanacaste,2023,enaho_bandaanchan,52.8011627197266,baseICC2023_2024.xlsx,
502,Nicoya,Guanacaste,2023,enaho_bandaanchan,28.1667976379395,baseICC2023_2024.xlsx,
503,Santa Cruz,Guanacaste,2023,enaho_bandaanchan,41.5473213195801,baseICC2023_2024.xlsx,
504,Bagaces,Guanacaste,2023,enaho_bandaanchan,24.2585830688477,baseICC2023_2024.xlsx,
505,Carrillo,Guanacaste,2023,enaho_bandaanchan,33.6676826477051,baseICC2023_2024.xlsx,
506,Cañas,Guanacaste,2023,enaho_bandaanchan,36.6841583251953,baseICC2023_2024.xlsx,
507,Abangares,Guanacaste,2023,enaho_bandaanchan,24.6400604248047,baseICC2023_2024.xlsx,
508,Tilarán,Guanacaste,2023,enaho_bandaanchan,45.5335426330566,baseICC2023_2024.xlsx,
509,Nandayure,Guanacaste,2023,enaho_bandaanchan,19.568452835083,baseICC2023_2024.xlsx,
510,La Cruz,Guanacaste,2023,enaho_bandaanchan,9.52667140960693,baseICC2023_2024.xlsx,
511,Hojancha,Guanacaste,2023,enaho_bandaanchan,21.7071762084961,baseICC2023_2024.xlsx,
601,Puntarenas,Puntarenas,2023,enaho_bandaanchan,30.2159633636475,baseICC2023_2024.xlsx,
602,Esparza,Puntarenas,2023,enaho_bandaanchan,46.8959541320801,baseICC2023_2024.xlsx,
603,Buenos Aires,Puntarenas,2023,enaho_bandaanchan,42.3043899536133,baseICC2023_2024.xlsx,
604,Montes de Oro,Puntarenas,2023,enaho_bandaanchan,38.1421852111816,baseICC2023_2024.xlsx,
605,Osa,Puntarenas,2023,enaho_bandaanchan,55.0349349975586,baseICC2023_2024.xlsx,
606,Quepos,Puntarenas,2023,enaho_bandaanchan,37.1455879211426,baseICC2023_2024.xlsx,
607,Golfito,Puntarenas,2023,enaho_bandaanchan,59.5569915771484,baseICC2023_2024.xlsx,
608,Coto Brus,Puntarenas,2023,enaho_bandaanchan,53.3473205566406,baseICC2023_2024.xlsx,
609,Parrita,Puntarenas,2023,enaho_bandaanchan,22.6596927642822,baseICC2023_2024.xlsx,
610,Corredores,Puntarenas,2023,enaho_bandaanchan,58.6125907897949,baseICC2023_2024.xlsx,
611,Garabito,Puntarenas,2023,enaho_bandaanchan,45.4265174865723,baseICC2023_2024.xlsx,
701,Limón,Limón,2023,enaho_bandaanchan,72.0437698364258,baseICC2023_2024.xlsx,
702,Pococí,Limón,2023,enaho_bandaanchan,57.8811759948731,baseICC2023_2024.xlsx,
703,Siquirres,Limón,2023,enaho_bandaanchan,52.9710121154785,baseICC2023_2024.xlsx,
704,Talamanca,Limón,2023,enaho_bandaanchan,47.6306381225586,baseICC2023_2024.xlsx,
705,Matina,Limón,2023,enaho_bandaanchan,39.6747970581055,baseICC2023_2024.xlsx,
706,Guácimo,Limón,2023,enaho_bandaanchan,46.4596900939941,baseICC2023_2024.xlsx,
101,San José,San José,2024,enaho_bandaanchan,81.0659027099609,baseICC2023_2024.xlsx,
102,Escazú,San José,2024,enaho_bandaanchan,100.0,baseICC2023_2024.xlsx,
103,Desamparados,San José,2024,enaho_bandaanchan,65.839111328125,baseICC2023_2024.xlsx,
104,Puriscal,San José,2024,enaho_bandaanchan,31.5360507965088,baseICC2023_2024.xlsx,
105,Tarrazú,San José,2024,enaho_bandaanchan,27.7633247375488,baseICC2023_2024.xlsx,
106,Aserrí,San José,2024,enaho_bandaanchan,38.5556373596191,baseICC2023_2024.xlsx,
107,Mora,San José,2024,enaho_bandaanchan,63.7026290893555,baseICC2023_2024.xlsx,
108,Goicoechea,San José,2024,enaho_bandaanchan,84.9558486938477,baseICC2023_2024.xlsx,
109,Santa Ana,San José,2024,enaho_bandaanchan,100.0,baseICC2023_2024.xlsx,
110,Alajuelita,San José,2024,enaho_bandaanchan,42.216854095459,baseICC2023_2024.xlsx,
111,Vázquez de Coronado,San José,2024,enaho_bandaanchan,94.4407348632813,baseICC2023_2024.xlsx,
112,Acosta,San José,2024,enaho_bandaanchan,6.51205492019653,baseICC2023_2024.xlsx,
113,Tibás,San José,2024,enaho_bandaanchan,91.8857421875,baseICC2023_2024.xlsx,
114,Moravia,San José,2024,enaho_bandaanchan,100.0,baseICC2023_2024.xlsx,
115,Montes de Oca,San José,2024,enaho_bandaanchan,100.0,baseICC2023_2024.xlsx,
116,Turrubares,San José,2024,enaho_bandaanchan,0.0,baseICC2023_2024.xlsx,
117,Dota,San José,2024,enaho_bandaanchan,33.5870666503906,baseICC2023_2024.xlsx,
118,Curridabat,San José,2024,enaho_bandaanchan,100.0,baseICC2023_2024.xlsx,
119,Pérez Zeledón,San José,2024,enaho_bandaanchan,67.2525253295898,baseICC2023_2024.xlsx,
120,León Cortés Castro,San José,2024,enaho_bandaanchan,4.5010929107666,baseICC2023_2024.xlsx,
201,Alajuela,Alajuela,2024,enaho_bandaanchan,59.4237670898438,baseICC2023_2024.xlsx,
202,San Ramón,Alajuela,2024,enaho_bandaanchan,44.9919776916504,baseICC2023_2024.xlsx,
203,Grecia,Alajuela,2024,enaho_bandaanchan,48.6451301574707,baseICC2023_2024.xlsx,
204,San Mateo,Alajuela,2024,enaho_bandaanchan,43.9175491333008,baseICC2023_2024.xlsx,
205,Atenas,Alajuela,2024,enaho_bandaanchan,53.3709297180176,baseICC2023_2024.xlsx,
206,Naranjo,Alajuela,2024,enaho_bandaanchan,33.3609237670898,baseICC2023_2024.xlsx,
207,Palmares,Alajuela,2024,enaho_bandaanchan,53.1649284362793,baseICC2023_2024.xlsx,
208,Poás,Alajuela,2024,enaho_bandaanchan,31.1489372253418,baseICC2023_2024.xlsx,
209,Orotina,Alajuela,2024,enaho_bandaanchan,59.3562240600586,baseICC2023_2024.xlsx,
210,San Carlos,Alajuela,2024,enaho_bandaanchan,62.7275772094727,baseICC2023_2024.xlsx,
211,Zarcero,Alajuela,2024,enaho_bandaanchan,35.5252113342285,baseICC2023_2024.xlsx,
212,Sarchí,Alajuela,2024,enaho_bandaanchan,33.3873672485352,baseICC2023_2024.xlsx,
213,Upala,Alajuela,2024,enaho_bandaanchan,25.4815940856934,baseICC2023_2024.xlsx,
214,Los Chiles,Alajuela,2024,enaho_bandaanchan,27.0705795288086,baseICC2023_2024.xlsx,
215,Guatuso,Alajuela,2024,enaho_bandaanchan,27.5619831085205,baseICC2023_2024.xlsx,
216,Río Cuarto,Alajuela,2024,enaho_bandaanchan,33.5765953063965,baseICC2023_2024.xlsx,
301,Cartago,Cartago,2024,enaho_bandaanchan,63.434253692627,baseICC2023_2024.xlsx,
302,Paraíso,Cartago,2024,enaho_bandaanchan,42.6475830078125,baseICC2023_2024.xlsx,
303,La Unión,Cartago,2024,enaho_bandaanchan,82.484504699707,baseICC2023_2024.xlsx,
304,Jiménez,Cartago,2024,enaho_bandaanchan,7.01155662536621,baseICC2023_2024.xlsx,
305,Turrialba,Cartago,2024,enaho_bandaanchan,29.0332736968994,baseICC2023_2024.xlsx,
306,Alvarado,Cartago,2024,enaho_bandaanchan,9.64744853973389,baseICC2023_2024.xlsx,
307,Oreamuno,Cartago,2024,enaho_bandaanchan,48.8699645996094,baseICC2023_2024.xlsx,
308,El Guarco,Cartago,2024,enaho_bandaanchan,50.1274719238281,baseICC2023_2024.xlsx,
401,Heredia,Heredia,2024,enaho_bandaanchan,100.0,baseICC2023_2024.xlsx,
402,Barva,Heredia,2024,enaho_bandaanchan,90.2567520141602,baseICC2023_2024.xlsx,
403,Santo Domingo,Heredia,2024,enaho_bandaanchan,99.9834442138672,baseICC2023_2024.xlsx,
404,Santa Bárbara,Heredia,2024,enaho_bandaanchan,65.6069564819336,baseICC2023_2024.xlsx,
405,San Rafael,Heredia,2024,enaho_bandaanchan,84.833869934082,baseICC2023_2024.xlsx,
406,San Isidro,Heredia,2024,enaho_bandaanchan,81.5924530029297,baseICC2023_2024.xlsx,
407,Belén,Heredia,2024,enaho_bandaanchan,100.0,baseICC2023_2024.xlsx,
408,Flores,Heredia,2024,enaho_bandaanchan,100.0,baseICC2023_2024.xlsx,
409,San Pablo,Heredia,2024,enaho_bandaanchan,100.0,baseICC2023_2024.xlsx,
410,Sarapiquí,Heredia,2024,enaho_bandaanchan,32.6528778076172,baseICC2023_2024.xlsx,
501,Liberia,Guanacaste,2024,enaho_bandaanchan,63.5472183227539,baseICC2023_2024.xlsx,
502,Nicoya,Guanacaste,2024,enaho_bandaanchan,36.6485404968262,baseICC2023_2024.xlsx,
503,Santa Cruz,Guanacaste,2024,enaho_bandaanchan,51.2589645385742,baseICC2023_2024.xlsx,
504,Bagaces,Guanacaste,2024,enaho_bandaanchan,32.3810958862305,baseICC2023_2024.xlsx,
505,Carrillo,Guanacaste,2024,enaho_bandaanchan,42.6550521850586,baseICC2023_2024.xlsx,
506,Cañas,Guanacaste,2024,enaho_bandaanchan,45.948787689209,baseICC2023_2024.xlsx,
507,Abangares,Guanacaste,2024,enaho_bandaanchan,32.7976379394531,baseICC2023_2024.xlsx,
508,Tilarán,Guanacaste,2024,enaho_bandaanchan,55.6115798950195,baseICC2023_2024.xlsx,
509,Nandayure,Guanacaste,2024,enaho_bandaanchan,27.2598628997803,baseICC2023_2024.xlsx,
510,La Cruz,Guanacaste,2024,enaho_bandaanchan,16.2950744628906,baseICC2023_2024.xlsx,
511,Hojancha,Guanacaste,2024,enaho_bandaanchan,29.5951728820801,baseICC2023_2024.xlsx,
601,Puntarenas,Puntarenas,2024,enaho_bandaanchan,49.9231452941895,baseICC2023_2024.xlsx,
602,Esparza,Puntarenas,2024,enaho_bandaanchan,68.1363067626953,baseICC2023_2024.xlsx,
603,Buenos Aires,Puntarenas,2024,enaho_bandaanchan,44.829029083252,baseICC2023_2024.xlsx,
604,Montes de Oro,Puntarenas,2024,enaho_bandaanchan,58.5779190063477,baseICC2023_2024.xlsx,
605,Osa,Puntarenas,2024,enaho_bandaanchan,58.7297248840332,baseICC2023_2024.xlsx,
606,Quepos,Puntarenas,2024,enaho_bandaanchan,57.4897155761719,baseICC2023_2024.xlsx,
607,Golfito,Puntarenas,2024,enaho_bandaanchan,63.6674270629883,baseICC2023_2024.xlsx,
608,Coto Brus,Puntarenas,2024,enaho_bandaanchan,56.8869895935059,baseICC2023_2024.xlsx,
609,Parrita,Puntarenas,2024,enaho_bandaanchan,41.6723289489746,baseICC2023_2024.xlsx,
610,Corredores,Puntarenas,2024,enaho_bandaanchan,62.6362266540527,baseICC2023_2024.xlsx,
611,Garabito,Puntarenas,2024,enaho_bandaanchan,66.5318069458008,baseICC2023_2024.xlsx,
701,Limón,Limón,2024,enaho_bandaanchan,84.62841796875,baseICC2023_2024.xlsx,
702,Pococí,Limón,2024,enaho_bandaanchan,69.1640472412109,baseICC2023_2024.xlsx,
703,Siquirres,Limón,2024,enaho_bandaanchan,63.8025512695313,baseICC2023_2024.xlsx,
704,Talamanca,Limón,2024,enaho_bandaanchan,57.9713096618652,baseICC2023_2024.xlsx,
705,Matina,Limón,2024,enaho_bandaanchan,49.2841911315918,baseICC2023_2024.xlsx,
706,Guácimo,Limón,2024,enaho_bandaanchan,56.6927299499512,baseICC2023_2024.xlsx,
101,San José,San José,2023,ln_pean,100.000015258789,baseICC2023_2024.xlsx,
102,Escazú,San José,2023,ln_pean,58.7306213378906,baseICC2023_2024.xlsx,
103,Desamparados,San José,2023,ln_pean,90.1768112182617,baseICC2023_2024.xlsx,
104,Puriscal,San José,2023,ln_pean,43.3544654846191,baseICC2023_2024.xlsx,
105,Tarrazú,San José,2023,ln_pean,23.3710861206055,baseICC2023_2024.xlsx,
106,Aserrí,San José,2023,ln_pean,55.5840072631836,baseICC2023_2024.xlsx,
107,Mora,San José,2023,ln_pean,37.3804969787598,baseICC2023_2024.xlsx,
108,Goicoechea,San José,2023,ln_pean,76.1767730712891,baseICC2023_2024.xlsx,
109,Santa Ana,San José,2023,ln_pean,54.3938407897949,baseICC2023_2024.xlsx,
110,Alajuelita,San José,2023,ln_pean,65.5217361450195,baseICC2023_2024.xlsx,
111,Vázquez de Coronado,San José,2023,ln_pean,58.969295501709,baseICC2023_2024.xlsx,
112,Acosta,San José,2023,ln_pean,28.9733371734619,baseICC2023_2024.xlsx,
113,Tibás,San José,2023,ln_pean,63.7272109985352,baseICC2023_2024.xlsx,
114,Moravia,San José,2023,ln_pean,55.7326622009277,baseICC2023_2024.xlsx,
115,Montes de Oca,San José,2023,ln_pean,56.3386726379395,baseICC2023_2024.xlsx,
116,Turrubares,San José,2023,ln_pean,0.00499999988824129,baseICC2023_2024.xlsx,
117,Dota,San José,2023,ln_pean,2.02697968482971,baseICC2023_2024.xlsx,
118,Curridabat,San José,2023,ln_pean,61.605411529541,baseICC2023_2024.xlsx,
119,Pérez Zeledón,San José,2023,ln_pean,75.9609451293945,baseICC2023_2024.xlsx,
120,León Cortés Castro,San José,2023,ln_pean,14.8821649551392,baseICC2023_2024.xlsx,
201,Alajuela,Alajuela,2023,ln_pean,96.7020034790039,baseICC2023_2024.xlsx,
202,San Ramón,Alajuela,2023,ln_pean,65.9981994628906,baseICC2023_2024.xlsx,
203,Grecia,Alajuela,2023,ln_pean,65.9630737304688,baseICC2023_2024.xlsx,
204,San Mateo,Alajuela,2023,ln_pean,0.800394177436829,baseICC2023_2024.xlsx,
205,Atenas,Alajuela,2023,ln_pean,36.5758209228516,baseICC2023_2024.xlsx,
206,Naranjo,Alajuela,2023,ln_pean,49.1943664550781,baseICC2023_2024.xlsx,
207,Palmares,Alajuela,2023,ln_pean,44.9873237609863,baseICC2023_2024.xlsx,
208,Poás,Alajuela,2023,ln_pean,39.749439239502,baseICC2023_2024.xlsx,
209,Orotina,Alajuela,2023,ln_pean,30.7254219055176,baseICC2023_2024.xlsx,
210,San Carlos,Alajuela,2023,ln_pean,84.3464813232422,baseICC2023_2024.xlsx,
211,Zarcero,Alajuela,2023,ln_pean,17.5599460601807,baseICC2023_2024.xlsx,
212,Sarchí,Alajuela,2023,ln_pean,29.2012844085693,baseICC2023_2024.xlsx,
213,Upala,Alajuela,2023,ln_pean,50.2704925537109,baseICC2023_2024.xlsx,
214,Los Chiles,Alajuela,2023,ln_pean,37.9815177917481,baseICC2023_2024.xlsx,
215,Guatuso,Alajuela,2023,ln_pean,24.5090961456299,baseICC2023_2024.xlsx,
301,Cartago,Cartago,2023,ln_pean,80.1068725585938,baseICC2023_2024.xlsx,
302,Paraíso,Cartago,2023,ln_pean,55.0362167358398,baseICC2023_2024.xlsx,
303,La Unión,Cartago,2023,ln_pean,70.4670715332031,baseICC2023_2024.xlsx,
304,Jiménez,Cartago,2023,ln_pean,20.7538261413574,baseICC2023_2024.xlsx,
305,Turrialba,Cartago,2023,ln_pean,58.60693359375,baseICC2023_2024.xlsx,
306,Alvarado,Cartago,2023,ln_pean,19.1706924438477,baseICC2023_2024.xlsx,
307,Oreamuno,Cartago,2023,ln_pean,49.2440032958984,baseICC2023_2024.xlsx,
308,El Guarco,Cartago,2023,ln_pean,47.2522277832031,baseICC2023_2024.xlsx,
401,Heredia,Heredia,2023,ln_pean,77.0466766357422,baseICC2023_2024.xlsx,
402,Barva,Heredia,2023,ln_pean,48.2891502380371,baseICC2023_2024.xlsx,
403,Santo Domingo,Heredia,2023,ln_pean,49.7232246398926,baseICC2023_2024.xlsx,
404,Santa Bárbara,Heredia,2023,ln_pean,45.8159103393555,baseICC2023_2024.xlsx,
405,San Rafael,Heredia,2023,ln_pean,52.3587989807129,baseICC2023_2024.xlsx,
406,San Isidro,Heredia,2023,ln_pean,30.3411636352539,baseICC2023_2024.xlsx,
407,Belén,Heredia,2023,ln_pean,34.0207786560059,baseICC2023_2024.xlsx,
408,Flores,Heredia,2023,ln_pean,31.7179145812988,baseICC2023_2024.xlsx,
409,San Pablo,Heredia,2023,ln_pean,37.8488273620606,baseICC2023_2024.xlsx,
410,Sarapiquí,Heredia,2023,ln_pean,61.7023544311523,baseICC2023_2024.xlsx,
501,Liberia,Guanacaste,2023,ln_pean,60.4748954772949,baseICC2023_2024.xlsx,
502,Nicoya,Guanacaste,2023,ln_pean,52.9937438964844,baseICC2023_2024.xlsx,
503,Santa Cruz,Guanacaste,2023,ln_pean,56.9649810791016,baseICC2023_2024.xlsx,
504,Bagaces,Guanacaste,2023,ln_pean,30.2815284729004,baseICC2023_2024.xlsx,
505,Carrillo,Guanacaste,2023,ln_pean,46.8262176513672,baseICC2023_2024.xlsx,
506,Cañas,Guanacaste,2023,ln_pean,37.8076171875,baseICC2023_2024.xlsx,
507,Abangares,Guanacaste,2023,ln_pean,25.5136547088623,baseICC2023_2024.xlsx,
508,Tilarán,Guanacaste,2023,ln_pean,28.2815933227539,baseICC2023_2024.xlsx,
509,Nandayure,Guanacaste,2023,ln_pean,12.2684345245361,baseICC2023_2024.xlsx,
510,La Cruz,Guanacaste,2023,ln_pean,31.4504947662354,baseICC2023_2024.xlsx,
511,Hojancha,Guanacaste,2023,ln_pean,3.31433367729187,baseICC2023_2024.xlsx,
601,Puntarenas,Puntarenas,2023,ln_pean,75.9109573364258,baseICC2023_2024.xlsx,
602,Esparza,Puntarenas,2023,ln_pean,42.0403747558594,baseICC2023_2024.xlsx,
603,Buenos Aires,Puntarenas,2023,ln_pean,49.686450958252,baseICC2023_2024.xlsx,
604,Montes de Oro,Puntarenas,2023,ln_pean,18.0474128723145,baseICC2023_2024.xlsx,
605,Osa,Puntarenas,2023,ln_pean,35.8701400756836,baseICC2023_2024.xlsx,
606,Quepos,Puntarenas,2023,ln_pean,39.095874786377,baseICC2023_2024.xlsx,
607,Golfito,Puntarenas,2023,ln_pean,46.0143165588379,baseICC2023_2024.xlsx,
608,Coto Brus,Puntarenas,2023,ln_pean,43.5172271728516,baseICC2023_2024.xlsx,
609,Parrita,Puntarenas,2023,ln_pean,27.1350975036621,baseICC2023_2024.xlsx,
610,Corredores,Puntarenas,2023,ln_pean,49.8875617980957,baseICC2023_2024.xlsx,
611,Garabito,Puntarenas,2023,ln_pean,31.7038021087647,baseICC2023_2024.xlsx,
701,Limón,Limón,2023,ln_pean,65.2933120727539,baseICC2023_2024.xlsx,
702,Pococí,Limón,2023,ln_pean,77.0633010864258,baseICC2023_2024.xlsx,
703,Siquirres,Limón,2023,ln_pean,54.9797286987305,baseICC2023_2024.xlsx,
704,Talamanca,Limón,2023,ln_pean,44.1209411621094,baseICC2023_2024.xlsx,
705,Matina,Limón,2023,ln_pean,45.3779067993164,baseICC2023_2024.xlsx,
706,Guácimo,Limón,2023,ln_pean,50.88037109375,baseICC2023_2024.xlsx,
101,San José,San José,2024,ln_pean,100.0,baseICC2023_2024.xlsx,
102,Escazú,San José,2024,ln_pean,58.7283554077148,baseICC2023_2024.xlsx,
103,Desamparados,San José,2024,ln_pean,90.2284240722656,baseICC2023_2024.xlsx,
104,Puriscal,San José,2024,ln_pean,43.3037261962891,baseICC2023_2024.xlsx,
105,Tarrazú,San José,2024,ln_pean,23.2883224487305,baseICC2023_2024.xlsx,
106,Aserrí,San José,2024,ln_pean,55.5629386901856,baseICC2023_2024.xlsx,
107,Mora,San José,2024,ln_pean,37.3155822753906,baseICC2023_2024.xlsx,
108,Goicoechea,San José,2024,ln_pean,76.1736373901367,baseICC2023_2024.xlsx,
109,Santa Ana,San José,2024,ln_pean,54.4835319519043,baseICC2023_2024.xlsx,
110,Alajuelita,San José,2024,ln_pean,65.6747131347656,baseICC2023_2024.xlsx,
111,Vázquez de Coronado,San José,2024,ln_pean,58.988582611084,baseICC2023_2024.xlsx,
112,Acosta,San José,2024,ln_pean,28.8561401367188,baseICC2023_2024.xlsx,
113,Tibás,San José,2024,ln_pean,63.6694602966309,baseICC2023_2024.xlsx,
114,Moravia,San José,2024,ln_pean,55.6239738464356,baseICC2023_2024.xlsx,
115,Montes de Oca,San José,2024,ln_pean,56.1392555236816,baseICC2023_2024.xlsx,
116,Turrubares,San José,2024,ln_pean,9.92412606137805e-06,baseICC2023_2024.xlsx,
117,Dota,San José,2024,ln_pean,1.8894100189209,baseICC2023_2024.xlsx,
118,Curridabat,San José,2024,ln_pean,61.5610771179199,baseICC2023_2024.xlsx,
119,Pérez Zeledón,San José,2024,ln_pean,75.8236389160156,baseICC2023_2024.xlsx,
120,León Cortés Castro,San José,2024,ln_pean,14.9147644042969,baseICC2023_2024.xlsx,
201,Alajuela,Alajuela,2024,ln_pean,96.8678436279297,baseICC2023_2024.xlsx,
202,San Ramón,Alajuela,2024,ln_pean,66.0626907348633,baseICC2023_2024.xlsx,
203,Grecia,Alajuela,2024,ln_pean,61.1786766052246,baseICC2023_2024.xlsx,
204,San Mateo,Alajuela,2024,ln_pean,0.724204182624817,baseICC2023_2024.xlsx,
205,Atenas,Alajuela,2024,ln_pean,36.5657005310059,baseICC2023_2024.xlsx,
206,Naranjo,Alajuela,2024,ln_pean,49.2164306640625,baseICC2023_2024.xlsx,
207,Palmares,Alajuela,2024,ln_pean,45.0390968322754,baseICC2023_2024.xlsx,
208,Poás,Alajuela,2024,ln_pean,39.8523674011231,baseICC2023_2024.xlsx,
209,Orotina,Alajuela,2024,ln_pean,30.8471202850342,baseICC2023_2024.xlsx,
210,San Carlos,Alajuela,2024,ln_pean,84.5829620361328,baseICC2023_2024.xlsx,
211,Zarcero,Alajuela,2024,ln_pean,17.5388031005859,baseICC2023_2024.xlsx,
212,Sarchí,Alajuela,2024,ln_pean,29.1824226379395,baseICC2023_2024.xlsx,
213,Upala,Alajuela,2024,ln_pean,50.4138946533203,baseICC2023_2024.xlsx,
214,Los Chiles,Alajuela,2024,ln_pean,38.2920722961426,baseICC2023_2024.xlsx,
215,Guatuso,Alajuela,2024,ln_pean,24.5807018280029,baseICC2023_2024.xlsx,
216,Río Cuarto,Alajuela,2024,ln_pean,21.6201572418213,baseICC2023_2024.xlsx,
301,Cartago,Cartago,2024,ln_pean,80.0871047973633,baseICC2023_2024.xlsx,
302,Paraíso,Cartago,2024,ln_pean,54.9957275390625,baseICC2023_2024.xlsx,
303,La Unión,Cartago,2024,ln_pean,70.5089721679688,baseICC2023_2024.xlsx,
304,Jiménez,Cartago,2024,ln_pean,20.5103340148926,baseICC2023_2024.xlsx,
305,Turrialba,Cartago,2024,ln_pean,58.3877334594727,baseICC2023_2024.xlsx,
306,Alvarado,Cartago,2024,ln_pean,19.0563659667969,baseICC2023_2024.xlsx,
307,Oreamuno,Cartago,2024,ln_pean,49.1882781982422,baseICC2023_2024.xlsx,
308,El Guarco,Cartago,2024,ln_pean,47.2143363952637,baseICC2023_2024.xlsx,
401,Heredia,Heredia,2024,ln_pean,77.1070098876953,baseICC2023_2024.xlsx,
402,Barva,Heredia,2024,ln_pean,48.3870620727539,baseICC2023_2024.xlsx,
403,Santo Domingo,Heredia,2024,ln_pean,49.6873931884766,baseICC2023_2024.xlsx,
404,Santa Bárbara,Heredia,2024,ln_pean,45.9119186401367,baseICC2023_2024.xlsx,
405,San Rafael,Heredia,2024,ln_pean,52.4396820068359,baseICC2023_2024.xlsx,
406,San Isidro,Heredia,2024,ln_pean,30.3126544952393,baseICC2023_2024.xlsx,
407,Belén,Heredia,2024,ln_pean,33.946159362793,baseICC2023_2024.xlsx,
408,Flores,Heredia,2024,ln_pean,31.7403373718262,baseICC2023_2024.xlsx,
409,San Pablo,Heredia,2024,ln_pean,37.7321357727051,baseICC2023_2024.xlsx,
410,Sarapiquí,Heredia,2024,ln_pean,62.207275390625,baseICC2023_2024.xlsx,
501,Liberia,Guanacaste,2024,ln_pean,60.7399864196777,baseICC2023_2024.xlsx,
502,Nicoya,Guanacaste,2024,ln_pean,53.0218887329102,baseICC2023_2024.xlsx,
503,Santa Cruz,Guanacaste,2024,ln_pean,57.1807861328125,baseICC2023_2024.xlsx,
504,Bagaces,Guanacaste,2024,ln_pean,30.4347305297852,baseICC2023_2024.xlsx,
505,Carrillo,Guanacaste,2024,ln_pean,47.1206741333008,baseICC2023_2024.xlsx,
506,Cañas,Guanacaste,2024,ln_pean,37.8673934936523,baseICC2023_2024.xlsx,
507,Abangares,Guanacaste,2024,ln_pean,25.427713394165,baseICC2023_2024.xlsx,
508,Tilarán,Guanacaste,2024,ln_pean,28.1678314208984,baseICC2023_2024.xlsx,
509,Nandayure,Guanacaste,2024,ln_pean,12.0886383056641,baseICC2023_2024.xlsx,
510,La Cruz,Guanacaste,2024,ln_pean,31.6944122314453,baseICC2023_2024.xlsx,
511,Hojancha,Guanacaste,2024,ln_pean,3.15107321739197,baseICC2023_2024.xlsx,
601,Puntarenas,Puntarenas,2024,ln_pean,76.0809860229492,baseICC2023_2024.xlsx,
602,Esparza,Puntarenas,2024,ln_pean,42.1991004943848,baseICC2023_2024.xlsx,
603,Buenos Aires,Puntarenas,2024,ln_pean,49.8241577148438,baseICC2023_2024.xlsx,
604,Montes de Oro,Puntarenas,2024,ln_pean,18.0114974975586,baseICC2023_2024.xlsx,
605,Osa,Puntarenas,2024,ln_pean,35.7607307434082,baseICC2023_2024.xlsx,
606,Quepos,Puntarenas,2024,ln_pean,39.263729095459,baseICC2023_2024.xlsx,
607,Golfito,Puntarenas,2024,ln_pean,46.0670394897461,baseICC2023_2024.xlsx,
608,Coto Brus,Puntarenas,2024,ln_pean,43.2783699035645,baseICC2023_2024.xlsx,
609,Parrita,Puntarenas,2024,ln_pean,27.3918952941895,baseICC2023_2024.xlsx,
610,Corredores,Puntarenas,2024,ln_pean,49.9494514465332,baseICC2023_2024.xlsx,
611,Garabito,Puntarenas,2024,ln_pean,32.1970367431641,baseICC2023_2024.xlsx,
701,Limón,Limón,2024,ln_pean,65.1622009277344,baseICC2023_2024.xlsx,
702,Pococí,Limón,2024,ln_pean,77.2573013305664,baseICC2023_2024.xlsx,
703,Siquirres,Limón,2024,ln_pean,54.9291496276856,baseICC2023_2024.xlsx,
704,Talamanca,Limón,2024,ln_pean,44.4280319213867,baseICC2023_2024.xlsx,
705,Matina,Limón,2024,ln_pean,45.4571228027344,baseICC2023_2024.xlsx,
706,Guácimo,Limón,2024,ln_pean,51.1295852661133,baseICC2023_2024.xlsx,
101,San José,San José,2023,cobert_ingles_primn,82.5577392578125,baseICC2023_2024.xlsx,
102,Escazú,San José,2023,cobert_ingles_primn,99.884635925293,baseICC2023_2024.xlsx,
103,Desamparados,San José,2023,cobert_ingles_primn,83.2227630615234,baseICC2023_2024.xlsx,
104,Puriscal,San José,2023,cobert_ingles_primn,65.5596160888672,baseICC2023_2024.xlsx,
105,Tarrazú,San José,2023,cobert_ingles_primn,69.4515914916992,baseICC2023_2024.xlsx,
106,Aserrí,San José,2023,cobert_ingles_primn,98.252067565918,baseICC2023_2024.xlsx,
107,Mora,San José,2023,cobert_ingles_primn,65.9527053833008,baseICC2023_2024.xlsx,
108,Goicoechea,San José,2023,cobert_ingles_primn,100.0,baseICC2023_2024.xlsx,
109,Santa Ana,San José,2023,cobert_ingles_primn,66.2792739868164,baseICC2023_2024.xlsx,
110,Alajuelita,San José,2023,cobert_ingles_primn,64.9093780517578,baseICC2023_2024.xlsx,
111,Vázquez de Coronado,San José,2023,cobert_ingles_primn,60.6210403442383,baseICC2023_2024.xlsx,
112,Acosta,San José,2023,cobert_ingles_primn,59.7182197570801,baseICC2023_2024.xlsx,
113,Tibás,San José,2023,cobert_ingles_primn,89.6548004150391,baseICC2023_2024.xlsx,
114,Moravia,San José,2023,cobert_ingles_primn,99.8704147338867,baseICC2023_2024.xlsx,
115,Montes de Oca,San José,2023,cobert_ingles_primn,99.6786575317383,baseICC2023_2024.xlsx,
116,Turrubares,San José,2023,cobert_ingles_primn,2.01451563835144,baseICC2023_2024.xlsx,
117,Dota,San José,2023,cobert_ingles_primn,76.7958221435547,baseICC2023_2024.xlsx,
118,Curridabat,San José,2023,cobert_ingles_primn,77.5402755737305,baseICC2023_2024.xlsx,
119,Pérez Zeledón,San José,2023,cobert_ingles_primn,82.7548065185547,baseICC2023_2024.xlsx,
120,León Cortés Castro,San José,2023,cobert_ingles_primn,73.6978759765625,baseICC2023_2024.xlsx,
201,Alajuela,Alajuela,2023,cobert_ingles_primn,90.5379180908203,baseICC2023_2024.xlsx,
202,San Ramón,Alajuela,2023,cobert_ingles_primn,93.3075485229492,baseICC2023_2024.xlsx,
203,Grecia,Alajuela,2023,cobert_ingles_primn,86.2615356445313,baseICC2023_2024.xlsx,
204,San Mateo,Alajuela,2023,cobert_ingles_primn,80.0057144165039,baseICC2023_2024.xlsx,
205,Atenas,Alajuela,2023,cobert_ingles_primn,98.8840713500977,baseICC2023_2024.xlsx,
206,Naranjo,Alajuela,2023,cobert_ingles_primn,91.3556747436523,baseICC2023_2024.xlsx,
207,Palmares,Alajuela,2023,cobert_ingles_primn,100.0,baseICC2023_2024.xlsx,
208,Poás,Alajuela,2023,cobert_ingles_primn,100.0,baseICC2023_2024.xlsx,
209,Orotina,Alajuela,2023,cobert_ingles_primn,79.4968566894531,baseICC2023_2024.xlsx,
210,San Carlos,Alajuela,2023,cobert_ingles_primn,71.7580718994141,baseICC2023_2024.xlsx,
211,Zarcero,Alajuela,2023,cobert_ingles_primn,86.2861480712891,baseICC2023_2024.xlsx,
212,Sarchí,Alajuela,2023,cobert_ingles_primn,100.0,baseICC2023_2024.xlsx,
213,Upala,Alajuela,2023,cobert_ingles_primn,12.970757484436,baseICC2023_2024.xlsx,
214,Los Chiles,Alajuela,2023,cobert_ingles_primn,17.188777923584,baseICC2023_2024.xlsx,
215,Guatuso,Alajuela,2023,cobert_ingles_primn,4.22707939147949,baseICC2023_2024.xlsx,
301,Cartago,Cartago,2023,cobert_ingles_primn,48.6304702758789,baseICC2023_2024.xlsx,
302,Paraíso,Cartago,2023,cobert_ingles_primn,96.3925933837891,baseICC2023_2024.xlsx,
303,La Unión,Cartago,2023,cobert_ingles_primn,62.4132347106934,baseICC2023_2024.xlsx,
304,Jiménez,Cartago,2023,cobert_ingles_primn,89.4892425537109,baseICC2023_2024.xlsx,
305,Turrialba,Cartago,2023,cobert_ingles_primn,31.9282169342041,baseICC2023_2024.xlsx,
306,Alvarado,Cartago,2023,cobert_ingles_primn,98.1550216674805,baseICC2023_2024.xlsx,
307,Oreamuno,Cartago,2023,cobert_ingles_primn,86.9068374633789,baseICC2023_2024.xlsx,
308,El Guarco,Cartago,2023,cobert_ingles_primn,98.9964447021484,baseICC2023_2024.xlsx,
401,Heredia,Heredia,2023,cobert_ingles_primn,76.2912063598633,baseICC2023_2024.xlsx,
402,Barva,Heredia,2023,cobert_ingles_primn,100.0,baseICC2023_2024.xlsx,
403,Santo Domingo,Heredia,2023,cobert_ingles_primn,62.6511383056641,baseICC2023_2024.xlsx,
404,Santa Bárbara,Heredia,2023,cobert_ingles_primn,99.1189422607422,baseICC2023_2024.xlsx,
405,San Rafael,Heredia,2023,cobert_ingles_primn,97.8548355102539,baseICC2023_2024.xlsx,
406,San Isidro,Heredia,2023,cobert_ingles_primn,19.9007759094238,baseICC2023_2024.xlsx,
407,Belén,Heredia,2023,cobert_ingles_primn,98.0604476928711,baseICC2023_2024.xlsx,
408,Flores,Heredia,2023,cobert_ingles_primn,100.0,baseICC2023_2024.xlsx,
409,San Pablo,Heredia,2023,cobert_ingles_primn,95.6427459716797,baseICC2023_2024.xlsx,
410,Sarapiquí,Heredia,2023,cobert_ingles_primn,67.1130218505859,baseICC2023_2024.xlsx,
501,Liberia,Guanacaste,2023,cobert_ingles_primn,76.5242004394531,baseICC2023_2024.xlsx,
502,Nicoya,Guanacaste,2023,cobert_ingles_primn,73.9641571044922,baseICC2023_2024.xlsx,
503,Santa Cruz,Guanacaste,2023,cobert_ingles_primn,95.8733139038086,baseICC2023_2024.xlsx,
504,Bagaces,Guanacaste,2023,cobert_ingles_primn,87.6159362792969,baseICC2023_2024.xlsx,
505,Carrillo,Guanacaste,2023,cobert_ingles_primn,98.9956741333008,baseICC2023_2024.xlsx,
506,Cañas,Guanacaste,2023,cobert_ingles_primn,85.2247772216797,baseICC2023_2024.xlsx,
507,Abangares,Guanacaste,2023,cobert_ingles_primn,46.5416717529297,baseICC2023_2024.xlsx,
508,Tilarán,Guanacaste,2023,cobert_ingles_primn,2.97660446166992,baseICC2023_2024.xlsx,
509,Nandayure,Guanacaste,2023,cobert_ingles_primn,49.6538887023926,baseICC2023_2024.xlsx,
510,La Cruz,Guanacaste,2023,cobert_ingles_primn,72.2204818725586,baseICC2023_2024.xlsx,
511,Hojancha,Guanacaste,2023,cobert_ingles_primn,89.9450836181641,baseICC2023_2024.xlsx,
601,Puntarenas,Puntarenas,2023,cobert_ingles_primn,83.2541275024414,baseICC2023_2024.xlsx,
602,Esparza,Puntarenas,2023,cobert_ingles_primn,96.2367553710938,baseICC2023_2024.xlsx,
603,Buenos Aires,Puntarenas,2023,cobert_ingles_primn,0.00499999988824129,baseICC2023_2024.xlsx,
604,Montes de Oro,Puntarenas,2023,cobert_ingles_primn,61.6385459899902,baseICC2023_2024.xlsx,
605,Osa,Puntarenas,2023,cobert_ingles_primn,43.6107444763184,baseICC2023_2024.xlsx,
606,Quepos,Puntarenas,2023,cobert_ingles_primn,76.2776184082031,baseICC2023_2024.xlsx,
607,Golfito,Puntarenas,2023,cobert_ingles_primn,47.4361801147461,baseICC2023_2024.xlsx,
608,Coto Brus,Puntarenas,2023,cobert_ingles_primn,44.8720016479492,baseICC2023_2024.xlsx,
609,Parrita,Puntarenas,2023,cobert_ingles_primn,23.1189994812012,baseICC2023_2024.xlsx,
610,Corredores,Puntarenas,2023,cobert_ingles_primn,53.5444984436035,baseICC2023_2024.xlsx,
611,Garabito,Puntarenas,2023,cobert_ingles_primn,70.1435241699219,baseICC2023_2024.xlsx,
701,Limón,Limón,2023,cobert_ingles_primn,53.5653114318848,baseICC2023_2024.xlsx,
702,Pococí,Limón,2023,cobert_ingles_primn,83.7247161865234,baseICC2023_2024.xlsx,
703,Siquirres,Limón,2023,cobert_ingles_primn,72.3647689819336,baseICC2023_2024.xlsx,
704,Talamanca,Limón,2023,cobert_ingles_primn,3.97304821014404,baseICC2023_2024.xlsx,
705,Matina,Limón,2023,cobert_ingles_primn,75.7127075195313,baseICC2023_2024.xlsx,
706,Guácimo,Limón,2023,cobert_ingles_primn,91.3192367553711,baseICC2023_2024.xlsx,
101,San José,San José,2024,cobert_ingles_primn,81.1930694580078,baseICC2023_2024.xlsx,
102,Escazú,San José,2024,cobert_ingles_primn,100.0,baseICC2023_2024.xlsx,
103,Desamparados,San José,2024,cobert_ingles_primn,73.931884765625,baseICC2023_2024.xlsx,
104,Puriscal,San José,2024,cobert_ingles_primn,71.0441741943359,baseICC2023_2024.xlsx,
105,Tarrazú,San José,2024,cobert_ingles_primn,76.2155227661133,baseICC2023_2024.xlsx,
106,Aserrí,San José,2024,cobert_ingles_primn,98.127815246582,baseICC2023_2024.xlsx,
107,Mora,San José,2024,cobert_ingles_primn,97.0857086181641,baseICC2023_2024.xlsx,
108,Goicoechea,San José,2024,cobert_ingles_primn,99.9284973144531,baseICC2023_2024.xlsx,
109,Santa Ana,San José,2024,cobert_ingles_primn,71.0503005981445,baseICC2023_2024.xlsx,
110,Alajuelita,San José,2024,cobert_ingles_primn,74.6928634643555,baseICC2023_2024.xlsx,
111,Vázquez de Coronado,San José,2024,cobert_ingles_primn,62.8233985900879,baseICC2023_2024.xlsx,
112,Acosta,San José,2024,cobert_ingles_primn,65.9257659912109,baseICC2023_2024.xlsx,
113,Tibás,San José,2024,cobert_ingles_primn,92.1440811157227,baseICC2023_2024.xlsx,
114,Moravia,San José,2024,cobert_ingles_primn,100.0,baseICC2023_2024.xlsx,
115,Montes de Oca,San José,2024,cobert_ingles_primn,100.0,baseICC2023_2024.xlsx,
116,Turrubares,San José,2024,cobert_ingles_primn,28.0314826965332,baseICC2023_2024.xlsx,
117,Dota,San José,2024,cobert_ingles_primn,72.0026168823242,baseICC2023_2024.xlsx,
118,Curridabat,San José,2024,cobert_ingles_primn,95.2603759765625,baseICC2023_2024.xlsx,
119,Pérez Zeledón,San José,2024,cobert_ingles_primn,79.2443542480469,baseICC2023_2024.xlsx,
120,León Cortés Castro,San José,2024,cobert_ingles_primn,88.7230072021484,baseICC2023_2024.xlsx,
201,Alajuela,Alajuela,2024,cobert_ingles_primn,96.9840850830078,baseICC2023_2024.xlsx,
202,San Ramón,Alajuela,2024,cobert_ingles_primn,94.8645629882813,baseICC2023_2024.xlsx,
203,Grecia,Alajuela,2024,cobert_ingles_primn,97.6046295166016,baseICC2023_2024.xlsx,
204,San Mateo,Alajuela,2024,cobert_ingles_primn,82.6484527587891,baseICC2023_2024.xlsx,
205,Atenas,Alajuela,2024,cobert_ingles_primn,99.2213363647461,baseICC2023_2024.xlsx,
206,Naranjo,Alajuela,2024,cobert_ingles_primn,100.0,baseICC2023_2024.xlsx,
207,Palmares,Alajuela,2024,cobert_ingles_primn,100.0,baseICC2023_2024.xlsx,
208,Poás,Alajuela,2024,cobert_ingles_primn,99.8280715942383,baseICC2023_2024.xlsx,
209,Orotina,Alajuela,2024,cobert_ingles_primn,64.1328048706055,baseICC2023_2024.xlsx,
210,San Carlos,Alajuela,2024,cobert_ingles_primn,70.8212738037109,baseICC2023_2024.xlsx,
211,Zarcero,Alajuela,2024,cobert_ingles_primn,91.5913848876953,baseICC2023_2024.xlsx,
212,Sarchí,Alajuela,2024,cobert_ingles_primn,99.8438491821289,baseICC2023_2024.xlsx,
213,Upala,Alajuela,2024,cobert_ingles_primn,16.7317333221436,baseICC2023_2024.xlsx,
214,Los Chiles,Alajuela,2024,cobert_ingles_primn,23.1049365997314,baseICC2023_2024.xlsx,
215,Guatuso,Alajuela,2024,cobert_ingles_primn,3.69486383533513e-06,baseICC2023_2024.xlsx,
216,Río Cuarto,Alajuela,2024,cobert_ingles_primn,72.3889083862305,baseICC2023_2024.xlsx,
301,Cartago,Cartago,2024,cobert_ingles_primn,55.1925010681152,baseICC2023_2024.xlsx,
302,Paraíso,Cartago,2024,cobert_ingles_primn,95.3128967285156,baseICC2023_2024.xlsx,
303,La Unión,Cartago,2024,cobert_ingles_primn,67.5441513061523,baseICC2023_2024.xlsx,
304,Jiménez,Cartago,2024,cobert_ingles_primn,82.1329803466797,baseICC2023_2024.xlsx,
305,Turrialba,Cartago,2024,cobert_ingles_primn,43.5651473999023,baseICC2023_2024.xlsx,
306,Alvarado,Cartago,2024,cobert_ingles_primn,100.0,baseICC2023_2024.xlsx,
307,Oreamuno,Cartago,2024,cobert_ingles_primn,88.5814971923828,baseICC2023_2024.xlsx,
308,El Guarco,Cartago,2024,cobert_ingles_primn,99.2892761230469,baseICC2023_2024.xlsx,
401,Heredia,Heredia,2024,cobert_ingles_primn,89.0637435913086,baseICC2023_2024.xlsx,
402,Barva,Heredia,2024,cobert_ingles_primn,99.6917953491211,baseICC2023_2024.xlsx,
403,Santo Domingo,Heredia,2024,cobert_ingles_primn,63.663028717041,baseICC2023_2024.xlsx,
404,Santa Bárbara,Heredia,2024,cobert_ingles_primn,100.0,baseICC2023_2024.xlsx,
405,San Rafael,Heredia,2024,cobert_ingles_primn,100.0,baseICC2023_2024.xlsx,
406,San Isidro,Heredia,2024,cobert_ingles_primn,34.6263198852539,baseICC2023_2024.xlsx,
407,Belén,Heredia,2024,cobert_ingles_primn,97.8641052246094,baseICC2023_2024.xlsx,
408,Flores,Heredia,2024,cobert_ingles_primn,100.0,baseICC2023_2024.xlsx,
409,San Pablo,Heredia,2024,cobert_ingles_primn,100.0,baseICC2023_2024.xlsx,
410,Sarapiquí,Heredia,2024,cobert_ingles_primn,66.9140243530273,baseICC2023_2024.xlsx,
501,Liberia,Guanacaste,2024,cobert_ingles_primn,98.6777267456055,baseICC2023_2024.xlsx,
502,Nicoya,Guanacaste,2024,cobert_ingles_primn,79.625358581543,baseICC2023_2024.xlsx,
503,Santa Cruz,Guanacaste,2024,cobert_ingles_primn,98.6073684692383,baseICC2023_2024.xlsx,
504,Bagaces,Guanacaste,2024,cobert_ingles_primn,87.3752059936523,baseICC2023_2024.xlsx,
505,Carrillo,Guanacaste,2024,cobert_ingles_primn,97.6350936889648,baseICC2023_2024.xlsx,
506,Cañas,Guanacaste,2024,cobert_ingles_primn,80.0399932861328,baseICC2023_2024.xlsx,
507,Abangares,Guanacaste,2024,cobert_ingles_primn,55.2836837768555,baseICC2023_2024.xlsx,
508,Tilarán,Guanacaste,2024,cobert_ingles_primn,52.8548469543457,baseICC2023_2024.xlsx,
509,Nandayure,Guanacaste,2024,cobert_ingles_primn,62.9451332092285,baseICC2023_2024.xlsx,
510,La Cruz,Guanacaste,2024,cobert_ingles_primn,72.166877746582,baseICC2023_2024.xlsx,
511,Hojancha,Guanacaste,2024,cobert_ingles_primn,89.1399765014648,baseICC2023_2024.xlsx,
601,Puntarenas,Puntarenas,2024,cobert_ingles_primn,68.8630599975586,baseICC2023_2024.xlsx,
602,Esparza,Puntarenas,2024,cobert_ingles_primn,94.1249160766602,baseICC2023_2024.xlsx,
603,Buenos Aires,Puntarenas,2024,cobert_ingles_primn,10.0821256637573,baseICC2023_2024.xlsx,
604,Montes de Oro,Puntarenas,2024,cobert_ingles_primn,69.8645629882813,baseICC2023_2024.xlsx,
605,Osa,Puntarenas,2024,cobert_ingles_primn,48.3716888427734,baseICC2023_2024.xlsx,
606,Quepos,Puntarenas,2024,cobert_ingles_primn,83.4199905395508,baseICC2023_2024.xlsx,
607,Golfito,Puntarenas,2024,cobert_ingles_primn,40.0478477478027,baseICC2023_2024.xlsx,
608,Coto Brus,Puntarenas,2024,cobert_ingles_primn,37.7905197143555,baseICC2023_2024.xlsx,
609,Parrita,Puntarenas,2024,cobert_ingles_primn,50.4844589233398,baseICC2023_2024.xlsx,
610,Corredores,Puntarenas,2024,cobert_ingles_primn,57.0524635314941,baseICC2023_2024.xlsx,
611,Garabito,Puntarenas,2024,cobert_ingles_primn,80.2145080566406,baseICC2023_2024.xlsx,
701,Limón,Limón,2024,cobert_ingles_primn,52.8277320861816,baseICC2023_2024.xlsx,
702,Pococí,Limón,2024,cobert_ingles_primn,87.6858673095703,baseICC2023_2024.xlsx,
703,Siquirres,Limón,2024,cobert_ingles_primn,76.7510452270508,baseICC2023_2024.xlsx,
704,Talamanca,Limón,2024,cobert_ingles_primn,1.61008274555206,baseICC2023_2024.xlsx,
705,Matina,Limón,2024,cobert_ingles_primn,68.5235977172852,baseICC2023_2024.xlsx,
706,Guácimo,Limón,2024,cobert_ingles_primn,71.5937042236328,baseICC2023_2024.xlsx,
101,San José,San José,2023,cobert_secn,37.5550308227539,baseICC2023_2024.xlsx,
102,Escazú,San José,2023,cobert_secn,25.5691223144531,baseICC2023_2024.xlsx,
103,Desamparados,San José,2023,cobert_secn,35.5296478271484,baseICC2023_2024.xlsx,
104,Puriscal,San José,2023,cobert_secn,57.7163887023926,baseICC2023_2024.xlsx,
105,Tarrazú,San José,2023,cobert_secn,13.8955783843994,baseICC2023_2024.xlsx,
106,Aserrí,San José,2023,cobert_secn,25.8310585021973,baseICC2023_2024.xlsx,
107,Mora,San José,2023,cobert_secn,26.8210105895996,baseICC2023_2024.xlsx,
108,Goicoechea,San José,2023,cobert_secn,22.5974102020264,baseICC2023_2024.xlsx,
109,Santa Ana,San José,2023,cobert_secn,22.0296154022217,baseICC2023_2024.xlsx,
110,Alajuelita,San José,2023,cobert_secn,17.1142768859863,baseICC2023_2024.xlsx,
111,Vázquez de Coronado,San José,2023,cobert_secn,14.6355199813843,baseICC2023_2024.xlsx,
112,Acosta,San José,2023,cobert_secn,59.2757530212402,baseICC2023_2024.xlsx,
113,Tibás,San José,2023,cobert_secn,5.29028081893921,baseICC2023_2024.xlsx,
114,Moravia,San José,2023,cobert_secn,58.5235137939453,baseICC2023_2024.xlsx,
115,Montes de Oca,San José,2023,cobert_secn,33.5963363647461,baseICC2023_2024.xlsx,
116,Turrubares,San José,2023,cobert_secn,42.5538673400879,baseICC2023_2024.xlsx,
117,Dota,San José,2023,cobert_secn,57.4306945800781,baseICC2023_2024.xlsx,
118,Curridabat,San José,2023,cobert_secn,25.6598510742188,baseICC2023_2024.xlsx,
119,Pérez Zeledón,San José,2023,cobert_secn,55.6619033813477,baseICC2023_2024.xlsx,
120,León Cortés Castro,San José,2023,cobert_secn,33.2146682739258,baseICC2023_2024.xlsx,
201,Alajuela,Alajuela,2023,cobert_secn,33.8445739746094,baseICC2023_2024.xlsx,
202,San Ramón,Alajuela,2023,cobert_secn,34.3818206787109,baseICC2023_2024.xlsx,
203,Grecia,Alajuela,2023,cobert_secn,30.4110164642334,baseICC2023_2024.xlsx,
204,San Mateo,Alajuela,2023,cobert_secn,100.0,baseICC2023_2024.xlsx,
205,Atenas,Alajuela,2023,cobert_secn,53.944206237793,baseICC2023_2024.xlsx,
206,Naranjo,Alajuela,2023,cobert_secn,35.0312271118164,baseICC2023_2024.xlsx,
207,Palmares,Alajuela,2023,cobert_secn,42.955940246582,baseICC2023_2024.xlsx,
208,Poás,Alajuela,2023,cobert_secn,32.0313835144043,baseICC2023_2024.xlsx,
209,Orotina,Alajuela,2023,cobert_secn,43.8980865478516,baseICC2023_2024.xlsx,
210,San Carlos,Alajuela,2023,cobert_secn,32.1346282958984,baseICC2023_2024.xlsx,
211,Zarcero,Alajuela,2023,cobert_secn,39.6716613769531,baseICC2023_2024.xlsx,
212,Sarchí,Alajuela,2023,cobert_secn,28.3647155761719,baseICC2023_2024.xlsx,
213,Upala,Alajuela,2023,cobert_secn,22.6413326263428,baseICC2023_2024.xlsx,
214,Los Chiles,Alajuela,2023,cobert_secn,14.2684888839722,baseICC2023_2024.xlsx,
215,Guatuso,Alajuela,2023,cobert_secn,22.8392143249512,baseICC2023_2024.xlsx,
301,Cartago,Cartago,2023,cobert_secn,61.8079109191895,baseICC2023_2024.xlsx,
302,Paraíso,Cartago,2023,cobert_secn,40.531436920166,baseICC2023_2024.xlsx,
303,La Unión,Cartago,2023,cobert_secn,18.8497829437256,baseICC2023_2024.xlsx,
304,Jiménez,Cartago,2023,cobert_secn,38.6359214782715,baseICC2023_2024.xlsx,
305,Turrialba,Cartago,2023,cobert_secn,41.5018157958984,baseICC2023_2024.xlsx,
306,Alvarado,Cartago,2023,cobert_secn,58.1781806945801,baseICC2023_2024.xlsx,
307,Oreamuno,Cartago,2023,cobert_secn,14.7936983108521,baseICC2023_2024.xlsx,
308,El Guarco,Cartago,2023,cobert_secn,13.8437662124634,baseICC2023_2024.xlsx,
401,Heredia,Heredia,2023,cobert_secn,45.2420997619629,baseICC2023_2024.xlsx,
402,Barva,Heredia,2023,cobert_secn,23.9606628417969,baseICC2023_2024.xlsx,
403,Santo Domingo,Heredia,2023,cobert_secn,69.7246780395508,baseICC2023_2024.xlsx,
404,Santa Bárbara,Heredia,2023,cobert_secn,13.7591733932495,baseICC2023_2024.xlsx,
405,San Rafael,Heredia,2023,cobert_secn,5.45448017419403e-07,baseICC2023_2024.xlsx,
406,San Isidro,Heredia,2023,cobert_secn,51.6902046203613,baseICC2023_2024.xlsx,
407,Belén,Heredia,2023,cobert_secn,60.7447738647461,baseICC2023_2024.xlsx,
408,Flores,Heredia,2023,cobert_secn,36.6666030883789,baseICC2023_2024.xlsx,
409,San Pablo,Heredia,2023,cobert_secn,11.5945596694946,baseICC2023_2024.xlsx,
410,Sarapiquí,Heredia,2023,cobert_secn,16.9295959472656,baseICC2023_2024.xlsx,
501,Liberia,Guanacaste,2023,cobert_secn,38.9434814453125,baseICC2023_2024.xlsx,
502,Nicoya,Guanacaste,2023,cobert_secn,53.0970573425293,baseICC2023_2024.xlsx,
503,Santa Cruz,Guanacaste,2023,cobert_secn,44.7573165893555,baseICC2023_2024.xlsx,
504,Bagaces,Guanacaste,2023,cobert_secn,29.8465785980225,baseICC2023_2024.xlsx,
505,Carrillo,Guanacaste,2023,cobert_secn,26.1480693817139,baseICC2023_2024.xlsx,
506,Cañas,Guanacaste,2023,cobert_secn,23.0249004364014,baseICC2023_2024.xlsx,
507,Abangares,Guanacaste,2023,cobert_secn,30.3520469665527,baseICC2023_2024.xlsx,
508,Tilarán,Guanacaste,2023,cobert_secn,35.9325065612793,baseICC2023_2024.xlsx,
509,Nandayure,Guanacaste,2023,cobert_secn,41.2477569580078,baseICC2023_2024.xlsx,
510,La Cruz,Guanacaste,2023,cobert_secn,18.2591667175293,baseICC2023_2024.xlsx,
511,Hojancha,Guanacaste,2023,cobert_secn,42.6943054199219,baseICC2023_2024.xlsx,
601,Puntarenas,Puntarenas,2023,cobert_secn,31.2269306182861,baseICC2023_2024.xlsx,
602,Esparza,Puntarenas,2023,cobert_secn,29.0604648590088,baseICC2023_2024.xlsx,
603,Buenos Aires,Puntarenas,2023,cobert_secn,24.0198173522949,baseICC2023_2024.xlsx,
604,Montes de Oro,Puntarenas,2023,cobert_secn,35.7839965820313,baseICC2023_2024.xlsx,
605,Osa,Puntarenas,2023,cobert_secn,58.1665878295898,baseICC2023_2024.xlsx,
606,Quepos,Puntarenas,2023,cobert_secn,44.1555519104004,baseICC2023_2024.xlsx,
607,Golfito,Puntarenas,2023,cobert_secn,35.0729370117188,baseICC2023_2024.xlsx,
608,Coto Brus,Puntarenas,2023,cobert_secn,29.3764553070068,baseICC2023_2024.xlsx,
609,Parrita,Puntarenas,2023,cobert_secn,62.6977806091309,baseICC2023_2024.xlsx,
610,Corredores,Puntarenas,2023,cobert_secn,33.4008255004883,baseICC2023_2024.xlsx,
611,Garabito,Puntarenas,2023,cobert_secn,30.3721466064453,baseICC2023_2024.xlsx,
701,Limón,Limón,2023,cobert_secn,43.2004928588867,baseICC2023_2024.xlsx,
702,Pococí,Limón,2023,cobert_secn,30.9507942199707,baseICC2023_2024.xlsx,
703,Siquirres,Limón,2023,cobert_secn,26.9029350280762,baseICC2023_2024.xlsx,
704,Talamanca,Limón,2023,cobert_secn,20.3311443328857,baseICC2023_2024.xlsx,
705,Matina,Limón,2023,cobert_secn,22.6783885955811,baseICC2023_2024.xlsx,
706,Guácimo,Limón,2023,cobert_secn,15.5706615447998,baseICC2023_2024.xlsx,
101,San José,San José,2024,cobert_secn,38.4770698547363,baseICC2023_2024.xlsx,
102,Escazú,San José,2024,cobert_secn,28.782112121582,baseICC2023_2024.xlsx,
103,Desamparados,San José,2024,cobert_secn,38.8749961853027,baseICC2023_2024.xlsx,
104,Puriscal,San José,2024,cobert_secn,59.9681663513184,baseICC2023_2024.xlsx,
105,Tarrazú,San José,2024,cobert_secn,20.0358791351318,baseICC2023_2024.xlsx,
106,Aserrí,San José,2024,cobert_secn,29.4915256500244,baseICC2023_2024.xlsx,
107,Mora,San José,2024,cobert_secn,32.9626312255859,baseICC2023_2024.xlsx,
108,Goicoechea,San José,2024,cobert_secn,24.0088787078857,baseICC2023_2024.xlsx,
109,Santa Ana,San José,2024,cobert_secn,23.9754333496094,baseICC2023_2024.xlsx,
110,Alajuelita,San José,2024,cobert_secn,18.2000675201416,baseICC2023_2024.xlsx,
111,Vázquez de Coronado,San José,2024,cobert_secn,17.3262500762939,baseICC2023_2024.xlsx,
112,Acosta,San José,2024,cobert_secn,57.6616897583008,baseICC2023_2024.xlsx,
113,Tibás,San José,2024,cobert_secn,6.589430809021,baseICC2023_2024.xlsx,
114,Moravia,San José,2024,cobert_secn,61.0390968322754,baseICC2023_2024.xlsx,
115,Montes de Oca,San José,2024,cobert_secn,34.376392364502,baseICC2023_2024.xlsx,
116,Turrubares,San José,2024,cobert_secn,46.3345909118652,baseICC2023_2024.xlsx,
117,Dota,San José,2024,cobert_secn,63.6542091369629,baseICC2023_2024.xlsx,
118,Curridabat,San José,2024,cobert_secn,27.9775199890137,baseICC2023_2024.xlsx,
119,Pérez Zeledón,San José,2024,cobert_secn,67.6097717285156,baseICC2023_2024.xlsx,
120,León Cortés Castro,San José,2024,cobert_secn,41.3980674743652,baseICC2023_2024.xlsx,
201,Alajuela,Alajuela,2024,cobert_secn,37.1524047851563,baseICC2023_2024.xlsx,
202,San Ramón,Alajuela,2024,cobert_secn,39.2305603027344,baseICC2023_2024.xlsx,
203,Grecia,Alajuela,2024,cobert_secn,34.6088562011719,baseICC2023_2024.xlsx,
204,San Mateo,Alajuela,2024,cobert_secn,100.0,baseICC2023_2024.xlsx,
205,Atenas,Alajuela,2024,cobert_secn,58.0568962097168,baseICC2023_2024.xlsx,
206,Naranjo,Alajuela,2024,cobert_secn,35.7676429748535,baseICC2023_2024.xlsx,
207,Palmares,Alajuela,2024,cobert_secn,45.5317039489746,baseICC2023_2024.xlsx,
208,Poás,Alajuela,2024,cobert_secn,33.1285018920898,baseICC2023_2024.xlsx,
209,Orotina,Alajuela,2024,cobert_secn,46.9100952148438,baseICC2023_2024.xlsx,
210,San Carlos,Alajuela,2024,cobert_secn,36.4650802612305,baseICC2023_2024.xlsx,
211,Zarcero,Alajuela,2024,cobert_secn,45.2857971191406,baseICC2023_2024.xlsx,
212,Sarchí,Alajuela,2024,cobert_secn,28.7815990447998,baseICC2023_2024.xlsx,
213,Upala,Alajuela,2024,cobert_secn,33.7161331176758,baseICC2023_2024.xlsx,
214,Los Chiles,Alajuela,2024,cobert_secn,20.6584320068359,baseICC2023_2024.xlsx,
215,Guatuso,Alajuela,2024,cobert_secn,30.824800491333,baseICC2023_2024.xlsx,
216,Río Cuarto,Alajuela,2024,cobert_secn,16.6808261871338,baseICC2023_2024.xlsx,
301,Cartago,Cartago,2024,cobert_secn,66.0644683837891,baseICC2023_2024.xlsx,
302,Paraíso,Cartago,2024,cobert_secn,42.1731567382813,baseICC2023_2024.xlsx,
303,La Unión,Cartago,2024,cobert_secn,22.8717498779297,baseICC2023_2024.xlsx,
304,Jiménez,Cartago,2024,cobert_secn,43.6235694885254,baseICC2023_2024.xlsx,
305,Turrialba,Cartago,2024,cobert_secn,49.672176361084,baseICC2023_2024.xlsx,
306,Alvarado,Cartago,2024,cobert_secn,62.1879920959473,baseICC2023_2024.xlsx,
307,Oreamuno,Cartago,2024,cobert_secn,16.3276672363281,baseICC2023_2024.xlsx,
308,El Guarco,Cartago,2024,cobert_secn,15.4580354690552,baseICC2023_2024.xlsx,
401,Heredia,Heredia,2024,cobert_secn,49.0976676940918,baseICC2023_2024.xlsx,
402,Barva,Heredia,2024,cobert_secn,25.8025760650635,baseICC2023_2024.xlsx,
403,Santo Domingo,Heredia,2024,cobert_secn,76.163330078125,baseICC2023_2024.xlsx,
404,Santa Bárbara,Heredia,2024,cobert_secn,16.3426170349121,baseICC2023_2024.xlsx,
405,San Rafael,Heredia,2024,cobert_secn,6.36184608993062e-07,baseICC2023_2024.xlsx,
406,San Isidro,Heredia,2024,cobert_secn,54.3724250793457,baseICC2023_2024.xlsx,
407,Belén,Heredia,2024,cobert_secn,66.36669921875,baseICC2023_2024.xlsx,
408,Flores,Heredia,2024,cobert_secn,42.3701019287109,baseICC2023_2024.xlsx,
409,San Pablo,Heredia,2024,cobert_secn,13.6107416152954,baseICC2023_2024.xlsx,
410,Sarapiquí,Heredia,2024,cobert_secn,20.2000637054443,baseICC2023_2024.xlsx,
501,Liberia,Guanacaste,2024,cobert_secn,44.0090942382813,baseICC2023_2024.xlsx,
502,Nicoya,Guanacaste,2024,cobert_secn,61.8812561035156,baseICC2023_2024.xlsx,
503,Santa Cruz,Guanacaste,2024,cobert_secn,57.5482597351074,baseICC2023_2024.xlsx,
504,Bagaces,Guanacaste,2024,cobert_secn,39.2788314819336,baseICC2023_2024.xlsx,
505,Carrillo,Guanacaste,2024,cobert_secn,31.6638202667236,baseICC2023_2024.xlsx,
506,Cañas,Guanacaste,2024,cobert_secn,29.0043926239014,baseICC2023_2024.xlsx,
507,Abangares,Guanacaste,2024,cobert_secn,40.7583694458008,baseICC2023_2024.xlsx,
508,Tilarán,Guanacaste,2024,cobert_secn,35.6158180236816,baseICC2023_2024.xlsx,
509,Nandayure,Guanacaste,2024,cobert_secn,52.1488952636719,baseICC2023_2024.xlsx,
510,La Cruz,Guanacaste,2024,cobert_secn,27.8729877471924,baseICC2023_2024.xlsx,
511,Hojancha,Guanacaste,2024,cobert_secn,61.1535949707031,baseICC2023_2024.xlsx,
601,Puntarenas,Puntarenas,2024,cobert_secn,35.4264907836914,baseICC2023_2024.xlsx,
602,Esparza,Puntarenas,2024,cobert_secn,40.0591316223145,baseICC2023_2024.xlsx,
603,Buenos Aires,Puntarenas,2024,cobert_secn,32.3315124511719,baseICC2023_2024.xlsx,
604,Montes de Oro,Puntarenas,2024,cobert_secn,42.8930358886719,baseICC2023_2024.xlsx,
605,Osa,Puntarenas,2024,cobert_secn,74.9634246826172,baseICC2023_2024.xlsx,
606,Quepos,Puntarenas,2024,cobert_secn,48.3215560913086,baseICC2023_2024.xlsx,
607,Golfito,Puntarenas,2024,cobert_secn,44.2770805358887,baseICC2023_2024.xlsx,
608,Coto Brus,Puntarenas,2024,cobert_secn,52.7940864562988,baseICC2023_2024.xlsx,
609,Parrita,Puntarenas,2024,cobert_secn,60.0591888427734,baseICC2023_2024.xlsx,
610,Corredores,Puntarenas,2024,cobert_secn,44.1150627136231,baseICC2023_2024.xlsx,
611,Garabito,Puntarenas,2024,cobert_secn,31.8707408905029,baseICC2023_2024.xlsx,
701,Limón,Limón,2024,cobert_secn,56.8361701965332,baseICC2023_2024.xlsx,
702,Pococí,Limón,2024,cobert_secn,37.1982231140137,baseICC2023_2024.xlsx,
703,Siquirres,Limón,2024,cobert_secn,40.7651863098145,baseICC2023_2024.xlsx,
704,Talamanca,Limón,2024,cobert_secn,27.7093563079834,baseICC2023_2024.xlsx,
705,Matina,Limón,2024,cobert_secn,30.4896945953369,baseICC2023_2024.xlsx,
706,Guácimo,Limón,2024,cobert_secn,18.8065452575684,baseICC2023_2024.xlsx,
101,San José,San José,2023,ln_matr_tercn,89.8271179199219,baseICC2023_2024.xlsx,
102,Escazú,San José,2023,ln_matr_tercn,50.5017471313477,baseICC2023_2024.xlsx,
103,Desamparados,San José,2023,ln_matr_tercn,80.6718673706055,baseICC2023_2024.xlsx,
104,Puriscal,San José,2023,ln_matr_tercn,52.0222663879395,baseICC2023_2024.xlsx,
105,Tarrazú,San José,2023,ln_matr_tercn,35.6425819396973,baseICC2023_2024.xlsx,
106,Aserrí,San José,2023,ln_matr_tercn,50.2292022705078,baseICC2023_2024.xlsx,
107,Mora,San José,2023,ln_matr_tercn,35.358585357666,baseICC2023_2024.xlsx,
108,Goicoechea,San José,2023,ln_matr_tercn,67.2619094848633,baseICC2023_2024.xlsx,
109,Santa Ana,San José,2023,ln_matr_tercn,43.9325408935547,baseICC2023_2024.xlsx,
110,Alajuelita,San José,2023,ln_matr_tercn,46.3595504760742,baseICC2023_2024.xlsx,
111,Vázquez de Coronado,San José,2023,ln_matr_tercn,55.9220733642578,baseICC2023_2024.xlsx,
112,Acosta,San José,2023,ln_matr_tercn,36.0278282165527,baseICC2023_2024.xlsx,
113,Tibás,San José,2023,ln_matr_tercn,49.0464515686035,baseICC2023_2024.xlsx,
114,Moravia,San José,2023,ln_matr_tercn,68.3301162719727,baseICC2023_2024.xlsx,
115,Montes de Oca,San José,2023,ln_matr_tercn,65.1054229736328,baseICC2023_2024.xlsx,
116,Turrubares,San José,2023,ln_matr_tercn,4.88836485601496e-06,baseICC2023_2024.xlsx,
117,Dota,San José,2023,ln_matr_tercn,8.17578315734863,baseICC2023_2024.xlsx,
118,Curridabat,San José,2023,ln_matr_tercn,54.7762222290039,baseICC2023_2024.xlsx,
119,Pérez Zeledón,San José,2023,ln_matr_tercn,87.422607421875,baseICC2023_2024.xlsx,
120,León Cortés Castro,San José,2023,ln_matr_tercn,29.3688182830811,baseICC2023_2024.xlsx,
201,Alajuela,Alajuela,2023,ln_matr_tercn,99.9999847412109,baseICC2023_2024.xlsx,
202,San Ramón,Alajuela,2023,ln_matr_tercn,77.3139343261719,baseICC2023_2024.xlsx,
203,Grecia,Alajuela,2023,ln_matr_tercn,68.5271224975586,baseICC2023_2024.xlsx,
204,San Mateo,Alajuela,2023,ln_matr_tercn,7.52461862564087,baseICC2023_2024.xlsx,
205,Atenas,Alajuela,2023,ln_matr_tercn,46.3824310302734,baseICC2023_2024.xlsx,
206,Naranjo,Alajuela,2023,ln_matr_tercn,56.1234245300293,baseICC2023_2024.xlsx,
207,Palmares,Alajuela,2023,ln_matr_tercn,56.4452667236328,baseICC2023_2024.xlsx,
208,Poás,Alajuela,2023,ln_matr_tercn,42.3424072265625,baseICC2023_2024.xlsx,
209,Orotina,Alajuela,2023,ln_matr_tercn,32.1208572387695,baseICC2023_2024.xlsx,
210,San Carlos,Alajuela,2023,ln_matr_tercn,87.9268341064453,baseICC2023_2024.xlsx,
211,Zarcero,Alajuela,2023,ln_matr_tercn,30.6538734436035,baseICC2023_2024.xlsx,
212,Sarchí,Alajuela,2023,ln_matr_tercn,28.9560432434082,baseICC2023_2024.xlsx,
213,Upala,Alajuela,2023,ln_matr_tercn,62.9193305969238,baseICC2023_2024.xlsx,
214,Los Chiles,Alajuela,2023,ln_matr_tercn,37.6420631408691,baseICC2023_2024.xlsx,
215,Guatuso,Alajuela,2023,ln_matr_tercn,29.4596157073975,baseICC2023_2024.xlsx,
301,Cartago,Cartago,2023,ln_matr_tercn,89.5450210571289,baseICC2023_2024.xlsx,
302,Paraíso,Cartago,2023,ln_matr_tercn,53.4890670776367,baseICC2023_2024.xlsx,
303,La Unión,Cartago,2023,ln_matr_tercn,66.1352157592773,baseICC2023_2024.xlsx,
304,Jiménez,Cartago,2023,ln_matr_tercn,34.1513786315918,baseICC2023_2024.xlsx,
305,Turrialba,Cartago,2023,ln_matr_tercn,73.5041732788086,baseICC2023_2024.xlsx,
306,Alvarado,Cartago,2023,ln_matr_tercn,19.222484588623,baseICC2023_2024.xlsx,
307,Oreamuno,Cartago,2023,ln_matr_tercn,47.1701278686523,baseICC2023_2024.xlsx,
308,El Guarco,Cartago,2023,ln_matr_tercn,45.3313713073731,baseICC2023_2024.xlsx,
401,Heredia,Heredia,2023,ln_matr_tercn,81.7955932617188,baseICC2023_2024.xlsx,
402,Barva,Heredia,2023,ln_matr_tercn,48.6323356628418,baseICC2023_2024.xlsx,
403,Santo Domingo,Heredia,2023,ln_matr_tercn,59.1812744140625,baseICC2023_2024.xlsx,
404,Santa Bárbara,Heredia,2023,ln_matr_tercn,47.302677154541,baseICC2023_2024.xlsx,
405,San Rafael,Heredia,2023,ln_matr_tercn,51.7476425170898,baseICC2023_2024.xlsx,
406,San Isidro,Heredia,2023,ln_matr_tercn,35.358585357666,baseICC2023_2024.xlsx,
407,Belén,Heredia,2023,ln_matr_tercn,34.3752975463867,baseICC2023_2024.xlsx,
408,Flores,Heredia,2023,ln_matr_tercn,30.2621574401855,baseICC2023_2024.xlsx,
409,San Pablo,Heredia,2023,ln_matr_tercn,38.5999755859375,baseICC2023_2024.xlsx,
410,Sarapiquí,Heredia,2023,ln_matr_tercn,58.4760589599609,baseICC2023_2024.xlsx,
501,Liberia,Guanacaste,2023,ln_matr_tercn,71.8369064331055,baseICC2023_2024.xlsx,
502,Nicoya,Guanacaste,2023,ln_matr_tercn,56.6121864318848,baseICC2023_2024.xlsx,
503,Santa Cruz,Guanacaste,2023,ln_matr_tercn,52.7753639221191,baseICC2023_2024.xlsx,
504,Bagaces,Guanacaste,2023,ln_matr_tercn,28.34739112854,baseICC2023_2024.xlsx,
505,Carrillo,Guanacaste,2023,ln_matr_tercn,26.064868927002,baseICC2023_2024.xlsx,
506,Cañas,Guanacaste,2023,ln_matr_tercn,51.0000686645508,baseICC2023_2024.xlsx,
507,Abangares,Guanacaste,2023,ln_matr_tercn,17.6667060852051,baseICC2023_2024.xlsx,
508,Tilarán,Guanacaste,2023,ln_matr_tercn,40.4403266906738,baseICC2023_2024.xlsx,
509,Nandayure,Guanacaste,2023,ln_matr_tercn,11.7593145370483,baseICC2023_2024.xlsx,
510,La Cruz,Guanacaste,2023,ln_matr_tercn,36.6116561889648,baseICC2023_2024.xlsx,
511,Hojancha,Guanacaste,2023,ln_matr_tercn,6.28439807891846,baseICC2023_2024.xlsx,
601,Puntarenas,Puntarenas,2023,ln_matr_tercn,73.4123077392578,baseICC2023_2024.xlsx,
602,Esparza,Puntarenas,2023,ln_matr_tercn,54.4647827148438,baseICC2023_2024.xlsx,
603,Buenos Aires,Puntarenas,2023,ln_matr_tercn,61.8045463562012,baseICC2023_2024.xlsx,
604,Montes de Oro,Puntarenas,2023,ln_matr_tercn,31.5027675628662,baseICC2023_2024.xlsx,
605,Osa,Puntarenas,2023,ln_matr_tercn,31.8343372344971,baseICC2023_2024.xlsx,
606,Quepos,Puntarenas,2023,ln_matr_tercn,24.0627174377441,baseICC2023_2024.xlsx,
607,Golfito,Puntarenas,2023,ln_matr_tercn,41.7428817749023,baseICC2023_2024.xlsx,
608,Coto Brus,Puntarenas,2023,ln_matr_tercn,54.547119140625,baseICC2023_2024.xlsx,
609,Parrita,Puntarenas,2023,ln_matr_tercn,10.7183532714844,baseICC2023_2024.xlsx,
610,Corredores,Puntarenas,2023,ln_matr_tercn,54.9385719299316,baseICC2023_2024.xlsx,
611,Garabito,Puntarenas,2023,ln_matr_tercn,9.12148571014404,baseICC2023_2024.xlsx,
701,Limón,Limón,2023,ln_matr_tercn,62.8724021911621,baseICC2023_2024.xlsx,
702,Pococí,Limón,2023,ln_matr_tercn,78.5594787597656,baseICC2023_2024.xlsx,
703,Siquirres,Limón,2023,ln_matr_tercn,48.1686553955078,baseICC2023_2024.xlsx,
704,Talamanca,Limón,2023,ln_matr_tercn,46.4509353637695,baseICC2023_2024.xlsx,
705,Matina,Limón,2023,ln_matr_tercn,36.8481101989746,baseICC2023_2024.xlsx,
706,Guácimo,Limón,2023,ln_matr_tercn,43.293155670166,baseICC2023_2024.xlsx,
101,San José,San José,2024,ln_matr_tercn,93.9214172363281,baseICC2023_2024.xlsx,
102,Escazú,San José,2024,ln_matr_tercn,53.1775588989258,baseICC2023_2024.xlsx,
103,Desamparados,San José,2024,ln_matr_tercn,80.9547805786133,baseICC2023_2024.xlsx,
104,Puriscal,San José,2024,ln_matr_tercn,53.2694816589356,baseICC2023_2024.xlsx,
105,Tarrazú,San José,2024,ln_matr_tercn,39.4675331115723,baseICC2023_2024.xlsx,
106,Aserrí,San José,2024,ln_matr_tercn,52.9182739257813,baseICC2023_2024.xlsx,
107,Mora,San José,2024,ln_matr_tercn,38.1897239685059,baseICC2023_2024.xlsx,
108,Goicoechea,San José,2024,ln_matr_tercn,68.9030990600586,baseICC2023_2024.xlsx,
109,Santa Ana,San José,2024,ln_matr_tercn,45.3300819396973,baseICC2023_2024.xlsx,
110,Alajuelita,San José,2024,ln_matr_tercn,48.2425270080566,baseICC2023_2024.xlsx,
111,Vázquez de Coronado,San José,2024,ln_matr_tercn,57.0457572937012,baseICC2023_2024.xlsx,
112,Acosta,San José,2024,ln_matr_tercn,38.6006927490234,baseICC2023_2024.xlsx,
113,Tibás,San José,2024,ln_matr_tercn,51.6956672668457,baseICC2023_2024.xlsx,
114,Moravia,San José,2024,ln_matr_tercn,69.8460006713867,baseICC2023_2024.xlsx,
115,Montes de Oca,San José,2024,ln_matr_tercn,66.3843688964844,baseICC2023_2024.xlsx,
116,Turrubares,San José,2024,ln_matr_tercn,0.0,baseICC2023_2024.xlsx,
117,Dota,San José,2024,ln_matr_tercn,8.43284893035889,baseICC2023_2024.xlsx,
118,Curridabat,San José,2024,ln_matr_tercn,56.9201393127441,baseICC2023_2024.xlsx,
119,Pérez Zeledón,San José,2024,ln_matr_tercn,87.7500228881836,baseICC2023_2024.xlsx,
120,León Cortés Castro,San José,2024,ln_matr_tercn,31.8114452362061,baseICC2023_2024.xlsx,
201,Alajuela,Alajuela,2024,ln_matr_tercn,99.9999923706055,baseICC2023_2024.xlsx,
202,San Ramón,Alajuela,2024,ln_matr_tercn,77.4797515869141,baseICC2023_2024.xlsx,
203,Grecia,Alajuela,2024,ln_matr_tercn,68.2465896606445,baseICC2023_2024.xlsx,
204,San Mateo,Alajuela,2024,ln_matr_tercn,11.2670078277588,baseICC2023_2024.xlsx,
205,Atenas,Alajuela,2024,ln_matr_tercn,48.4230995178223,baseICC2023_2024.xlsx,
206,Naranjo,Alajuela,2024,ln_matr_tercn,56.9201393127441,baseICC2023_2024.xlsx,
207,Palmares,Alajuela,2024,ln_matr_tercn,58.2519111633301,baseICC2023_2024.xlsx,
208,Poás,Alajuela,2024,ln_matr_tercn,45.1759719848633,baseICC2023_2024.xlsx,
209,Orotina,Alajuela,2024,ln_matr_tercn,34.6589584350586,baseICC2023_2024.xlsx,
210,San Carlos,Alajuela,2024,ln_matr_tercn,89.1220169067383,baseICC2023_2024.xlsx,
211,Zarcero,Alajuela,2024,ln_matr_tercn,32.870979309082,baseICC2023_2024.xlsx,
212,Sarchí,Alajuela,2024,ln_matr_tercn,26.5265312194824,baseICC2023_2024.xlsx,
213,Upala,Alajuela,2024,ln_matr_tercn,64.3872528076172,baseICC2023_2024.xlsx,
214,Los Chiles,Alajuela,2024,ln_matr_tercn,39.6631736755371,baseICC2023_2024.xlsx,
215,Guatuso,Alajuela,2024,ln_matr_tercn,31.7209873199463,baseICC2023_2024.xlsx,
216,Río Cuarto,Alajuela,2024,ln_matr_tercn,6.81414842605591,baseICC2023_2024.xlsx,
301,Cartago,Cartago,2024,ln_matr_tercn,89.3775100708008,baseICC2023_2024.xlsx,
302,Paraíso,Cartago,2024,ln_matr_tercn,55.1222305297852,baseICC2023_2024.xlsx,
303,La Unión,Cartago,2024,ln_matr_tercn,61.4514465332031,baseICC2023_2024.xlsx,
304,Jiménez,Cartago,2024,ln_matr_tercn,37.1301918029785,baseICC2023_2024.xlsx,
305,Turrialba,Cartago,2024,ln_matr_tercn,75.5569305419922,baseICC2023_2024.xlsx,
306,Alvarado,Cartago,2024,ln_matr_tercn,23.076602935791,baseICC2023_2024.xlsx,
307,Oreamuno,Cartago,2024,ln_matr_tercn,48.2651710510254,baseICC2023_2024.xlsx,
308,El Guarco,Cartago,2024,ln_matr_tercn,48.3329849243164,baseICC2023_2024.xlsx,
401,Heredia,Heredia,2024,ln_matr_tercn,81.5615539550781,baseICC2023_2024.xlsx,
402,Barva,Heredia,2024,ln_matr_tercn,51.1805000305176,baseICC2023_2024.xlsx,
403,Santo Domingo,Heredia,2024,ln_matr_tercn,59.1718673706055,baseICC2023_2024.xlsx,
404,Santa Bárbara,Heredia,2024,ln_matr_tercn,47.5295906066895,baseICC2023_2024.xlsx,
405,San Rafael,Heredia,2024,ln_matr_tercn,52.6561317443848,baseICC2023_2024.xlsx,
406,San Isidro,Heredia,2024,ln_matr_tercn,37.1662788391113,baseICC2023_2024.xlsx,
407,Belén,Heredia,2024,ln_matr_tercn,35.174129486084,baseICC2023_2024.xlsx,
408,Flores,Heredia,2024,ln_matr_tercn,32.0360984802246,baseICC2023_2024.xlsx,
409,San Pablo,Heredia,2024,ln_matr_tercn,41.2946624755859,baseICC2023_2024.xlsx,
410,Sarapiquí,Heredia,2024,ln_matr_tercn,50.8781433105469,baseICC2023_2024.xlsx,
501,Liberia,Guanacaste,2024,ln_matr_tercn,70.0737457275391,baseICC2023_2024.xlsx,
502,Nicoya,Guanacaste,2024,ln_matr_tercn,56.9830284118652,baseICC2023_2024.xlsx,
503,Santa Cruz,Guanacaste,2024,ln_matr_tercn,53.5249938964844,baseICC2023_2024.xlsx,
504,Bagaces,Guanacaste,2024,ln_matr_tercn,33.2989158630371,baseICC2023_2024.xlsx,
505,Carrillo,Guanacaste,2024,ln_matr_tercn,29.5892810821533,baseICC2023_2024.xlsx,
506,Cañas,Guanacaste,2024,ln_matr_tercn,48.1744575500488,baseICC2023_2024.xlsx,
507,Abangares,Guanacaste,2024,ln_matr_tercn,21.8059635162354,baseICC2023_2024.xlsx,
508,Tilarán,Guanacaste,2024,ln_matr_tercn,42.3621063232422,baseICC2023_2024.xlsx,
509,Nandayure,Guanacaste,2024,ln_matr_tercn,16.5215377807617,baseICC2023_2024.xlsx,
510,La Cruz,Guanacaste,2024,ln_matr_tercn,39.9536590576172,baseICC2023_2024.xlsx,
511,Hojancha,Guanacaste,2024,ln_matr_tercn,10.616907119751,baseICC2023_2024.xlsx,
601,Puntarenas,Puntarenas,2024,ln_matr_tercn,72.9405288696289,baseICC2023_2024.xlsx,
602,Esparza,Puntarenas,2024,ln_matr_tercn,55.3923263549805,baseICC2023_2024.xlsx,
603,Buenos Aires,Puntarenas,2024,ln_matr_tercn,63.828311920166,baseICC2023_2024.xlsx,
604,Montes de Oro,Puntarenas,2024,ln_matr_tercn,33.3412895202637,baseICC2023_2024.xlsx,
605,Osa,Puntarenas,2024,ln_matr_tercn,34.2549591064453,baseICC2023_2024.xlsx,
606,Quepos,Puntarenas,2024,ln_matr_tercn,25.7825050354004,baseICC2023_2024.xlsx,
607,Golfito,Puntarenas,2024,ln_matr_tercn,44.9689292907715,baseICC2023_2024.xlsx,
608,Coto Brus,Puntarenas,2024,ln_matr_tercn,56.7463340759277,baseICC2023_2024.xlsx,
609,Parrita,Puntarenas,2024,ln_matr_tercn,16.7773761749268,baseICC2023_2024.xlsx,
610,Corredores,Puntarenas,2024,ln_matr_tercn,57.170711517334,baseICC2023_2024.xlsx,
611,Garabito,Puntarenas,2024,ln_matr_tercn,4.08711528778076,baseICC2023_2024.xlsx,
701,Limón,Limón,2024,ln_matr_tercn,66.0539779663086,baseICC2023_2024.xlsx,
702,Pococí,Limón,2024,ln_matr_tercn,80.718132019043,baseICC2023_2024.xlsx,
703,Siquirres,Limón,2024,ln_matr_tercn,51.4196510314941,baseICC2023_2024.xlsx,
704,Talamanca,Limón,2024,ln_matr_tercn,53.2327537536621,baseICC2023_2024.xlsx,
705,Matina,Limón,2024,ln_matr_tercn,40.6803131103516,baseICC2023_2024.xlsx,
706,Guácimo,Limón,2024,ln_matr_tercn,47.9919815063477,baseICC2023_2024.xlsx,
101,San José,San José,2023,espec_servindn,53.8428192138672,baseICC2023_2024.xlsx,
102,Escazú,San José,2023,espec_servindn,65.7307891845703,baseICC2023_2024.xlsx,
103,Desamparados,San José,2023,espec_servindn,96.1210403442383,baseICC2023_2024.xlsx,
104,Puriscal,San José,2023,espec_servindn,100.0,baseICC2023_2024.xlsx,
105,Tarrazú,San José,2023,espec_servindn,21.4631404876709,baseICC2023_2024.xlsx,
106,Aserrí,San José,2023,espec_servindn,64.849983215332,baseICC2023_2024.xlsx,
107,Mora,San José,2023,espec_servindn,98.8878784179688,baseICC2023_2024.xlsx,
108,Goicoechea,San José,2023,espec_servindn,77.5914459228516,baseICC2023_2024.xlsx,
109,Santa Ana,San José,2023,espec_servindn,73.5219573974609,baseICC2023_2024.xlsx,
110,Alajuelita,San José,2023,espec_servindn,81.2355422973633,baseICC2023_2024.xlsx,
111,Vázquez de Coronado,San José,2023,espec_servindn,93.0396423339844,baseICC2023_2024.xlsx,
112,Acosta,San José,2023,espec_servindn,25.1079502105713,baseICC2023_2024.xlsx,
113,Tibás,San José,2023,espec_servindn,57.7607879638672,baseICC2023_2024.xlsx,
114,Moravia,San José,2023,espec_servindn,68.0364990234375,baseICC2023_2024.xlsx,
115,Montes de Oca,San José,2023,espec_servindn,93.9562911987305,baseICC2023_2024.xlsx,
116,Turrubares,San José,2023,espec_servindn,57.482780456543,baseICC2023_2024.xlsx,
117,Dota,San José,2023,espec_servindn,32.5812034606934,baseICC2023_2024.xlsx,
118,Curridabat,San José,2023,espec_servindn,78.7282867431641,baseICC2023_2024.xlsx,
119,Pérez Zeledón,San José,2023,espec_servindn,52.1117515563965,baseICC2023_2024.xlsx,
120,León Cortés Castro,San José,2023,espec_servindn,22.5523815155029,baseICC2023_2024.xlsx,
201,Alajuela,Alajuela,2023,espec_servindn,92.4126663208008,baseICC2023_2024.xlsx,
202,San Ramón,Alajuela,2023,espec_servindn,73.0374603271484,baseICC2023_2024.xlsx,
203,Grecia,Alajuela,2023,espec_servindn,67.3909301757813,baseICC2023_2024.xlsx,
204,San Mateo,Alajuela,2023,espec_servindn,87.7815399169922,baseICC2023_2024.xlsx,
205,Atenas,Alajuela,2023,espec_servindn,76.3160400390625,baseICC2023_2024.xlsx,
206,Naranjo,Alajuela,2023,espec_servindn,65.9794464111328,baseICC2023_2024.xlsx,
207,Palmares,Alajuela,2023,espec_servindn,80.2346878051758,baseICC2023_2024.xlsx,
208,Poás,Alajuela,2023,espec_servindn,72.5071640014648,baseICC2023_2024.xlsx,
209,Orotina,Alajuela,2023,espec_servindn,67.8099365234375,baseICC2023_2024.xlsx,
210,San Carlos,Alajuela,2023,espec_servindn,62.3129768371582,baseICC2023_2024.xlsx,
211,Zarcero,Alajuela,2023,espec_servindn,45.6581878662109,baseICC2023_2024.xlsx,
212,Sarchí,Alajuela,2023,espec_servindn,53.6079750061035,baseICC2023_2024.xlsx,
213,Upala,Alajuela,2023,espec_servindn,25.7491703033447,baseICC2023_2024.xlsx,
214,Los Chiles,Alajuela,2023,espec_servindn,7.78197813034058,baseICC2023_2024.xlsx,
215,Guatuso,Alajuela,2023,espec_servindn,45.0436363220215,baseICC2023_2024.xlsx,
301,Cartago,Cartago,2023,espec_servindn,86.8662033081055,baseICC2023_2024.xlsx,
302,Paraíso,Cartago,2023,espec_servindn,60.5922813415527,baseICC2023_2024.xlsx,
303,La Unión,Cartago,2023,espec_servindn,66.4343643188477,baseICC2023_2024.xlsx,
304,Jiménez,Cartago,2023,espec_servindn,28.1477756500244,baseICC2023_2024.xlsx,
305,Turrialba,Cartago,2023,espec_servindn,82.7954864501953,baseICC2023_2024.xlsx,
306,Alvarado,Cartago,2023,espec_servindn,32.1370887756348,baseICC2023_2024.xlsx,
307,Oreamuno,Cartago,2023,espec_servindn,53.0730895996094,baseICC2023_2024.xlsx,
308,El Guarco,Cartago,2023,espec_servindn,85.5571365356445,baseICC2023_2024.xlsx,
401,Heredia,Heredia,2023,espec_servindn,55.9381408691406,baseICC2023_2024.xlsx,
402,Barva,Heredia,2023,espec_servindn,84.95751953125,baseICC2023_2024.xlsx,
403,Santo Domingo,Heredia,2023,espec_servindn,81.4980621337891,baseICC2023_2024.xlsx,
404,Santa Bárbara,Heredia,2023,espec_servindn,72.8790893554688,baseICC2023_2024.xlsx,
405,San Rafael,Heredia,2023,espec_servindn,76.0267105102539,baseICC2023_2024.xlsx,
406,San Isidro,Heredia,2023,espec_servindn,80.7851715087891,baseICC2023_2024.xlsx,
407,Belén,Heredia,2023,espec_servindn,92.1551208496094,baseICC2023_2024.xlsx,
408,Flores,Heredia,2023,espec_servindn,43.945556640625,baseICC2023_2024.xlsx,
409,San Pablo,Heredia,2023,espec_servindn,40.0763359069824,baseICC2023_2024.xlsx,
410,Sarapiquí,Heredia,2023,espec_servindn,51.6953659057617,baseICC2023_2024.xlsx,
501,Liberia,Guanacaste,2023,espec_servindn,94.5434646606445,baseICC2023_2024.xlsx,
502,Nicoya,Guanacaste,2023,espec_servindn,76.0103607177734,baseICC2023_2024.xlsx,
503,Santa Cruz,Guanacaste,2023,espec_servindn,66.6911697387695,baseICC2023_2024.xlsx,
504,Bagaces,Guanacaste,2023,espec_servindn,73.0407485961914,baseICC2023_2024.xlsx,
505,Carrillo,Guanacaste,2023,espec_servindn,85.808219909668,baseICC2023_2024.xlsx,
506,Cañas,Guanacaste,2023,espec_servindn,74.8019104003906,baseICC2023_2024.xlsx,
507,Abangares,Guanacaste,2023,espec_servindn,40.4880676269531,baseICC2023_2024.xlsx,
508,Tilarán,Guanacaste,2023,espec_servindn,48.4713172912598,baseICC2023_2024.xlsx,
509,Nandayure,Guanacaste,2023,espec_servindn,46.5226669311523,baseICC2023_2024.xlsx,
510,La Cruz,Guanacaste,2023,espec_servindn,59.5654830932617,baseICC2023_2024.xlsx,
511,Hojancha,Guanacaste,2023,espec_servindn,74.9998321533203,baseICC2023_2024.xlsx,
601,Puntarenas,Puntarenas,2023,espec_servindn,84.5090103149414,baseICC2023_2024.xlsx,
602,Esparza,Puntarenas,2023,espec_servindn,94.9028930664063,baseICC2023_2024.xlsx,
603,Buenos Aires,Puntarenas,2023,espec_servindn,19.3061866760254,baseICC2023_2024.xlsx,
604,Montes de Oro,Puntarenas,2023,espec_servindn,57.069206237793,baseICC2023_2024.xlsx,
605,Osa,Puntarenas,2023,espec_servindn,73.9096298217773,baseICC2023_2024.xlsx,
606,Quepos,Puntarenas,2023,espec_servindn,72.6163787841797,baseICC2023_2024.xlsx,
607,Golfito,Puntarenas,2023,espec_servindn,79.1578826904297,baseICC2023_2024.xlsx,
608,Coto Brus,Puntarenas,2023,espec_servindn,48.4748306274414,baseICC2023_2024.xlsx,
609,Parrita,Puntarenas,2023,espec_servindn,36.0758018493652,baseICC2023_2024.xlsx,
610,Corredores,Puntarenas,2023,espec_servindn,52.623348236084,baseICC2023_2024.xlsx,
611,Garabito,Puntarenas,2023,espec_servindn,87.0098419189453,baseICC2023_2024.xlsx,
701,Limón,Limón,2023,espec_servindn,63.7364387512207,baseICC2023_2024.xlsx,
702,Pococí,Limón,2023,espec_servindn,63.7313957214356,baseICC2023_2024.xlsx,
703,Siquirres,Limón,2023,espec_servindn,33.3318824768066,baseICC2023_2024.xlsx,
704,Talamanca,Limón,2023,espec_servindn,78.9664459228516,baseICC2023_2024.xlsx,
705,Matina,Limón,2023,espec_servindn,0.00499999988824129,baseICC2023_2024.xlsx,
706,Guácimo,Limón,2023,espec_servindn,83.0282745361328,baseICC2023_2024.xlsx,
101,San José,San José,2024,espec_servindn,53.6430053710938,baseICC2023_2024.xlsx,
102,Escazú,San José,2024,espec_servindn,66.9167098999023,baseICC2023_2024.xlsx,
103,Desamparados,San José,2024,espec_servindn,95.0460357666016,baseICC2023_2024.xlsx,
104,Puriscal,San José,2024,espec_servindn,98.4379653930664,baseICC2023_2024.xlsx,
105,Tarrazú,San José,2024,espec_servindn,21.5722389221191,baseICC2023_2024.xlsx,
106,Aserrí,San José,2024,espec_servindn,64.2894668579102,baseICC2023_2024.xlsx,
107,Mora,San José,2024,espec_servindn,99.2610168457031,baseICC2023_2024.xlsx,
108,Goicoechea,San José,2024,espec_servindn,77.7308807373047,baseICC2023_2024.xlsx,
109,Santa Ana,San José,2024,espec_servindn,71.2559967041016,baseICC2023_2024.xlsx,
110,Alajuelita,San José,2024,espec_servindn,89.6491546630859,baseICC2023_2024.xlsx,
111,Vázquez de Coronado,San José,2024,espec_servindn,94.5766525268555,baseICC2023_2024.xlsx,
112,Acosta,San José,2024,espec_servindn,24.3954734802246,baseICC2023_2024.xlsx,
113,Tibás,San José,2024,espec_servindn,55.5794296264648,baseICC2023_2024.xlsx,
114,Moravia,San José,2024,espec_servindn,69.2462463378906,baseICC2023_2024.xlsx,
115,Montes de Oca,San José,2024,espec_servindn,96.46533203125,baseICC2023_2024.xlsx,
116,Turrubares,San José,2024,espec_servindn,57.3949508666992,baseICC2023_2024.xlsx,
117,Dota,San José,2024,espec_servindn,36.1166343688965,baseICC2023_2024.xlsx,
118,Curridabat,San José,2024,espec_servindn,76.0971755981445,baseICC2023_2024.xlsx,
119,Pérez Zeledón,San José,2024,espec_servindn,53.3159370422363,baseICC2023_2024.xlsx,
120,León Cortés Castro,San José,2024,espec_servindn,25.3149089813232,baseICC2023_2024.xlsx,
201,Alajuela,Alajuela,2024,espec_servindn,90.4104995727539,baseICC2023_2024.xlsx,
202,San Ramón,Alajuela,2024,espec_servindn,74.3889007568359,baseICC2023_2024.xlsx,
203,Grecia,Alajuela,2024,espec_servindn,67.1173477172852,baseICC2023_2024.xlsx,
204,San Mateo,Alajuela,2024,espec_servindn,86.1570205688477,baseICC2023_2024.xlsx,
205,Atenas,Alajuela,2024,espec_servindn,74.2898025512695,baseICC2023_2024.xlsx,
206,Naranjo,Alajuela,2024,espec_servindn,69.3529052734375,baseICC2023_2024.xlsx,
207,Palmares,Alajuela,2024,espec_servindn,81.6151733398438,baseICC2023_2024.xlsx,
208,Poás,Alajuela,2024,espec_servindn,72.597900390625,baseICC2023_2024.xlsx,
209,Orotina,Alajuela,2024,espec_servindn,71.7853622436523,baseICC2023_2024.xlsx,
210,San Carlos,Alajuela,2024,espec_servindn,63.7774353027344,baseICC2023_2024.xlsx,
211,Zarcero,Alajuela,2024,espec_servindn,47.8765373229981,baseICC2023_2024.xlsx,
212,Sarchí,Alajuela,2024,espec_servindn,56.5054168701172,baseICC2023_2024.xlsx,
213,Upala,Alajuela,2024,espec_servindn,22.6681709289551,baseICC2023_2024.xlsx,
214,Los Chiles,Alajuela,2024,espec_servindn,14.3039598464966,baseICC2023_2024.xlsx,
215,Guatuso,Alajuela,2024,espec_servindn,37.8412590026856,baseICC2023_2024.xlsx,
216,Río Cuarto,Alajuela,2024,espec_servindn,100.0,baseICC2023_2024.xlsx,
301,Cartago,Cartago,2024,espec_servindn,88.4652633666992,baseICC2023_2024.xlsx,
302,Paraíso,Cartago,2024,espec_servindn,59.7762413024902,baseICC2023_2024.xlsx,
303,La Unión,Cartago,2024,espec_servindn,66.6409072875977,baseICC2023_2024.xlsx,
304,Jiménez,Cartago,2024,espec_servindn,35.5108108520508,baseICC2023_2024.xlsx,
305,Turrialba,Cartago,2024,espec_servindn,83.5723648071289,baseICC2023_2024.xlsx,
306,Alvarado,Cartago,2024,espec_servindn,32.3298606872559,baseICC2023_2024.xlsx,
307,Oreamuno,Cartago,2024,espec_servindn,55.8798675537109,baseICC2023_2024.xlsx,
308,El Guarco,Cartago,2024,espec_servindn,88.0003204345703,baseICC2023_2024.xlsx,
401,Heredia,Heredia,2024,espec_servindn,59.3278350830078,baseICC2023_2024.xlsx,
402,Barva,Heredia,2024,espec_servindn,79.9794235229492,baseICC2023_2024.xlsx,
403,Santo Domingo,Heredia,2024,espec_servindn,81.4537734985352,baseICC2023_2024.xlsx,
404,Santa Bárbara,Heredia,2024,espec_servindn,70.7475204467773,baseICC2023_2024.xlsx,
405,San Rafael,Heredia,2024,espec_servindn,76.0597229003906,baseICC2023_2024.xlsx,
406,San Isidro,Heredia,2024,espec_servindn,79.9606094360352,baseICC2023_2024.xlsx,
407,Belén,Heredia,2024,espec_servindn,91.0507202148438,baseICC2023_2024.xlsx,
408,Flores,Heredia,2024,espec_servindn,62.7207412719727,baseICC2023_2024.xlsx,
409,San Pablo,Heredia,2024,espec_servindn,42.4359130859375,baseICC2023_2024.xlsx,
410,Sarapiquí,Heredia,2024,espec_servindn,55.584041595459,baseICC2023_2024.xlsx,
501,Liberia,Guanacaste,2024,espec_servindn,95.963134765625,baseICC2023_2024.xlsx,
502,Nicoya,Guanacaste,2024,espec_servindn,83.1009063720703,baseICC2023_2024.xlsx,
503,Santa Cruz,Guanacaste,2024,espec_servindn,65.1393661499023,baseICC2023_2024.xlsx,
504,Bagaces,Guanacaste,2024,espec_servindn,75.9221572875977,baseICC2023_2024.xlsx,
505,Carrillo,Guanacaste,2024,espec_servindn,86.1897583007813,baseICC2023_2024.xlsx,
506,Cañas,Guanacaste,2024,espec_servindn,79.2295532226563,baseICC2023_2024.xlsx,
507,Abangares,Guanacaste,2024,espec_servindn,38.3913726806641,baseICC2023_2024.xlsx,
508,Tilarán,Guanacaste,2024,espec_servindn,48.9933891296387,baseICC2023_2024.xlsx,
509,Nandayure,Guanacaste,2024,espec_servindn,52.5898170471191,baseICC2023_2024.xlsx,
510,La Cruz,Guanacaste,2024,espec_servindn,59.6936454772949,baseICC2023_2024.xlsx,
511,Hojancha,Guanacaste,2024,espec_servindn,76.9600830078125,baseICC2023_2024.xlsx,
601,Puntarenas,Puntarenas,2024,espec_servindn,85.1784210205078,baseICC2023_2024.xlsx,
602,Esparza,Puntarenas,2024,espec_servindn,88.9363555908203,baseICC2023_2024.xlsx,
603,Buenos Aires,Puntarenas,2024,espec_servindn,19.8537654876709,baseICC2023_2024.xlsx,
604,Montes de Oro,Puntarenas,2024,espec_servindn,54.952205657959,baseICC2023_2024.xlsx,
605,Osa,Puntarenas,2024,espec_servindn,74.4148864746094,baseICC2023_2024.xlsx,
606,Quepos,Puntarenas,2024,espec_servindn,76.1443862915039,baseICC2023_2024.xlsx,
607,Golfito,Puntarenas,2024,espec_servindn,79.7850341796875,baseICC2023_2024.xlsx,
608,Coto Brus,Puntarenas,2024,espec_servindn,50.8915481567383,baseICC2023_2024.xlsx,
609,Parrita,Puntarenas,2024,espec_servindn,43.458667755127,baseICC2023_2024.xlsx,
610,Corredores,Puntarenas,2024,espec_servindn,51.9152297973633,baseICC2023_2024.xlsx,
611,Garabito,Puntarenas,2024,espec_servindn,89.2080001831055,baseICC2023_2024.xlsx,
701,Limón,Limón,2024,espec_servindn,64.6086578369141,baseICC2023_2024.xlsx,
702,Pococí,Limón,2024,espec_servindn,66.7352447509766,baseICC2023_2024.xlsx,
703,Siquirres,Limón,2024,espec_servindn,30.1267948150635,baseICC2023_2024.xlsx,
704,Talamanca,Limón,2024,espec_servindn,77.5638275146484,baseICC2023_2024.xlsx,
705,Matina,Limón,2024,espec_servindn,0.0,baseICC2023_2024.xlsx,
706,Guácimo,Limón,2024,espec_servindn,83.8318634033203,baseICC2023_2024.xlsx,
101,San José,San José,2023,vasegur_vs_pean,23.1031875610352,baseICC2023_2024.xlsx,
102,Escazú,San José,2023,vasegur_vs_pean,37.1923637390137,baseICC2023_2024.xlsx,
103,Desamparados,San José,2023,vasegur_vs_pean,26.5447235107422,baseICC2023_2024.xlsx,
104,Puriscal,San José,2023,vasegur_vs_pean,29.7995929718018,baseICC2023_2024.xlsx,
105,Tarrazú,San José,2023,vasegur_vs_pean,27.9550762176514,baseICC2023_2024.xlsx,
106,Aserrí,San José,2023,vasegur_vs_pean,11.9140663146973,baseICC2023_2024.xlsx,
107,Mora,San José,2023,vasegur_vs_pean,25.6353073120117,baseICC2023_2024.xlsx,
108,Goicoechea,San José,2023,vasegur_vs_pean,0.00499999988824129,baseICC2023_2024.xlsx,
109,Santa Ana,San José,2023,vasegur_vs_pean,29.1943340301514,baseICC2023_2024.xlsx,
110,Alajuelita,San José,2023,vasegur_vs_pean,33.1114273071289,baseICC2023_2024.xlsx,
111,Vázquez de Coronado,San José,2023,vasegur_vs_pean,30.4492626190186,baseICC2023_2024.xlsx,
112,Acosta,San José,2023,vasegur_vs_pean,27.0849494934082,baseICC2023_2024.xlsx,
113,Tibás,San José,2023,vasegur_vs_pean,44.8514251708984,baseICC2023_2024.xlsx,
114,Moravia,San José,2023,vasegur_vs_pean,21.8817367553711,baseICC2023_2024.xlsx,
115,Montes de Oca,San José,2023,vasegur_vs_pean,31.1897716522217,baseICC2023_2024.xlsx,
116,Turrubares,San José,2023,vasegur_vs_pean,33.6376647949219,baseICC2023_2024.xlsx,
117,Dota,San José,2023,vasegur_vs_pean,25.3005123138428,baseICC2023_2024.xlsx,
118,Curridabat,San José,2023,vasegur_vs_pean,25.4052581787109,baseICC2023_2024.xlsx,
119,Pérez Zeledón,San José,2023,vasegur_vs_pean,29.6007061004639,baseICC2023_2024.xlsx,
120,León Cortés Castro,San José,2023,vasegur_vs_pean,13.2772941589355,baseICC2023_2024.xlsx,
201,Alajuela,Alajuela,2023,vasegur_vs_pean,31.7740478515625,baseICC2023_2024.xlsx,
202,San Ramón,Alajuela,2023,vasegur_vs_pean,25.7085952758789,baseICC2023_2024.xlsx,
203,Grecia,Alajuela,2023,vasegur_vs_pean,25.3619251251221,baseICC2023_2024.xlsx,
204,San Mateo,Alajuela,2023,vasegur_vs_pean,35.3569793701172,baseICC2023_2024.xlsx,
205,Atenas,Alajuela,2023,vasegur_vs_pean,18.3393783569336,baseICC2023_2024.xlsx,
206,Naranjo,Alajuela,2023,vasegur_vs_pean,29.7668399810791,baseICC2023_2024.xlsx,
207,Palmares,Alajuela,2023,vasegur_vs_pean,16.4011783599854,baseICC2023_2024.xlsx,
208,Poás,Alajuela,2023,vasegur_vs_pean,28.823766708374,baseICC2023_2024.xlsx,
209,Orotina,Alajuela,2023,vasegur_vs_pean,29.2403392791748,baseICC2023_2024.xlsx,
210,San Carlos,Alajuela,2023,vasegur_vs_pean,24.4441814422607,baseICC2023_2024.xlsx,
211,Zarcero,Alajuela,2023,vasegur_vs_pean,27.5992088317871,baseICC2023_2024.xlsx,
212,Sarchí,Alajuela,2023,vasegur_vs_pean,23.0834350585938,baseICC2023_2024.xlsx,
213,Upala,Alajuela,2023,vasegur_vs_pean,22.2693328857422,baseICC2023_2024.xlsx,
214,Los Chiles,Alajuela,2023,vasegur_vs_pean,9.03991508483887,baseICC2023_2024.xlsx,
215,Guatuso,Alajuela,2023,vasegur_vs_pean,62.0652618408203,baseICC2023_2024.xlsx,
301,Cartago,Cartago,2023,vasegur_vs_pean,31.4129447937012,baseICC2023_2024.xlsx,
302,Paraíso,Cartago,2023,vasegur_vs_pean,19.5934200286865,baseICC2023_2024.xlsx,
303,La Unión,Cartago,2023,vasegur_vs_pean,19.7419109344482,baseICC2023_2024.xlsx,
304,Jiménez,Cartago,2023,vasegur_vs_pean,23.7793006896973,baseICC2023_2024.xlsx,
305,Turrialba,Cartago,2023,vasegur_vs_pean,20.7558898925781,baseICC2023_2024.xlsx,
306,Alvarado,Cartago,2023,vasegur_vs_pean,22.9902839660645,baseICC2023_2024.xlsx,
307,Oreamuno,Cartago,2023,vasegur_vs_pean,24.5136699676514,baseICC2023_2024.xlsx,
308,El Guarco,Cartago,2023,vasegur_vs_pean,28.2833957672119,baseICC2023_2024.xlsx,
401,Heredia,Heredia,2023,vasegur_vs_pean,24.9434852600098,baseICC2023_2024.xlsx,
402,Barva,Heredia,2023,vasegur_vs_pean,27.8677406311035,baseICC2023_2024.xlsx,
403,Santo Domingo,Heredia,2023,vasegur_vs_pean,33.5462760925293,baseICC2023_2024.xlsx,
404,Santa Bárbara,Heredia,2023,vasegur_vs_pean,24.8678779602051,baseICC2023_2024.xlsx,
405,San Rafael,Heredia,2023,vasegur_vs_pean,21.8884963989258,baseICC2023_2024.xlsx,
406,San Isidro,Heredia,2023,vasegur_vs_pean,26.3009910583496,baseICC2023_2024.xlsx,
407,Belén,Heredia,2023,vasegur_vs_pean,31.8095245361328,baseICC2023_2024.xlsx,
408,Flores,Heredia,2023,vasegur_vs_pean,100.0,baseICC2023_2024.xlsx,
409,San Pablo,Heredia,2023,vasegur_vs_pean,45.1029663085938,baseICC2023_2024.xlsx,
410,Sarapiquí,Heredia,2023,vasegur_vs_pean,23.3555526733398,baseICC2023_2024.xlsx,
501,Liberia,Guanacaste,2023,vasegur_vs_pean,29.2942409515381,baseICC2023_2024.xlsx,
502,Nicoya,Guanacaste,2023,vasegur_vs_pean,23.7077407836914,baseICC2023_2024.xlsx,
503,Santa Cruz,Guanacaste,2023,vasegur_vs_pean,64.6991882324219,baseICC2023_2024.xlsx,
504,Bagaces,Guanacaste,2023,vasegur_vs_pean,32.2427215576172,baseICC2023_2024.xlsx,
505,Carrillo,Guanacaste,2023,vasegur_vs_pean,42.3977775573731,baseICC2023_2024.xlsx,
506,Cañas,Guanacaste,2023,vasegur_vs_pean,30.5428028106689,baseICC2023_2024.xlsx,
507,Abangares,Guanacaste,2023,vasegur_vs_pean,16.4967861175537,baseICC2023_2024.xlsx,
508,Tilarán,Guanacaste,2023,vasegur_vs_pean,32.7933235168457,baseICC2023_2024.xlsx,
509,Nandayure,Guanacaste,2023,vasegur_vs_pean,26.0930633544922,baseICC2023_2024.xlsx,
510,La Cruz,Guanacaste,2023,vasegur_vs_pean,21.8221836090088,baseICC2023_2024.xlsx,
511,Hojancha,Guanacaste,2023,vasegur_vs_pean,14.5800428390503,baseICC2023_2024.xlsx,
601,Puntarenas,Puntarenas,2023,vasegur_vs_pean,24.984016418457,baseICC2023_2024.xlsx,
602,Esparza,Puntarenas,2023,vasegur_vs_pean,23.8763236999512,baseICC2023_2024.xlsx,
603,Buenos Aires,Puntarenas,2023,vasegur_vs_pean,19.809175491333,baseICC2023_2024.xlsx,
604,Montes de Oro,Puntarenas,2023,vasegur_vs_pean,27.0813617706299,baseICC2023_2024.xlsx,
605,Osa,Puntarenas,2023,vasegur_vs_pean,37.9165344238281,baseICC2023_2024.xlsx,
606,Quepos,Puntarenas,2023,vasegur_vs_pean,29.4789009094238,baseICC2023_2024.xlsx,
607,Golfito,Puntarenas,2023,vasegur_vs_pean,24.5082473754883,baseICC2023_2024.xlsx,
608,Coto Brus,Puntarenas,2023,vasegur_vs_pean,30.6399822235107,baseICC2023_2024.xlsx,
609,Parrita,Puntarenas,2023,vasegur_vs_pean,28.140625,baseICC2023_2024.xlsx,
610,Corredores,Puntarenas,2023,vasegur_vs_pean,21.9606590270996,baseICC2023_2024.xlsx,
611,Garabito,Puntarenas,2023,vasegur_vs_pean,44.1836471557617,baseICC2023_2024.xlsx,
701,Limón,Limón,2023,vasegur_vs_pean,21.6367015838623,baseICC2023_2024.xlsx,
702,Pococí,Limón,2023,vasegur_vs_pean,26.6501274108887,baseICC2023_2024.xlsx,
703,Siquirres,Limón,2023,vasegur_vs_pean,3.08014249801636,baseICC2023_2024.xlsx,
704,Talamanca,Limón,2023,vasegur_vs_pean,23.8635559082031,baseICC2023_2024.xlsx,
705,Matina,Limón,2023,vasegur_vs_pean,40.3755683898926,baseICC2023_2024.xlsx,
706,Guácimo,Limón,2023,vasegur_vs_pean,32.7735366821289,baseICC2023_2024.xlsx,
101,San José,San José,2024,vasegur_vs_pean,38.4708442687988,baseICC2023_2024.xlsx,
102,Escazú,San José,2024,vasegur_vs_pean,44.2173881530762,baseICC2023_2024.xlsx,
103,Desamparados,San José,2024,vasegur_vs_pean,36.9289779663086,baseICC2023_2024.xlsx,
104,Puriscal,San José,2024,vasegur_vs_pean,35.7571105957031,baseICC2023_2024.xlsx,
105,Tarrazú,San José,2024,vasegur_vs_pean,21.7223205566406,baseICC2023_2024.xlsx,
106,Aserrí,San José,2024,vasegur_vs_pean,36.2678756713867,baseICC2023_2024.xlsx,
107,Mora,San José,2024,vasegur_vs_pean,40.0844459533691,baseICC2023_2024.xlsx,
108,Goicoechea,San José,2024,vasegur_vs_pean,37.814697265625,baseICC2023_2024.xlsx,
109,Santa Ana,San José,2024,vasegur_vs_pean,41.2380676269531,baseICC2023_2024.xlsx,
110,Alajuelita,San José,2024,vasegur_vs_pean,37.0478248596191,baseICC2023_2024.xlsx,
111,Vázquez de Coronado,San José,2024,vasegur_vs_pean,31.4699802398682,baseICC2023_2024.xlsx,
112,Acosta,San José,2024,vasegur_vs_pean,33.6042098999023,baseICC2023_2024.xlsx,
113,Tibás,San José,2024,vasegur_vs_pean,40.4617118835449,baseICC2023_2024.xlsx,
114,Moravia,San José,2024,vasegur_vs_pean,33.9321670532227,baseICC2023_2024.xlsx,
115,Montes de Oca,San José,2024,vasegur_vs_pean,54.1006393432617,baseICC2023_2024.xlsx,
116,Turrubares,San José,2024,vasegur_vs_pean,36.6127281188965,baseICC2023_2024.xlsx,
117,Dota,San José,2024,vasegur_vs_pean,30.9997386932373,baseICC2023_2024.xlsx,
118,Curridabat,San José,2024,vasegur_vs_pean,34.6663398742676,baseICC2023_2024.xlsx,
119,Pérez Zeledón,San José,2024,vasegur_vs_pean,36.4082412719727,baseICC2023_2024.xlsx,
120,León Cortés Castro,San José,2024,vasegur_vs_pean,24.0503940582275,baseICC2023_2024.xlsx,
201,Alajuela,Alajuela,2024,vasegur_vs_pean,38.4243583679199,baseICC2023_2024.xlsx,
202,San Ramón,Alajuela,2024,vasegur_vs_pean,34.1774787902832,baseICC2023_2024.xlsx,
203,Grecia,Alajuela,2024,vasegur_vs_pean,75.573844909668,baseICC2023_2024.xlsx,
204,San Mateo,Alajuela,2024,vasegur_vs_pean,19.3423385620117,baseICC2023_2024.xlsx,
205,Atenas,Alajuela,2024,vasegur_vs_pean,37.6246643066406,baseICC2023_2024.xlsx,
206,Naranjo,Alajuela,2024,vasegur_vs_pean,32.095874786377,baseICC2023_2024.xlsx,
207,Palmares,Alajuela,2024,vasegur_vs_pean,34.2928810119629,baseICC2023_2024.xlsx,
208,Poás,Alajuela,2024,vasegur_vs_pean,34.0235786437988,baseICC2023_2024.xlsx,
209,Orotina,Alajuela,2024,vasegur_vs_pean,36.0434188842773,baseICC2023_2024.xlsx,
210,San Carlos,Alajuela,2024,vasegur_vs_pean,35.1007919311523,baseICC2023_2024.xlsx,
211,Zarcero,Alajuela,2024,vasegur_vs_pean,29.5412578582764,baseICC2023_2024.xlsx,
212,Sarchí,Alajuela,2024,vasegur_vs_pean,27.446662902832,baseICC2023_2024.xlsx,
213,Upala,Alajuela,2024,vasegur_vs_pean,35.6229209899902,baseICC2023_2024.xlsx,
214,Los Chiles,Alajuela,2024,vasegur_vs_pean,2.94870257377625,baseICC2023_2024.xlsx,
215,Guatuso,Alajuela,2024,vasegur_vs_pean,46.3394432067871,baseICC2023_2024.xlsx,
216,Río Cuarto,Alajuela,2024,vasegur_vs_pean,100.0,baseICC2023_2024.xlsx,
301,Cartago,Cartago,2024,vasegur_vs_pean,40.5146865844727,baseICC2023_2024.xlsx,
302,Paraíso,Cartago,2024,vasegur_vs_pean,32.9457397460938,baseICC2023_2024.xlsx,
303,La Unión,Cartago,2024,vasegur_vs_pean,35.1018447875977,baseICC2023_2024.xlsx,
304,Jiménez,Cartago,2024,vasegur_vs_pean,26.4229183197022,baseICC2023_2024.xlsx,
305,Turrialba,Cartago,2024,vasegur_vs_pean,30.6145877838135,baseICC2023_2024.xlsx,
306,Alvarado,Cartago,2024,vasegur_vs_pean,25.6465167999268,baseICC2023_2024.xlsx,
307,Oreamuno,Cartago,2024,vasegur_vs_pean,30.6423721313477,baseICC2023_2024.xlsx,
308,El Guarco,Cartago,2024,vasegur_vs_pean,36.5102005004883,baseICC2023_2024.xlsx,
401,Heredia,Heredia,2024,vasegur_vs_pean,41.6921043395996,baseICC2023_2024.xlsx,
402,Barva,Heredia,2024,vasegur_vs_pean,39.5130615234375,baseICC2023_2024.xlsx,
403,Santo Domingo,Heredia,2024,vasegur_vs_pean,37.5819664001465,baseICC2023_2024.xlsx,
404,Santa Bárbara,Heredia,2024,vasegur_vs_pean,35.2015266418457,baseICC2023_2024.xlsx,
405,San Rafael,Heredia,2024,vasegur_vs_pean,41.4083061218262,baseICC2023_2024.xlsx,
406,San Isidro,Heredia,2024,vasegur_vs_pean,41.2847557067871,baseICC2023_2024.xlsx,
407,Belén,Heredia,2024,vasegur_vs_pean,37.893196105957,baseICC2023_2024.xlsx,
408,Flores,Heredia,2024,vasegur_vs_pean,0.0,baseICC2023_2024.xlsx,
409,San Pablo,Heredia,2024,vasegur_vs_pean,33.5549736022949,baseICC2023_2024.xlsx,
410,Sarapiquí,Heredia,2024,vasegur_vs_pean,20.1478748321533,baseICC2023_2024.xlsx,
501,Liberia,Guanacaste,2024,vasegur_vs_pean,33.9771766662598,baseICC2023_2024.xlsx,
502,Nicoya,Guanacaste,2024,vasegur_vs_pean,36.9673042297363,baseICC2023_2024.xlsx,
503,Santa Cruz,Guanacaste,2024,vasegur_vs_pean,35.2726516723633,baseICC2023_2024.xlsx,
504,Bagaces,Guanacaste,2024,vasegur_vs_pean,20.5894069671631,baseICC2023_2024.xlsx,
505,Carrillo,Guanacaste,2024,vasegur_vs_pean,34.5353927612305,baseICC2023_2024.xlsx,
506,Cañas,Guanacaste,2024,vasegur_vs_pean,26.5101852416992,baseICC2023_2024.xlsx,
507,Abangares,Guanacaste,2024,vasegur_vs_pean,36.1865348815918,baseICC2023_2024.xlsx,
508,Tilarán,Guanacaste,2024,vasegur_vs_pean,27.7796440124512,baseICC2023_2024.xlsx,
509,Nandayure,Guanacaste,2024,vasegur_vs_pean,29.2674331665039,baseICC2023_2024.xlsx,
510,La Cruz,Guanacaste,2024,vasegur_vs_pean,12.4944400787354,baseICC2023_2024.xlsx,
511,Hojancha,Guanacaste,2024,vasegur_vs_pean,29.7935428619385,baseICC2023_2024.xlsx,
601,Puntarenas,Puntarenas,2024,vasegur_vs_pean,31.623384475708,baseICC2023_2024.xlsx,
602,Esparza,Puntarenas,2024,vasegur_vs_pean,38.7245254516602,baseICC2023_2024.xlsx,
603,Buenos Aires,Puntarenas,2024,vasegur_vs_pean,28.3674011230469,baseICC2023_2024.xlsx,
604,Montes de Oro,Puntarenas,2024,vasegur_vs_pean,42.3919334411621,baseICC2023_2024.xlsx,
605,Osa,Puntarenas,2024,vasegur_vs_pean,36.2304000854492,baseICC2023_2024.xlsx,
606,Quepos,Puntarenas,2024,vasegur_vs_pean,35.8383979797363,baseICC2023_2024.xlsx,
607,Golfito,Puntarenas,2024,vasegur_vs_pean,32.6229133605957,baseICC2023_2024.xlsx,
608,Coto Brus,Puntarenas,2024,vasegur_vs_pean,36.5514297485352,baseICC2023_2024.xlsx,
609,Parrita,Puntarenas,2024,vasegur_vs_pean,21.0174655914307,baseICC2023_2024.xlsx,
610,Corredores,Puntarenas,2024,vasegur_vs_pean,35.9462051391602,baseICC2023_2024.xlsx,
611,Garabito,Puntarenas,2024,vasegur_vs_pean,35.2528648376465,baseICC2023_2024.xlsx,
701,Limón,Limón,2024,vasegur_vs_pean,28.9242973327637,baseICC2023_2024.xlsx,
702,Pococí,Limón,2024,vasegur_vs_pean,21.1541366577148,baseICC2023_2024.xlsx,
703,Siquirres,Limón,2024,vasegur_vs_pean,35.113468170166,baseICC2023_2024.xlsx,
704,Talamanca,Limón,2024,vasegur_vs_pean,31.6676731109619,baseICC2023_2024.xlsx,
705,Matina,Limón,2024,vasegur_vs_pean,39.3365669250488,baseICC2023_2024.xlsx,
706,Guácimo,Limón,2024,vasegur_vs_pean,33.9383659362793,baseICC2023_2024.xlsx,
101,San José,San José,2023,porc_esccol_internetn,94.0446624755859,baseICC2023_2024.xlsx,
102,Escazú,San José,2023,porc_esccol_internetn,85.7988204956055,baseICC2023_2024.xlsx,
103,Desamparados,San José,2023,porc_esccol_internetn,86.1538467407227,baseICC2023_2024.xlsx,
104,Puriscal,San José,2023,porc_esccol_internetn,69.2307739257813,baseICC2023_2024.xlsx,
105,Tarrazú,San José,2023,porc_esccol_internetn,76.1786575317383,baseICC2023_2024.xlsx,
106,Aserrí,San José,2023,porc_esccol_internetn,81.538459777832,baseICC2023_2024.xlsx,
107,Mora,San José,2023,porc_esccol_internetn,74.5358047485352,baseICC2023_2024.xlsx,
108,Goicoechea,San José,2023,porc_esccol_internetn,95.1417007446289,baseICC2023_2024.xlsx,
109,Santa Ana,San José,2023,porc_esccol_internetn,86.4915618896484,baseICC2023_2024.xlsx,
110,Alajuelita,San José,2023,porc_esccol_internetn,91.9732437133789,baseICC2023_2024.xlsx,
111,Vázquez de Coronado,San José,2023,porc_esccol_internetn,80.2197799682617,baseICC2023_2024.xlsx,
112,Acosta,San José,2023,porc_esccol_internetn,69.7901992797852,baseICC2023_2024.xlsx,
113,Tibás,San José,2023,porc_esccol_internetn,91.6083908081055,baseICC2023_2024.xlsx,
114,Moravia,San José,2023,porc_esccol_internetn,94.8717956542969,baseICC2023_2024.xlsx,
115,Montes de Oca,San José,2023,porc_esccol_internetn,93.6339569091797,baseICC2023_2024.xlsx,
116,Turrubares,San José,2023,porc_esccol_internetn,60.8391647338867,baseICC2023_2024.xlsx,
117,Dota,San José,2023,porc_esccol_internetn,73.6263732910156,baseICC2023_2024.xlsx,
118,Curridabat,San José,2023,porc_esccol_internetn,100.0,baseICC2023_2024.xlsx,
119,Pérez Zeledón,San José,2023,porc_esccol_internetn,76.014533996582,baseICC2023_2024.xlsx,
120,León Cortés Castro,San José,2023,porc_esccol_internetn,80.9018630981445,baseICC2023_2024.xlsx,
201,Alajuela,Alajuela,2023,porc_esccol_internetn,94.7252807617188,baseICC2023_2024.xlsx,
202,San Ramón,Alajuela,2023,porc_esccol_internetn,86.9463882446289,baseICC2023_2024.xlsx,
203,Grecia,Alajuela,2023,porc_esccol_internetn,79.1982574462891,baseICC2023_2024.xlsx,
204,San Mateo,Alajuela,2023,porc_esccol_internetn,86.8131790161133,baseICC2023_2024.xlsx,
205,Atenas,Alajuela,2023,porc_esccol_internetn,88.4615325927734,baseICC2023_2024.xlsx,
206,Naranjo,Alajuela,2023,porc_esccol_internetn,100.0,baseICC2023_2024.xlsx,
207,Palmares,Alajuela,2023,porc_esccol_internetn,90.2833938598633,baseICC2023_2024.xlsx,
208,Poás,Alajuela,2023,porc_esccol_internetn,100.0,baseICC2023_2024.xlsx,
209,Orotina,Alajuela,2023,porc_esccol_internetn,90.7692337036133,baseICC2023_2024.xlsx,
210,San Carlos,Alajuela,2023,porc_esccol_internetn,71.6483612060547,baseICC2023_2024.xlsx,
211,Zarcero,Alajuela,2023,porc_esccol_internetn,61.1335983276367,baseICC2023_2024.xlsx,
212,Sarchí,Alajuela,2023,porc_esccol_internetn,100.0,baseICC2023_2024.xlsx,
213,Upala,Alajuela,2023,porc_esccol_internetn,65.1120529174805,baseICC2023_2024.xlsx,
214,Los Chiles,Alajuela,2023,porc_esccol_internetn,46.251220703125,baseICC2023_2024.xlsx,
215,Guatuso,Alajuela,2023,porc_esccol_internetn,47.7503623962402,baseICC2023_2024.xlsx,
301,Cartago,Cartago,2023,porc_esccol_internetn,93.4066009521484,baseICC2023_2024.xlsx,
302,Paraíso,Cartago,2023,porc_esccol_internetn,95.2662734985352,baseICC2023_2024.xlsx,
303,La Unión,Cartago,2023,porc_esccol_internetn,83.9464874267578,baseICC2023_2024.xlsx,
304,Jiménez,Cartago,2023,porc_esccol_internetn,47.2527542114258,baseICC2023_2024.xlsx,
305,Turrialba,Cartago,2023,porc_esccol_internetn,32.4283561706543,baseICC2023_2024.xlsx,
306,Alvarado,Cartago,2023,porc_esccol_internetn,85.7988204956055,baseICC2023_2024.xlsx,
307,Oreamuno,Cartago,2023,porc_esccol_internetn,100.0,baseICC2023_2024.xlsx,
308,El Guarco,Cartago,2023,porc_esccol_internetn,100.0,baseICC2023_2024.xlsx,
401,Heredia,Heredia,2023,porc_esccol_internetn,89.9300765991211,baseICC2023_2024.xlsx,
402,Barva,Heredia,2023,porc_esccol_internetn,93.6339569091797,baseICC2023_2024.xlsx,
403,Santo Domingo,Heredia,2023,porc_esccol_internetn,88.0893325805664,baseICC2023_2024.xlsx,
404,Santa Bárbara,Heredia,2023,porc_esccol_internetn,79.487174987793,baseICC2023_2024.xlsx,
405,San Rafael,Heredia,2023,porc_esccol_internetn,100.0,baseICC2023_2024.xlsx,
406,San Isidro,Heredia,2023,porc_esccol_internetn,100.0,baseICC2023_2024.xlsx,
407,Belén,Heredia,2023,porc_esccol_internetn,100.0,baseICC2023_2024.xlsx,
408,Flores,Heredia,2023,porc_esccol_internetn,100.0,baseICC2023_2024.xlsx,
409,San Pablo,Heredia,2023,porc_esccol_internetn,100.0,baseICC2023_2024.xlsx,
410,Sarapiquí,Heredia,2023,porc_esccol_internetn,81.538459777832,baseICC2023_2024.xlsx,
501,Liberia,Guanacaste,2023,porc_esccol_internetn,92.8994140625,baseICC2023_2024.xlsx,
502,Nicoya,Guanacaste,2023,porc_esccol_internetn,74.2749099731445,baseICC2023_2024.xlsx,
503,Santa Cruz,Guanacaste,2023,porc_esccol_internetn,60.0317230224609,baseICC2023_2024.xlsx,
504,Bagaces,Guanacaste,2023,porc_esccol_internetn,40.2714920043945,baseICC2023_2024.xlsx,
505,Carrillo,Guanacaste,2023,porc_esccol_internetn,81.538459777832,baseICC2023_2024.xlsx,
506,Cañas,Guanacaste,2023,porc_esccol_internetn,90.2833938598633,baseICC2023_2024.xlsx,
507,Abangares,Guanacaste,2023,porc_esccol_internetn,54.9718627929688,baseICC2023_2024.xlsx,
508,Tilarán,Guanacaste,2023,porc_esccol_internetn,76.4320755004883,baseICC2023_2024.xlsx,
509,Nandayure,Guanacaste,2023,porc_esccol_internetn,92.4646759033203,baseICC2023_2024.xlsx,
510,La Cruz,Guanacaste,2023,porc_esccol_internetn,43.8127059936523,baseICC2023_2024.xlsx,
511,Hojancha,Guanacaste,2023,porc_esccol_internetn,67.8929824829102,baseICC2023_2024.xlsx,
601,Puntarenas,Puntarenas,2023,porc_esccol_internetn,78.1637725830078,baseICC2023_2024.xlsx,
602,Esparza,Puntarenas,2023,porc_esccol_internetn,86.1538467407227,baseICC2023_2024.xlsx,
603,Buenos Aires,Puntarenas,2023,porc_esccol_internetn,36.4438819885254,baseICC2023_2024.xlsx,
604,Montes de Oro,Puntarenas,2023,porc_esccol_internetn,67.4208145141602,baseICC2023_2024.xlsx,
605,Osa,Puntarenas,2023,porc_esccol_internetn,63.442497253418,baseICC2023_2024.xlsx,
606,Quepos,Puntarenas,2023,porc_esccol_internetn,57.3964614868164,baseICC2023_2024.xlsx,
607,Golfito,Puntarenas,2023,porc_esccol_internetn,30.1455326080322,baseICC2023_2024.xlsx,
608,Coto Brus,Puntarenas,2023,porc_esccol_internetn,75.3846130371094,baseICC2023_2024.xlsx,
609,Parrita,Puntarenas,2023,porc_esccol_internetn,19.7324447631836,baseICC2023_2024.xlsx,
610,Corredores,Puntarenas,2023,porc_esccol_internetn,39.1608428955078,baseICC2023_2024.xlsx,
611,Garabito,Puntarenas,2023,porc_esccol_internetn,84.6153793334961,baseICC2023_2024.xlsx,
701,Limón,Limón,2023,porc_esccol_internetn,10.1871147155762,baseICC2023_2024.xlsx,
702,Pococí,Limón,2023,porc_esccol_internetn,89.8065185546875,baseICC2023_2024.xlsx,
703,Siquirres,Limón,2023,porc_esccol_internetn,58.5557289123535,baseICC2023_2024.xlsx,
704,Talamanca,Limón,2023,porc_esccol_internetn,0.00499999988824129,baseICC2023_2024.xlsx,
705,Matina,Limón,2023,porc_esccol_internetn,45.2991409301758,baseICC2023_2024.xlsx,
706,Guácimo,Limón,2023,porc_esccol_internetn,68.1697616577148,baseICC2023_2024.xlsx,
101,San José,San José,2024,porc_esccol_internetn,95.9447784423828,baseICC2023_2024.xlsx,
102,Escazú,San José,2024,porc_esccol_internetn,100.0,baseICC2023_2024.xlsx,
103,Desamparados,San José,2024,porc_esccol_internetn,81.4473724365234,baseICC2023_2024.xlsx,
104,Puriscal,San José,2024,porc_esccol_internetn,60.9418258666992,baseICC2023_2024.xlsx,
105,Tarrazú,San José,2024,porc_esccol_internetn,76.809211730957,baseICC2023_2024.xlsx,
106,Aserrí,San José,2024,porc_esccol_internetn,87.6315765380859,baseICC2023_2024.xlsx,
107,Mora,San José,2024,porc_esccol_internetn,100.0,baseICC2023_2024.xlsx,
108,Goicoechea,San José,2024,porc_esccol_internetn,100.0,baseICC2023_2024.xlsx,
109,Santa Ana,San José,2024,porc_esccol_internetn,100.0,baseICC2023_2024.xlsx,
110,Alajuelita,San José,2024,porc_esccol_internetn,100.0,baseICC2023_2024.xlsx,
111,Vázquez de Coronado,San José,2024,porc_esccol_internetn,100.0,baseICC2023_2024.xlsx,
112,Acosta,San José,2024,porc_esccol_internetn,54.1910362243652,baseICC2023_2024.xlsx,
113,Tibás,San José,2024,porc_esccol_internetn,100.0,baseICC2023_2024.xlsx,
114,Moravia,San José,2024,porc_esccol_internetn,93.1286544799805,baseICC2023_2024.xlsx,
115,Montes de Oca,San José,2024,porc_esccol_internetn,82.9401092529297,baseICC2023_2024.xlsx,
116,Turrubares,San José,2024,porc_esccol_internetn,55.02392578125,baseICC2023_2024.xlsx,
117,Dota,San José,2024,porc_esccol_internetn,64.6616592407227,baseICC2023_2024.xlsx,
118,Curridabat,San José,2024,porc_esccol_internetn,100.0,baseICC2023_2024.xlsx,
119,Pérez Zeledón,San José,2024,porc_esccol_internetn,78.4043426513672,baseICC2023_2024.xlsx,
120,León Cortés Castro,San José,2024,porc_esccol_internetn,91.4700546264648,baseICC2023_2024.xlsx,
201,Alajuela,Alajuela,2024,porc_esccol_internetn,94.622428894043,baseICC2023_2024.xlsx,
202,San Ramón,Alajuela,2024,porc_esccol_internetn,90.0053176879883,baseICC2023_2024.xlsx,
203,Grecia,Alajuela,2024,porc_esccol_internetn,85.1578979492188,baseICC2023_2024.xlsx,
204,San Mateo,Alajuela,2024,porc_esccol_internetn,64.6616592407227,baseICC2023_2024.xlsx,
205,Atenas,Alajuela,2024,porc_esccol_internetn,92.2697372436523,baseICC2023_2024.xlsx,
206,Naranjo,Alajuela,2024,porc_esccol_internetn,100.0,baseICC2023_2024.xlsx,
207,Palmares,Alajuela,2024,porc_esccol_internetn,100.0,baseICC2023_2024.xlsx,
208,Poás,Alajuela,2024,porc_esccol_internetn,100.0,baseICC2023_2024.xlsx,
209,Orotina,Alajuela,2024,porc_esccol_internetn,50.5263137817383,baseICC2023_2024.xlsx,
210,San Carlos,Alajuela,2024,porc_esccol_internetn,60.2443618774414,baseICC2023_2024.xlsx,
211,Zarcero,Alajuela,2024,porc_esccol_internetn,86.9806137084961,baseICC2023_2024.xlsx,
212,Sarchí,Alajuela,2024,porc_esccol_internetn,100.0,baseICC2023_2024.xlsx,
213,Upala,Alajuela,2024,porc_esccol_internetn,74.2736892700195,baseICC2023_2024.xlsx,
214,Los Chiles,Alajuela,2024,porc_esccol_internetn,8.02969264984131,baseICC2023_2024.xlsx,
215,Guatuso,Alajuela,2024,porc_esccol_internetn,57.1862335205078,baseICC2023_2024.xlsx,
216,Río Cuarto,Alajuela,2024,porc_esccol_internetn,38.1578979492188,baseICC2023_2024.xlsx,
301,Cartago,Cartago,2024,porc_esccol_internetn,94.1102752685547,baseICC2023_2024.xlsx,
302,Paraíso,Cartago,2024,porc_esccol_internetn,100.0,baseICC2023_2024.xlsx,
303,La Unión,Cartago,2024,porc_esccol_internetn,94.5029296875,baseICC2023_2024.xlsx,
304,Jiménez,Cartago,2024,porc_esccol_internetn,76.4411010742188,baseICC2023_2024.xlsx,
305,Turrialba,Cartago,2024,porc_esccol_internetn,50.5263137817383,baseICC2023_2024.xlsx,
306,Alvarado,Cartago,2024,porc_esccol_internetn,100.0,baseICC2023_2024.xlsx,
307,Oreamuno,Cartago,2024,porc_esccol_internetn,100.0,baseICC2023_2024.xlsx,
308,El Guarco,Cartago,2024,porc_esccol_internetn,93.3143692016602,baseICC2023_2024.xlsx,
401,Heredia,Heredia,2024,porc_esccol_internetn,91.165412902832,baseICC2023_2024.xlsx,
402,Barva,Heredia,2024,porc_esccol_internetn,91.4700546264648,baseICC2023_2024.xlsx,
403,Santo Domingo,Heredia,2024,porc_esccol_internetn,85.0079803466797,baseICC2023_2024.xlsx,
404,Santa Bárbara,Heredia,2024,porc_esccol_internetn,100.0,baseICC2023_2024.xlsx,
405,San Rafael,Heredia,2024,porc_esccol_internetn,87.6315765380859,baseICC2023_2024.xlsx,
406,San Isidro,Heredia,2024,porc_esccol_internetn,72.5146255493164,baseICC2023_2024.xlsx,
407,Belén,Heredia,2024,porc_esccol_internetn,100.0,baseICC2023_2024.xlsx,
408,Flores,Heredia,2024,porc_esccol_internetn,45.029239654541,baseICC2023_2024.xlsx,
409,San Pablo,Heredia,2024,porc_esccol_internetn,100.0,baseICC2023_2024.xlsx,
410,Sarapiquí,Heredia,2024,porc_esccol_internetn,61.648307800293,baseICC2023_2024.xlsx,
501,Liberia,Guanacaste,2024,porc_esccol_internetn,85.7287445068359,baseICC2023_2024.xlsx,
502,Nicoya,Guanacaste,2024,porc_esccol_internetn,64.9561386108398,baseICC2023_2024.xlsx,
503,Santa Cruz,Guanacaste,2024,porc_esccol_internetn,49.5166511535645,baseICC2023_2024.xlsx,
504,Bagaces,Guanacaste,2024,porc_esccol_internetn,56.3467483520508,baseICC2023_2024.xlsx,
505,Carrillo,Guanacaste,2024,porc_esccol_internetn,93.815788269043,baseICC2023_2024.xlsx,
506,Cañas,Guanacaste,2024,porc_esccol_internetn,80.4709167480469,baseICC2023_2024.xlsx,
507,Abangares,Guanacaste,2024,porc_esccol_internetn,69.8331146240234,baseICC2023_2024.xlsx,
508,Tilarán,Guanacaste,2024,porc_esccol_internetn,83.8672790527344,baseICC2023_2024.xlsx,
509,Nandayure,Guanacaste,2024,porc_esccol_internetn,74.2324600219727,baseICC2023_2024.xlsx,
510,La Cruz,Guanacaste,2024,porc_esccol_internetn,12.0467863082886,baseICC2023_2024.xlsx,
511,Hojancha,Guanacaste,2024,porc_esccol_internetn,76.4411010742188,baseICC2023_2024.xlsx,
601,Puntarenas,Puntarenas,2024,porc_esccol_internetn,69.2460861206055,baseICC2023_2024.xlsx,
602,Esparza,Puntarenas,2024,porc_esccol_internetn,87.9332504272461,baseICC2023_2024.xlsx,
603,Buenos Aires,Puntarenas,2024,porc_esccol_internetn,30.2995090484619,baseICC2023_2024.xlsx,
604,Montes de Oro,Puntarenas,2024,porc_esccol_internetn,38.1578979492188,baseICC2023_2024.xlsx,
605,Osa,Puntarenas,2024,porc_esccol_internetn,46.1177711486816,baseICC2023_2024.xlsx,
606,Quepos,Puntarenas,2024,porc_esccol_internetn,41.7956695556641,baseICC2023_2024.xlsx,
607,Golfito,Puntarenas,2024,porc_esccol_internetn,22.9890785217285,baseICC2023_2024.xlsx,
608,Coto Brus,Puntarenas,2024,porc_esccol_internetn,66.4585266113281,baseICC2023_2024.xlsx,
609,Parrita,Puntarenas,2024,porc_esccol_internetn,57.8947372436523,baseICC2023_2024.xlsx,
610,Corredores,Puntarenas,2024,porc_esccol_internetn,38.8854522705078,baseICC2023_2024.xlsx,
611,Garabito,Puntarenas,2024,porc_esccol_internetn,89.6929779052734,baseICC2023_2024.xlsx,
701,Limón,Limón,2024,porc_esccol_internetn,38.1578979492188,baseICC2023_2024.xlsx,
702,Pococí,Limón,2024,porc_esccol_internetn,80.0261535644531,baseICC2023_2024.xlsx,
703,Siquirres,Limón,2024,porc_esccol_internetn,48.4649162292481,baseICC2023_2024.xlsx,
704,Talamanca,Limón,2024,porc_esccol_internetn,3.41314989782404e-06,baseICC2023_2024.xlsx,
705,Matina,Limón,2024,porc_esccol_internetn,42.914981842041,baseICC2023_2024.xlsx,
706,Guácimo,Limón,2024,porc_esccol_internetn,58.0731506347656,baseICC2023_2024.xlsx,
101,San José,San José,2023,terc_ciencias_porcn,55.5355415344238,baseICC2023_2024.xlsx,
102,Escazú,San José,2023,terc_ciencias_porcn,53.4973258972168,baseICC2023_2024.xlsx,
103,Desamparados,San José,2023,terc_ciencias_porcn,40.8406867980957,baseICC2023_2024.xlsx,
104,Puriscal,San José,2023,terc_ciencias_porcn,37.5674057006836,baseICC2023_2024.xlsx,
105,Tarrazú,San José,2023,terc_ciencias_porcn,42.4685897827148,baseICC2023_2024.xlsx,
106,Aserrí,San José,2023,terc_ciencias_porcn,34.8482322692871,baseICC2023_2024.xlsx,
107,Mora,San José,2023,terc_ciencias_porcn,34.7944755554199,baseICC2023_2024.xlsx,
108,Goicoechea,San José,2023,terc_ciencias_porcn,41.583423614502,baseICC2023_2024.xlsx,
109,Santa Ana,San José,2023,terc_ciencias_porcn,55.6026763916016,baseICC2023_2024.xlsx,
110,Alajuelita,San José,2023,terc_ciencias_porcn,43.1186943054199,baseICC2023_2024.xlsx,
111,Vázquez de Coronado,San José,2023,terc_ciencias_porcn,37.5548858642578,baseICC2023_2024.xlsx,
112,Acosta,San José,2023,terc_ciencias_porcn,22.7728672027588,baseICC2023_2024.xlsx,
113,Tibás,San José,2023,terc_ciencias_porcn,30.6222686767578,baseICC2023_2024.xlsx,
114,Moravia,San José,2023,terc_ciencias_porcn,75.1428756713867,baseICC2023_2024.xlsx,
115,Montes de Oca,San José,2023,terc_ciencias_porcn,67.3617630004883,baseICC2023_2024.xlsx,
116,Turrubares,San José,2023,terc_ciencias_porcn,56.6157035827637,baseICC2023_2024.xlsx,
117,Dota,San José,2023,terc_ciencias_porcn,40.3150177001953,baseICC2023_2024.xlsx,
118,Curridabat,San José,2023,terc_ciencias_porcn,64.7083358764648,baseICC2023_2024.xlsx,
119,Pérez Zeledón,San José,2023,terc_ciencias_porcn,31.3308658599854,baseICC2023_2024.xlsx,
120,León Cortés Castro,San José,2023,terc_ciencias_porcn,25.0765438079834,baseICC2023_2024.xlsx,
201,Alajuela,Alajuela,2023,terc_ciencias_porcn,67.0206756591797,baseICC2023_2024.xlsx,
202,San Ramón,Alajuela,2023,terc_ciencias_porcn,45.5404205322266,baseICC2023_2024.xlsx,
203,Grecia,Alajuela,2023,terc_ciencias_porcn,59.0955009460449,baseICC2023_2024.xlsx,
204,San Mateo,Alajuela,2023,terc_ciencias_porcn,42.1495361328125,baseICC2023_2024.xlsx,
205,Atenas,Alajuela,2023,terc_ciencias_porcn,58.8276252746582,baseICC2023_2024.xlsx,
206,Naranjo,Alajuela,2023,terc_ciencias_porcn,59.2196655273438,baseICC2023_2024.xlsx,
207,Palmares,Alajuela,2023,terc_ciencias_porcn,43.598331451416,baseICC2023_2024.xlsx,
208,Poás,Alajuela,2023,terc_ciencias_porcn,59.5826148986816,baseICC2023_2024.xlsx,
209,Orotina,Alajuela,2023,terc_ciencias_porcn,55.7409629821777,baseICC2023_2024.xlsx,
210,San Carlos,Alajuela,2023,terc_ciencias_porcn,66.2506484985352,baseICC2023_2024.xlsx,
211,Zarcero,Alajuela,2023,terc_ciencias_porcn,64.4804382324219,baseICC2023_2024.xlsx,
212,Sarchí,Alajuela,2023,terc_ciencias_porcn,57.881534576416,baseICC2023_2024.xlsx,
213,Upala,Alajuela,2023,terc_ciencias_porcn,11.3908700942993,baseICC2023_2024.xlsx,
214,Los Chiles,Alajuela,2023,terc_ciencias_porcn,24.182523727417,baseICC2023_2024.xlsx,
215,Guatuso,Alajuela,2023,terc_ciencias_porcn,23.2634086608887,baseICC2023_2024.xlsx,
301,Cartago,Cartago,2023,terc_ciencias_porcn,86.8686599731445,baseICC2023_2024.xlsx,
302,Paraíso,Cartago,2023,terc_ciencias_porcn,62.3374061584473,baseICC2023_2024.xlsx,
303,La Unión,Cartago,2023,terc_ciencias_porcn,71.2893676757813,baseICC2023_2024.xlsx,
304,Jiménez,Cartago,2023,terc_ciencias_porcn,28.5944843292236,baseICC2023_2024.xlsx,
305,Turrialba,Cartago,2023,terc_ciencias_porcn,32.9591941833496,baseICC2023_2024.xlsx,
306,Alvarado,Cartago,2023,terc_ciencias_porcn,69.3446197509766,baseICC2023_2024.xlsx,
307,Oreamuno,Cartago,2023,terc_ciencias_porcn,69.5285263061523,baseICC2023_2024.xlsx,
308,El Guarco,Cartago,2023,terc_ciencias_porcn,72.8326110839844,baseICC2023_2024.xlsx,
401,Heredia,Heredia,2023,terc_ciencias_porcn,57.1999893188477,baseICC2023_2024.xlsx,
402,Barva,Heredia,2023,terc_ciencias_porcn,22.1826992034912,baseICC2023_2024.xlsx,
403,Santo Domingo,Heredia,2023,terc_ciencias_porcn,73.3456039428711,baseICC2023_2024.xlsx,
404,Santa Bárbara,Heredia,2023,terc_ciencias_porcn,44.3717613220215,baseICC2023_2024.xlsx,
405,San Rafael,Heredia,2023,terc_ciencias_porcn,20.1305389404297,baseICC2023_2024.xlsx,
406,San Isidro,Heredia,2023,terc_ciencias_porcn,50.5067825317383,baseICC2023_2024.xlsx,
407,Belén,Heredia,2023,terc_ciencias_porcn,66.9651107788086,baseICC2023_2024.xlsx,
408,Flores,Heredia,2023,terc_ciencias_porcn,45.6141967773438,baseICC2023_2024.xlsx,
409,San Pablo,Heredia,2023,terc_ciencias_porcn,21.0651569366455,baseICC2023_2024.xlsx,
410,Sarapiquí,Heredia,2023,terc_ciencias_porcn,20.5684700012207,baseICC2023_2024.xlsx,
501,Liberia,Guanacaste,2023,terc_ciencias_porcn,39.3806877136231,baseICC2023_2024.xlsx,
502,Nicoya,Guanacaste,2023,terc_ciencias_porcn,22.787015914917,baseICC2023_2024.xlsx,
503,Santa Cruz,Guanacaste,2023,terc_ciencias_porcn,30.7561435699463,baseICC2023_2024.xlsx,
504,Bagaces,Guanacaste,2023,terc_ciencias_porcn,82.0192642211914,baseICC2023_2024.xlsx,
505,Carrillo,Guanacaste,2023,terc_ciencias_porcn,53.747917175293,baseICC2023_2024.xlsx,
506,Cañas,Guanacaste,2023,terc_ciencias_porcn,49.8316955566406,baseICC2023_2024.xlsx,
507,Abangares,Guanacaste,2023,terc_ciencias_porcn,100.0,baseICC2023_2024.xlsx,
508,Tilarán,Guanacaste,2023,terc_ciencias_porcn,80.1060256958008,baseICC2023_2024.xlsx,
509,Nandayure,Guanacaste,2023,terc_ciencias_porcn,65.2075576782227,baseICC2023_2024.xlsx,
510,La Cruz,Guanacaste,2023,terc_ciencias_porcn,12.2929010391235,baseICC2023_2024.xlsx,
511,Hojancha,Guanacaste,2023,terc_ciencias_porcn,69.157958984375,baseICC2023_2024.xlsx,
601,Puntarenas,Puntarenas,2023,terc_ciencias_porcn,49.6991996765137,baseICC2023_2024.xlsx,
602,Esparza,Puntarenas,2023,terc_ciencias_porcn,59.8067779541016,baseICC2023_2024.xlsx,
603,Buenos Aires,Puntarenas,2023,terc_ciencias_porcn,2.1451301574707,baseICC2023_2024.xlsx,
604,Montes de Oro,Puntarenas,2023,terc_ciencias_porcn,49.4347648620606,baseICC2023_2024.xlsx,
605,Osa,Puntarenas,2023,terc_ciencias_porcn,10.6936016082764,baseICC2023_2024.xlsx,
606,Quepos,Puntarenas,2023,terc_ciencias_porcn,10.4013662338257,baseICC2023_2024.xlsx,
607,Golfito,Puntarenas,2023,terc_ciencias_porcn,4.65661287307739,baseICC2023_2024.xlsx,
608,Coto Brus,Puntarenas,2023,terc_ciencias_porcn,24.316312789917,baseICC2023_2024.xlsx,
609,Parrita,Puntarenas,2023,terc_ciencias_porcn,17.5029754638672,baseICC2023_2024.xlsx,
610,Corredores,Puntarenas,2023,terc_ciencias_porcn,21.17795753479,baseICC2023_2024.xlsx,
611,Garabito,Puntarenas,2023,terc_ciencias_porcn,36.5090293884277,baseICC2023_2024.xlsx,
701,Limón,Limón,2023,terc_ciencias_porcn,35.4900131225586,baseICC2023_2024.xlsx,
702,Pococí,Limón,2023,terc_ciencias_porcn,30.6447715759277,baseICC2023_2024.xlsx,
703,Siquirres,Limón,2023,terc_ciencias_porcn,17.8271827697754,baseICC2023_2024.xlsx,
704,Talamanca,Limón,2023,terc_ciencias_porcn,0.00499999988824129,baseICC2023_2024.xlsx,
705,Matina,Limón,2023,terc_ciencias_porcn,16.3034343719482,baseICC2023_2024.xlsx,
706,Guácimo,Limón,2023,terc_ciencias_porcn,16.5111026763916,baseICC2023_2024.xlsx,
101,San José,San José,2024,terc_ciencias_porcn,44.5369567871094,baseICC2023_2024.xlsx,
102,Escazú,San José,2024,terc_ciencias_porcn,49.6752624511719,baseICC2023_2024.xlsx,
103,Desamparados,San José,2024,terc_ciencias_porcn,37.8810234069824,baseICC2023_2024.xlsx,
104,Puriscal,San José,2024,terc_ciencias_porcn,36.8681831359863,baseICC2023_2024.xlsx,
105,Tarrazú,San José,2024,terc_ciencias_porcn,37.4380302429199,baseICC2023_2024.xlsx,
106,Aserrí,San José,2024,terc_ciencias_porcn,30.4424648284912,baseICC2023_2024.xlsx,
107,Mora,San José,2024,terc_ciencias_porcn,34.5364837646484,baseICC2023_2024.xlsx,
108,Goicoechea,San José,2024,terc_ciencias_porcn,39.0300979614258,baseICC2023_2024.xlsx,
109,Santa Ana,San José,2024,terc_ciencias_porcn,50.3860244750977,baseICC2023_2024.xlsx,
110,Alajuelita,San José,2024,terc_ciencias_porcn,38.9619674682617,baseICC2023_2024.xlsx,
111,Vázquez de Coronado,San José,2024,terc_ciencias_porcn,35.5547828674316,baseICC2023_2024.xlsx,
112,Acosta,San José,2024,terc_ciencias_porcn,22.0018291473389,baseICC2023_2024.xlsx,
113,Tibás,San José,2024,terc_ciencias_porcn,36.3551216125488,baseICC2023_2024.xlsx,
114,Moravia,San José,2024,terc_ciencias_porcn,63.9900970458984,baseICC2023_2024.xlsx,
115,Montes de Oca,San José,2024,terc_ciencias_porcn,56.2617950439453,baseICC2023_2024.xlsx,
116,Turrubares,San José,2024,terc_ciencias_porcn,51.8873672485352,baseICC2023_2024.xlsx,
117,Dota,San José,2024,terc_ciencias_porcn,37.4896812438965,baseICC2023_2024.xlsx,
118,Curridabat,San José,2024,terc_ciencias_porcn,51.9857711791992,baseICC2023_2024.xlsx,
119,Pérez Zeledón,San José,2024,terc_ciencias_porcn,41.1654586791992,baseICC2023_2024.xlsx,
120,León Cortés Castro,San José,2024,terc_ciencias_porcn,24.8568363189697,baseICC2023_2024.xlsx,
201,Alajuela,Alajuela,2024,terc_ciencias_porcn,64.1077423095703,baseICC2023_2024.xlsx,
202,San Ramón,Alajuela,2024,terc_ciencias_porcn,42.7639236450195,baseICC2023_2024.xlsx,
203,Grecia,Alajuela,2024,terc_ciencias_porcn,62.1813163757324,baseICC2023_2024.xlsx,
204,San Mateo,Alajuela,2024,terc_ciencias_porcn,42.5117301940918,baseICC2023_2024.xlsx,
205,Atenas,Alajuela,2024,terc_ciencias_porcn,58.4915885925293,baseICC2023_2024.xlsx,
206,Naranjo,Alajuela,2024,terc_ciencias_porcn,58.59423828125,baseICC2023_2024.xlsx,
207,Palmares,Alajuela,2024,terc_ciencias_porcn,37.7502555847168,baseICC2023_2024.xlsx,
208,Poás,Alajuela,2024,terc_ciencias_porcn,58.6410827636719,baseICC2023_2024.xlsx,
209,Orotina,Alajuela,2024,terc_ciencias_porcn,39.7392578125,baseICC2023_2024.xlsx,
210,San Carlos,Alajuela,2024,terc_ciencias_porcn,62.6546669006348,baseICC2023_2024.xlsx,
211,Zarcero,Alajuela,2024,terc_ciencias_porcn,63.7900161743164,baseICC2023_2024.xlsx,
212,Sarchí,Alajuela,2024,terc_ciencias_porcn,62.9679069519043,baseICC2023_2024.xlsx,
213,Upala,Alajuela,2024,terc_ciencias_porcn,17.9944744110107,baseICC2023_2024.xlsx,
214,Los Chiles,Alajuela,2024,terc_ciencias_porcn,29.9937076568604,baseICC2023_2024.xlsx,
215,Guatuso,Alajuela,2024,terc_ciencias_porcn,32.990161895752,baseICC2023_2024.xlsx,
216,Río Cuarto,Alajuela,2024,terc_ciencias_porcn,28.958740234375,baseICC2023_2024.xlsx,
301,Cartago,Cartago,2024,terc_ciencias_porcn,73.7430801391602,baseICC2023_2024.xlsx,
302,Paraíso,Cartago,2024,terc_ciencias_porcn,52.3296966552734,baseICC2023_2024.xlsx,
303,La Unión,Cartago,2024,terc_ciencias_porcn,83.2216415405273,baseICC2023_2024.xlsx,
304,Jiménez,Cartago,2024,terc_ciencias_porcn,26.7958316802979,baseICC2023_2024.xlsx,
305,Turrialba,Cartago,2024,terc_ciencias_porcn,28.8481330871582,baseICC2023_2024.xlsx,
306,Alvarado,Cartago,2024,terc_ciencias_porcn,49.2026405334473,baseICC2023_2024.xlsx,
307,Oreamuno,Cartago,2024,terc_ciencias_porcn,63.433349609375,baseICC2023_2024.xlsx,
308,El Guarco,Cartago,2024,terc_ciencias_porcn,59.4502754211426,baseICC2023_2024.xlsx,
401,Heredia,Heredia,2024,terc_ciencias_porcn,55.0622520446777,baseICC2023_2024.xlsx,
402,Barva,Heredia,2024,terc_ciencias_porcn,40.9124298095703,baseICC2023_2024.xlsx,
403,Santo Domingo,Heredia,2024,terc_ciencias_porcn,74.1537475585938,baseICC2023_2024.xlsx,
404,Santa Bárbara,Heredia,2024,terc_ciencias_porcn,56.2517700195313,baseICC2023_2024.xlsx,
405,San Rafael,Heredia,2024,terc_ciencias_porcn,42.7639236450195,baseICC2023_2024.xlsx,
406,San Isidro,Heredia,2024,terc_ciencias_porcn,61.5740051269531,baseICC2023_2024.xlsx,
407,Belén,Heredia,2024,terc_ciencias_porcn,72.1372375488281,baseICC2023_2024.xlsx,
408,Flores,Heredia,2024,terc_ciencias_porcn,50.6279754638672,baseICC2023_2024.xlsx,
409,San Pablo,Heredia,2024,terc_ciencias_porcn,36.7451248168945,baseICC2023_2024.xlsx,
410,Sarapiquí,Heredia,2024,terc_ciencias_porcn,66.2463226318359,baseICC2023_2024.xlsx,
501,Liberia,Guanacaste,2024,terc_ciencias_porcn,48.9412384033203,baseICC2023_2024.xlsx,
502,Nicoya,Guanacaste,2024,terc_ciencias_porcn,45.6646308898926,baseICC2023_2024.xlsx,
503,Santa Cruz,Guanacaste,2024,terc_ciencias_porcn,54.5136756896973,baseICC2023_2024.xlsx,
504,Bagaces,Guanacaste,2024,terc_ciencias_porcn,79.6862945556641,baseICC2023_2024.xlsx,
505,Carrillo,Guanacaste,2024,terc_ciencias_porcn,63.1108512878418,baseICC2023_2024.xlsx,
506,Cañas,Guanacaste,2024,terc_ciencias_porcn,63.7518463134766,baseICC2023_2024.xlsx,
507,Abangares,Guanacaste,2024,terc_ciencias_porcn,90.5474700927734,baseICC2023_2024.xlsx,
508,Tilarán,Guanacaste,2024,terc_ciencias_porcn,72.7527160644531,baseICC2023_2024.xlsx,
509,Nandayure,Guanacaste,2024,terc_ciencias_porcn,88.7143173217773,baseICC2023_2024.xlsx,
510,La Cruz,Guanacaste,2024,terc_ciencias_porcn,13.4157466888428,baseICC2023_2024.xlsx,
511,Hojancha,Guanacaste,2024,terc_ciencias_porcn,100.0,baseICC2023_2024.xlsx,
601,Puntarenas,Puntarenas,2024,terc_ciencias_porcn,45.7482223510742,baseICC2023_2024.xlsx,
602,Esparza,Puntarenas,2024,terc_ciencias_porcn,56.7571563720703,baseICC2023_2024.xlsx,
603,Buenos Aires,Puntarenas,2024,terc_ciencias_porcn,12.2271862030029,baseICC2023_2024.xlsx,
604,Montes de Oro,Puntarenas,2024,terc_ciencias_porcn,43.1399955749512,baseICC2023_2024.xlsx,
605,Osa,Puntarenas,2024,terc_ciencias_porcn,29.2274856567383,baseICC2023_2024.xlsx,
606,Quepos,Puntarenas,2024,terc_ciencias_porcn,19.6331596374512,baseICC2023_2024.xlsx,
607,Golfito,Puntarenas,2024,terc_ciencias_porcn,23.2969150543213,baseICC2023_2024.xlsx,
608,Coto Brus,Puntarenas,2024,terc_ciencias_porcn,35.0197601318359,baseICC2023_2024.xlsx,
609,Parrita,Puntarenas,2024,terc_ciencias_porcn,20.4813938140869,baseICC2023_2024.xlsx,
610,Corredores,Puntarenas,2024,terc_ciencias_porcn,39.8261566162109,baseICC2023_2024.xlsx,
611,Garabito,Puntarenas,2024,terc_ciencias_porcn,67.3384552001953,baseICC2023_2024.xlsx,
701,Limón,Limón,2024,terc_ciencias_porcn,29.4604721069336,baseICC2023_2024.xlsx,
702,Pococí,Limón,2024,terc_ciencias_porcn,34.3257331848145,baseICC2023_2024.xlsx,
703,Siquirres,Limón,2024,terc_ciencias_porcn,22.4943180084229,baseICC2023_2024.xlsx,
704,Talamanca,Limón,2024,terc_ciencias_porcn,0.0,baseICC2023_2024.xlsx,
705,Matina,Limón,2024,terc_ciencias_porcn,16.9660053253174,baseICC2023_2024.xlsx,
706,Guácimo,Limón,2024,terc_ciencias_porcn,23.2693710327148,baseICC2023_2024.xlsx,
101,San José,San José,2023,ln_exp_cid_pea_atn,73.7466506958008,baseICC2023_2024.xlsx,
102,Escazú,San José,2023,ln_exp_cid_pea_atn,59.9685211181641,baseICC2023_2024.xlsx,
103,Desamparados,San José,2023,ln_exp_cid_pea_atn,28.7574348449707,baseICC2023_2024.xlsx,
104,Puriscal,San José,2023,ln_exp_cid_pea_atn,0.00499999988824129,baseICC2023_2024.xlsx,
105,Tarrazú,San José,2023,ln_exp_cid_pea_atn,0.00499999988824129,baseICC2023_2024.xlsx,
106,Aserrí,San José,2023,ln_exp_cid_pea_atn,11.886194229126,baseICC2023_2024.xlsx,
107,Mora,San José,2023,ln_exp_cid_pea_atn,2.040607213974,baseICC2023_2024.xlsx,
108,Goicoechea,San José,2023,ln_exp_cid_pea_atn,35.8002738952637,baseICC2023_2024.xlsx,
109,Santa Ana,San José,2023,ln_exp_cid_pea_atn,45.3426094055176,baseICC2023_2024.xlsx,
110,Alajuelita,San José,2023,ln_exp_cid_pea_atn,9.23516941070557,baseICC2023_2024.xlsx,
111,Vázquez de Coronado,San José,2023,ln_exp_cid_pea_atn,20.1589107513428,baseICC2023_2024.xlsx,
112,Acosta,San José,2023,ln_exp_cid_pea_atn,46.107666015625,baseICC2023_2024.xlsx,
113,Tibás,San José,2023,ln_exp_cid_pea_atn,48.112003326416,baseICC2023_2024.xlsx,
114,Moravia,San José,2023,ln_exp_cid_pea_atn,32.1378898620606,baseICC2023_2024.xlsx,
115,Montes de Oca,San José,2023,ln_exp_cid_pea_atn,70.457649230957,baseICC2023_2024.xlsx,
116,Turrubares,San José,2023,ln_exp_cid_pea_atn,0.00499999988824129,baseICC2023_2024.xlsx,
117,Dota,San José,2023,ln_exp_cid_pea_atn,0.00499999988824129,baseICC2023_2024.xlsx,
118,Curridabat,San José,2023,ln_exp_cid_pea_atn,58.2736968994141,baseICC2023_2024.xlsx,
119,Pérez Zeledón,San José,2023,ln_exp_cid_pea_atn,4.61950588226318,baseICC2023_2024.xlsx,
120,León Cortés Castro,San José,2023,ln_exp_cid_pea_atn,0.00499999988824129,baseICC2023_2024.xlsx,
201,Alajuela,Alajuela,2023,ln_exp_cid_pea_atn,96.6937789916992,baseICC2023_2024.xlsx,
202,San Ramón,Alajuela,2023,ln_exp_cid_pea_atn,6.50309705734253,baseICC2023_2024.xlsx,
203,Grecia,Alajuela,2023,ln_exp_cid_pea_atn,49.7184257507324,baseICC2023_2024.xlsx,
204,San Mateo,Alajuela,2023,ln_exp_cid_pea_atn,0.00499999988824129,baseICC2023_2024.xlsx,
205,Atenas,Alajuela,2023,ln_exp_cid_pea_atn,1.07941806316376,baseICC2023_2024.xlsx,
206,Naranjo,Alajuela,2023,ln_exp_cid_pea_atn,0.00499999988824129,baseICC2023_2024.xlsx,
207,Palmares,Alajuela,2023,ln_exp_cid_pea_atn,13.4267015457153,baseICC2023_2024.xlsx,
208,Poás,Alajuela,2023,ln_exp_cid_pea_atn,0.20130056142807,baseICC2023_2024.xlsx,
209,Orotina,Alajuela,2023,ln_exp_cid_pea_atn,15.4260025024414,baseICC2023_2024.xlsx,
210,San Carlos,Alajuela,2023,ln_exp_cid_pea_atn,0.277534127235413,baseICC2023_2024.xlsx,
211,Zarcero,Alajuela,2023,ln_exp_cid_pea_atn,0.00499999988824129,baseICC2023_2024.xlsx,
212,Sarchí,Alajuela,2023,ln_exp_cid_pea_atn,0.00499999988824129,baseICC2023_2024.xlsx,
213,Upala,Alajuela,2023,ln_exp_cid_pea_atn,0.00499999988824129,baseICC2023_2024.xlsx,
214,Los Chiles,Alajuela,2023,ln_exp_cid_pea_atn,0.00499999988824129,baseICC2023_2024.xlsx,
215,Guatuso,Alajuela,2023,ln_exp_cid_pea_atn,0.00499999988824129,baseICC2023_2024.xlsx,
301,Cartago,Cartago,2023,ln_exp_cid_pea_atn,83.61865234375,baseICC2023_2024.xlsx,
302,Paraíso,Cartago,2023,ln_exp_cid_pea_atn,1.19343590736389,baseICC2023_2024.xlsx,
303,La Unión,Cartago,2023,ln_exp_cid_pea_atn,5.97843265533447,baseICC2023_2024.xlsx,
304,Jiménez,Cartago,2023,ln_exp_cid_pea_atn,0.00499999988824129,baseICC2023_2024.xlsx,
305,Turrialba,Cartago,2023,ln_exp_cid_pea_atn,0.127039864659309,baseICC2023_2024.xlsx,
306,Alvarado,Cartago,2023,ln_exp_cid_pea_atn,0.00499999988824129,baseICC2023_2024.xlsx,
307,Oreamuno,Cartago,2023,ln_exp_cid_pea_atn,0.00499999988824129,baseICC2023_2024.xlsx,
308,El Guarco,Cartago,2023,ln_exp_cid_pea_atn,85.4037017822266,baseICC2023_2024.xlsx,
401,Heredia,Heredia,2023,ln_exp_cid_pea_atn,100.0,baseICC2023_2024.xlsx,
402,Barva,Heredia,2023,ln_exp_cid_pea_atn,8.9159049987793,baseICC2023_2024.xlsx,
403,Santo Domingo,Heredia,2023,ln_exp_cid_pea_atn,68.4186401367188,baseICC2023_2024.xlsx,
404,Santa Bárbara,Heredia,2023,ln_exp_cid_pea_atn,13.4641904830933,baseICC2023_2024.xlsx,
405,San Rafael,Heredia,2023,ln_exp_cid_pea_atn,5.9224100112915,baseICC2023_2024.xlsx,
406,San Isidro,Heredia,2023,ln_exp_cid_pea_atn,1.14466321468353,baseICC2023_2024.xlsx,
407,Belén,Heredia,2023,ln_exp_cid_pea_atn,70.9879455566406,baseICC2023_2024.xlsx,
408,Flores,Heredia,2023,ln_exp_cid_pea_atn,25.5733394622803,baseICC2023_2024.xlsx,
409,San Pablo,Heredia,2023,ln_exp_cid_pea_atn,35.3120841979981,baseICC2023_2024.xlsx,
410,Sarapiquí,Heredia,2023,ln_exp_cid_pea_atn,5.09573745727539,baseICC2023_2024.xlsx,
501,Liberia,Guanacaste,2023,ln_exp_cid_pea_atn,39.3870010375977,baseICC2023_2024.xlsx,
502,Nicoya,Guanacaste,2023,ln_exp_cid_pea_atn,0.00499999988824129,baseICC2023_2024.xlsx,
503,Santa Cruz,Guanacaste,2023,ln_exp_cid_pea_atn,0.00499999988824129,baseICC2023_2024.xlsx,
504,Bagaces,Guanacaste,2023,ln_exp_cid_pea_atn,46.5500946044922,baseICC2023_2024.xlsx,
505,Carrillo,Guanacaste,2023,ln_exp_cid_pea_atn,0.0102450456470251,baseICC2023_2024.xlsx,
506,Cañas,Guanacaste,2023,ln_exp_cid_pea_atn,1.62738764286041,baseICC2023_2024.xlsx,
507,Abangares,Guanacaste,2023,ln_exp_cid_pea_atn,0.00499999988824129,baseICC2023_2024.xlsx,
508,Tilarán,Guanacaste,2023,ln_exp_cid_pea_atn,0.00499999988824129,baseICC2023_2024.xlsx,
509,Nandayure,Guanacaste,2023,ln_exp_cid_pea_atn,0.00499999988824129,baseICC2023_2024.xlsx,
510,La Cruz,Guanacaste,2023,ln_exp_cid_pea_atn,13.8239622116089,baseICC2023_2024.xlsx,
511,Hojancha,Guanacaste,2023,ln_exp_cid_pea_atn,0.00499999988824129,baseICC2023_2024.xlsx,
601,Puntarenas,Puntarenas,2023,ln_exp_cid_pea_atn,0.00499999988824129,baseICC2023_2024.xlsx,
602,Esparza,Puntarenas,2023,ln_exp_cid_pea_atn,1.48503315448761,baseICC2023_2024.xlsx,
603,Buenos Aires,Puntarenas,2023,ln_exp_cid_pea_atn,0.00499999988824129,baseICC2023_2024.xlsx,
604,Montes de Oro,Puntarenas,2023,ln_exp_cid_pea_atn,1.48927593231201,baseICC2023_2024.xlsx,
605,Osa,Puntarenas,2023,ln_exp_cid_pea_atn,0.00499999988824129,baseICC2023_2024.xlsx,
606,Quepos,Puntarenas,2023,ln_exp_cid_pea_atn,4.23161602020264,baseICC2023_2024.xlsx,
607,Golfito,Puntarenas,2023,ln_exp_cid_pea_atn,0.00499999988824129,baseICC2023_2024.xlsx,
608,Coto Brus,Puntarenas,2023,ln_exp_cid_pea_atn,0.00499999988824129,baseICC2023_2024.xlsx,
609,Parrita,Puntarenas,2023,ln_exp_cid_pea_atn,5.84639406204224,baseICC2023_2024.xlsx,
610,Corredores,Puntarenas,2023,ln_exp_cid_pea_atn,0.00499999988824129,baseICC2023_2024.xlsx,
611,Garabito,Puntarenas,2023,ln_exp_cid_pea_atn,7.94650030136108,baseICC2023_2024.xlsx,
701,Limón,Limón,2023,ln_exp_cid_pea_atn,7.90848207473755,baseICC2023_2024.xlsx,
702,Pococí,Limón,2023,ln_exp_cid_pea_atn,27.647834777832,baseICC2023_2024.xlsx,
703,Siquirres,Limón,2023,ln_exp_cid_pea_atn,0.217813163995743,baseICC2023_2024.xlsx,
704,Talamanca,Limón,2023,ln_exp_cid_pea_atn,0.00499999988824129,baseICC2023_2024.xlsx,
705,Matina,Limón,2023,ln_exp_cid_pea_atn,0.00499999988824129,baseICC2023_2024.xlsx,
706,Guácimo,Limón,2023,ln_exp_cid_pea_atn,12.8051061630249,baseICC2023_2024.xlsx,
101,San José,San José,2024,ln_exp_cid_pea_atn,68.163444519043,baseICC2023_2024.xlsx,
102,Escazú,San José,2024,ln_exp_cid_pea_atn,90.2946166992188,baseICC2023_2024.xlsx,
103,Desamparados,San José,2024,ln_exp_cid_pea_atn,30.6162662506104,baseICC2023_2024.xlsx,
104,Puriscal,San José,2024,ln_exp_cid_pea_atn,0.0,baseICC2023_2024.xlsx,
105,Tarrazú,San José,2024,ln_exp_cid_pea_atn,0.0,baseICC2023_2024.xlsx,
106,Aserrí,San José,2024,ln_exp_cid_pea_atn,13.0769100189209,baseICC2023_2024.xlsx,
107,Mora,San José,2024,ln_exp_cid_pea_atn,2.34021592140198,baseICC2023_2024.xlsx,
108,Goicoechea,San José,2024,ln_exp_cid_pea_atn,34.7597198486328,baseICC2023_2024.xlsx,
109,Santa Ana,San José,2024,ln_exp_cid_pea_atn,50.0268325805664,baseICC2023_2024.xlsx,
110,Alajuelita,San José,2024,ln_exp_cid_pea_atn,5.61751317977905,baseICC2023_2024.xlsx,
111,Vázquez de Coronado,San José,2024,ln_exp_cid_pea_atn,1.73685014247894,baseICC2023_2024.xlsx,
112,Acosta,San José,2024,ln_exp_cid_pea_atn,33.1919059753418,baseICC2023_2024.xlsx,
113,Tibás,San José,2024,ln_exp_cid_pea_atn,48.0360679626465,baseICC2023_2024.xlsx,
114,Moravia,San José,2024,ln_exp_cid_pea_atn,34.7522087097168,baseICC2023_2024.xlsx,
115,Montes de Oca,San José,2024,ln_exp_cid_pea_atn,69.9735946655273,baseICC2023_2024.xlsx,
116,Turrubares,San José,2024,ln_exp_cid_pea_atn,0.0,baseICC2023_2024.xlsx,
117,Dota,San José,2024,ln_exp_cid_pea_atn,0.0,baseICC2023_2024.xlsx,
118,Curridabat,San José,2024,ln_exp_cid_pea_atn,58.5102195739746,baseICC2023_2024.xlsx,
119,Pérez Zeledón,San José,2024,ln_exp_cid_pea_atn,0.0,baseICC2023_2024.xlsx,
120,León Cortés Castro,San José,2024,ln_exp_cid_pea_atn,0.0,baseICC2023_2024.xlsx,
201,Alajuela,Alajuela,2024,ln_exp_cid_pea_atn,98.8150024414063,baseICC2023_2024.xlsx,
202,San Ramón,Alajuela,2024,ln_exp_cid_pea_atn,1.8657078742981,baseICC2023_2024.xlsx,
203,Grecia,Alajuela,2024,ln_exp_cid_pea_atn,54.0480842590332,baseICC2023_2024.xlsx,
204,San Mateo,Alajuela,2024,ln_exp_cid_pea_atn,0.0,baseICC2023_2024.xlsx,
205,Atenas,Alajuela,2024,ln_exp_cid_pea_atn,0.0,baseICC2023_2024.xlsx,
206,Naranjo,Alajuela,2024,ln_exp_cid_pea_atn,0.0,baseICC2023_2024.xlsx,
207,Palmares,Alajuela,2024,ln_exp_cid_pea_atn,10.0658903121948,baseICC2023_2024.xlsx,
208,Poás,Alajuela,2024,ln_exp_cid_pea_atn,0.0,baseICC2023_2024.xlsx,
209,Orotina,Alajuela,2024,ln_exp_cid_pea_atn,1.99741399288178,baseICC2023_2024.xlsx,
210,San Carlos,Alajuela,2024,ln_exp_cid_pea_atn,1.19308018684387,baseICC2023_2024.xlsx,
211,Zarcero,Alajuela,2024,ln_exp_cid_pea_atn,0.0,baseICC2023_2024.xlsx,
212,Sarchí,Alajuela,2024,ln_exp_cid_pea_atn,0.0,baseICC2023_2024.xlsx,
213,Upala,Alajuela,2024,ln_exp_cid_pea_atn,0.0,baseICC2023_2024.xlsx,
214,Los Chiles,Alajuela,2024,ln_exp_cid_pea_atn,0.0,baseICC2023_2024.xlsx,
215,Guatuso,Alajuela,2024,ln_exp_cid_pea_atn,0.0,baseICC2023_2024.xlsx,
216,Río Cuarto,Alajuela,2024,ln_exp_cid_pea_atn,1.89952456951141,baseICC2023_2024.xlsx,
301,Cartago,Cartago,2024,ln_exp_cid_pea_atn,81.5280838012695,baseICC2023_2024.xlsx,
302,Paraíso,Cartago,2024,ln_exp_cid_pea_atn,0.0,baseICC2023_2024.xlsx,
303,La Unión,Cartago,2024,ln_exp_cid_pea_atn,9.06506443023682,baseICC2023_2024.xlsx,
304,Jiménez,Cartago,2024,ln_exp_cid_pea_atn,0.0,baseICC2023_2024.xlsx,
305,Turrialba,Cartago,2024,ln_exp_cid_pea_atn,0.0,baseICC2023_2024.xlsx,
306,Alvarado,Cartago,2024,ln_exp_cid_pea_atn,0.0,baseICC2023_2024.xlsx,
307,Oreamuno,Cartago,2024,ln_exp_cid_pea_atn,0.880977332592011,baseICC2023_2024.xlsx,
308,El Guarco,Cartago,2024,ln_exp_cid_pea_atn,86.2660140991211,baseICC2023_2024.xlsx,
401,Heredia,Heredia,2024,ln_exp_cid_pea_atn,100.0,baseICC2023_2024.xlsx,
402,Barva,Heredia,2024,ln_exp_cid_pea_atn,4.80445003509522,baseICC2023_2024.xlsx,
403,Santo Domingo,Heredia,2024,ln_exp_cid_pea_atn,71.4931716918945,baseICC2023_2024.xlsx,
404,Santa Bárbara,Heredia,2024,ln_exp_cid_pea_atn,4.49716281890869,baseICC2023_2024.xlsx,
405,San Rafael,Heredia,2024,ln_exp_cid_pea_atn,1.93940758705139,baseICC2023_2024.xlsx,
406,San Isidro,Heredia,2024,ln_exp_cid_pea_atn,3.19057154655457,baseICC2023_2024.xlsx,
407,Belén,Heredia,2024,ln_exp_cid_pea_atn,82.8097305297852,baseICC2023_2024.xlsx,
408,Flores,Heredia,2024,ln_exp_cid_pea_atn,23.1296844482422,baseICC2023_2024.xlsx,
409,San Pablo,Heredia,2024,ln_exp_cid_pea_atn,37.5699005126953,baseICC2023_2024.xlsx,
410,Sarapiquí,Heredia,2024,ln_exp_cid_pea_atn,0.0,baseICC2023_2024.xlsx,
501,Liberia,Guanacaste,2024,ln_exp_cid_pea_atn,40.2453498840332,baseICC2023_2024.xlsx,
502,Nicoya,Guanacaste,2024,ln_exp_cid_pea_atn,7.65978193283081,baseICC2023_2024.xlsx,
503,Santa Cruz,Guanacaste,2024,ln_exp_cid_pea_atn,0.0,baseICC2023_2024.xlsx,
504,Bagaces,Guanacaste,2024,ln_exp_cid_pea_atn,46.3166847229004,baseICC2023_2024.xlsx,
505,Carrillo,Guanacaste,2024,ln_exp_cid_pea_atn,0.96949028968811,baseICC2023_2024.xlsx,
506,Cañas,Guanacaste,2024,ln_exp_cid_pea_atn,0.0,baseICC2023_2024.xlsx,
507,Abangares,Guanacaste,2024,ln_exp_cid_pea_atn,0.0,baseICC2023_2024.xlsx,
508,Tilarán,Guanacaste,2024,ln_exp_cid_pea_atn,0.0,baseICC2023_2024.xlsx,
509,Nandayure,Guanacaste,2024,ln_exp_cid_pea_atn,0.0,baseICC2023_2024.xlsx,
510,La Cruz,Guanacaste,2024,ln_exp_cid_pea_atn,7.89310121536255,baseICC2023_2024.xlsx,
511,Hojancha,Guanacaste,2024,ln_exp_cid_pea_atn,0.0,baseICC2023_2024.xlsx,
601,Puntarenas,Puntarenas,2024,ln_exp_cid_pea_atn,0.0,baseICC2023_2024.xlsx,
602,Esparza,Puntarenas,2024,ln_exp_cid_pea_atn,0.0,baseICC2023_2024.xlsx,
603,Buenos Aires,Puntarenas,2024,ln_exp_cid_pea_atn,0.0,baseICC2023_2024.xlsx,
604,Montes de Oro,Puntarenas,2024,ln_exp_cid_pea_atn,0.0,baseICC2023_2024.xlsx,
605,Osa,Puntarenas,2024,ln_exp_cid_pea_atn,0.0,baseICC2023_2024.xlsx,
606,Quepos,Puntarenas,2024,ln_exp_cid_pea_atn,0.0,baseICC2023_2024.xlsx,
607,Golfito,Puntarenas,2024,ln_exp_cid_pea_atn,0.0,baseICC2023_2024.xlsx,
608,Coto Brus,Puntarenas,2024,ln_exp_cid_pea_atn,0.0,baseICC2023_2024.xlsx,
609,Parrita,Puntarenas,2024,ln_exp_cid_pea_atn,1.16732406616211,baseICC2023_2024.xlsx,
610,Corredores,Puntarenas,2024,ln_exp_cid_pea_atn,0.0,baseICC2023_2024.xlsx,
611,Garabito,Puntarenas,2024,ln_exp_cid_pea_atn,0.0,baseICC2023_2024.xlsx,
701,Limón,Limón,2024,ln_exp_cid_pea_atn,0.643465042114258,baseICC2023_2024.xlsx,
702,Pococí,Limón,2024,ln_exp_cid_pea_atn,14.6052494049072,baseICC2023_2024.xlsx,
703,Siquirres,Limón,2024,ln_exp_cid_pea_atn,0.0,baseICC2023_2024.xlsx,
704,Talamanca,Limón,2024,ln_exp_cid_pea_atn,20.005464553833,baseICC2023_2024.xlsx,
705,Matina,Limón,2024,ln_exp_cid_pea_atn,0.0,baseICC2023_2024.xlsx,
706,Guácimo,Limón,2024,ln_exp_cid_pea_atn,15.4796142578125,baseICC2023_2024.xlsx,
101,San José,San José,2023,evidan,63.8924179077148,baseICC2023_2024.xlsx,
102,Escazú,San José,2023,evidan,58.3954277038574,baseICC2023_2024.xlsx,
103,Desamparados,San José,2023,evidan,61.1201934814453,baseICC2023_2024.xlsx,
104,Puriscal,San José,2023,evidan,68.5087203979492,baseICC2023_2024.xlsx,
105,Tarrazú,San José,2023,evidan,56.1266136169434,baseICC2023_2024.xlsx,
106,Aserrí,San José,2023,evidan,49.3662643432617,baseICC2023_2024.xlsx,
107,Mora,San José,2023,evidan,42.5324478149414,baseICC2023_2024.xlsx,
108,Goicoechea,San José,2023,evidan,58.9125022888184,baseICC2023_2024.xlsx,
109,Santa Ana,San José,2023,evidan,75.2428741455078,baseICC2023_2024.xlsx,
110,Alajuelita,San José,2023,evidan,56.0723838806152,baseICC2023_2024.xlsx,
111,Vázquez de Coronado,San José,2023,evidan,78.2078170776367,baseICC2023_2024.xlsx,
112,Acosta,San José,2023,evidan,23.7344379425049,baseICC2023_2024.xlsx,
113,Tibás,San José,2023,evidan,80.4946746826172,baseICC2023_2024.xlsx,
114,Moravia,San José,2023,evidan,61.7983322143555,baseICC2023_2024.xlsx,
115,Montes de Oca,San José,2023,evidan,99.6670913696289,baseICC2023_2024.xlsx,
116,Turrubares,San José,2023,evidan,100.0,baseICC2023_2024.xlsx,
117,Dota,San José,2023,evidan,0.251766204833984,baseICC2023_2024.xlsx,
118,Curridabat,San José,2023,evidan,75.0778579711914,baseICC2023_2024.xlsx,
119,Pérez Zeledón,San José,2023,evidan,38.8508911132813,baseICC2023_2024.xlsx,
120,León Cortés Castro,San José,2023,evidan,55.6775512695313,baseICC2023_2024.xlsx,
201,Alajuela,Alajuela,2023,evidan,53.7659950256348,baseICC2023_2024.xlsx,
202,San Ramón,Alajuela,2023,evidan,66.0873260498047,baseICC2023_2024.xlsx,
203,Grecia,Alajuela,2023,evidan,74.0231475830078,baseICC2023_2024.xlsx,
204,San Mateo,Alajuela,2023,evidan,47.9881134033203,baseICC2023_2024.xlsx,
205,Atenas,Alajuela,2023,evidan,75.2079696655273,baseICC2023_2024.xlsx,
206,Naranjo,Alajuela,2023,evidan,59.7161293029785,baseICC2023_2024.xlsx,
207,Palmares,Alajuela,2023,evidan,77.6516952514648,baseICC2023_2024.xlsx,
208,Poás,Alajuela,2023,evidan,21.9953308105469,baseICC2023_2024.xlsx,
209,Orotina,Alajuela,2023,evidan,34.4689903259277,baseICC2023_2024.xlsx,
210,San Carlos,Alajuela,2023,evidan,62.5632095336914,baseICC2023_2024.xlsx,
211,Zarcero,Alajuela,2023,evidan,59.1787109375,baseICC2023_2024.xlsx,
212,Sarchí,Alajuela,2023,evidan,47.6974182128906,baseICC2023_2024.xlsx,
213,Upala,Alajuela,2023,evidan,62.2818450927734,baseICC2023_2024.xlsx,
214,Los Chiles,Alajuela,2023,evidan,66.2530746459961,baseICC2023_2024.xlsx,
215,Guatuso,Alajuela,2023,evidan,38.2339363098145,baseICC2023_2024.xlsx,
301,Cartago,Cartago,2023,evidan,53.1825561523438,baseICC2023_2024.xlsx,
302,Paraíso,Cartago,2023,evidan,36.4763069152832,baseICC2023_2024.xlsx,
303,La Unión,Cartago,2023,evidan,74.3126068115234,baseICC2023_2024.xlsx,
304,Jiménez,Cartago,2023,evidan,32.615665435791,baseICC2023_2024.xlsx,
305,Turrialba,Cartago,2023,evidan,63.1357078552246,baseICC2023_2024.xlsx,
306,Alvarado,Cartago,2023,evidan,29.6084232330322,baseICC2023_2024.xlsx,
307,Oreamuno,Cartago,2023,evidan,62.0721206665039,baseICC2023_2024.xlsx,
308,El Guarco,Cartago,2023,evidan,42.345874786377,baseICC2023_2024.xlsx,
401,Heredia,Heredia,2023,evidan,84.2348709106445,baseICC2023_2024.xlsx,
402,Barva,Heredia,2023,evidan,32.5484771728516,baseICC2023_2024.xlsx,
403,Santo Domingo,Heredia,2023,evidan,72.1764297485352,baseICC2023_2024.xlsx,
404,Santa Bárbara,Heredia,2023,evidan,49.9746971130371,baseICC2023_2024.xlsx,
405,San Rafael,Heredia,2023,evidan,80.690315246582,baseICC2023_2024.xlsx,
406,San Isidro,Heredia,2023,evidan,33.3953094482422,baseICC2023_2024.xlsx,
407,Belén,Heredia,2023,evidan,86.7760238647461,baseICC2023_2024.xlsx,
408,Flores,Heredia,2023,evidan,65.5322113037109,baseICC2023_2024.xlsx,
409,San Pablo,Heredia,2023,evidan,55.0341949462891,baseICC2023_2024.xlsx,
410,Sarapiquí,Heredia,2023,evidan,55.5549736022949,baseICC2023_2024.xlsx,
501,Liberia,Guanacaste,2023,evidan,35.1432876586914,baseICC2023_2024.xlsx,
502,Nicoya,Guanacaste,2023,evidan,52.9319038391113,baseICC2023_2024.xlsx,
503,Santa Cruz,Guanacaste,2023,evidan,45.5263938903809,baseICC2023_2024.xlsx,
504,Bagaces,Guanacaste,2023,evidan,48.7059669494629,baseICC2023_2024.xlsx,
505,Carrillo,Guanacaste,2023,evidan,30.4157314300537,baseICC2023_2024.xlsx,
506,Cañas,Guanacaste,2023,evidan,19.9862365722656,baseICC2023_2024.xlsx,
507,Abangares,Guanacaste,2023,evidan,31.5185718536377,baseICC2023_2024.xlsx,
508,Tilarán,Guanacaste,2023,evidan,90.9184417724609,baseICC2023_2024.xlsx,
509,Nandayure,Guanacaste,2023,evidan,46.6938514709473,baseICC2023_2024.xlsx,
510,La Cruz,Guanacaste,2023,evidan,59.2587356567383,baseICC2023_2024.xlsx,
511,Hojancha,Guanacaste,2023,evidan,43.6775054931641,baseICC2023_2024.xlsx,
601,Puntarenas,Puntarenas,2023,evidan,50.0439872741699,baseICC2023_2024.xlsx,
602,Esparza,Puntarenas,2023,evidan,56.3188438415527,baseICC2023_2024.xlsx,
603,Buenos Aires,Puntarenas,2023,evidan,53.1906661987305,baseICC2023_2024.xlsx,
604,Montes de Oro,Puntarenas,2023,evidan,15.2285175323486,baseICC2023_2024.xlsx,
605,Osa,Puntarenas,2023,evidan,20.1068878173828,baseICC2023_2024.xlsx,
606,Quepos,Puntarenas,2023,evidan,57.5327758789063,baseICC2023_2024.xlsx,
607,Golfito,Puntarenas,2023,evidan,54.0410232543945,baseICC2023_2024.xlsx,
608,Coto Brus,Puntarenas,2023,evidan,29.6231060028076,baseICC2023_2024.xlsx,
609,Parrita,Puntarenas,2023,evidan,38.634090423584,baseICC2023_2024.xlsx,
610,Corredores,Puntarenas,2023,evidan,41.9627380371094,baseICC2023_2024.xlsx,
611,Garabito,Puntarenas,2023,evidan,5.19438123703003,baseICC2023_2024.xlsx,
701,Limón,Limón,2023,evidan,2.4812502861023,baseICC2023_2024.xlsx,
702,Pococí,Limón,2023,evidan,52.1329116821289,baseICC2023_2024.xlsx,
703,Siquirres,Limón,2023,evidan,43.9503746032715,baseICC2023_2024.xlsx,
704,Talamanca,Limón,2023,evidan,28.8270645141602,baseICC2023_2024.xlsx,
705,Matina,Limón,2023,evidan,0.00499999988824129,baseICC2023_2024.xlsx,
706,Guácimo,Limón,2023,evidan,51.0870628356934,baseICC2023_2024.xlsx,
101,San José,San José,2024,evidan,80.9098281860352,baseICC2023_2024.xlsx,
102,Escazú,San José,2024,evidan,76.6789627075195,baseICC2023_2024.xlsx,
103,Desamparados,San José,2024,evidan,71.3224258422852,baseICC2023_2024.xlsx,
104,Puriscal,San José,2024,evidan,49.6916656494141,baseICC2023_2024.xlsx,
105,Tarrazú,San José,2024,evidan,61.2399024963379,baseICC2023_2024.xlsx,
106,Aserrí,San José,2024,evidan,72.3693389892578,baseICC2023_2024.xlsx,
107,Mora,San José,2024,evidan,26.0513362884522,baseICC2023_2024.xlsx,
108,Goicoechea,San José,2024,evidan,72.2536926269531,baseICC2023_2024.xlsx,
109,Santa Ana,San José,2024,evidan,60.1951789855957,baseICC2023_2024.xlsx,
110,Alajuelita,San José,2024,evidan,56.9491691589356,baseICC2023_2024.xlsx,
111,Vázquez de Coronado,San José,2024,evidan,72.499641418457,baseICC2023_2024.xlsx,
112,Acosta,San José,2024,evidan,63.4910583496094,baseICC2023_2024.xlsx,
113,Tibás,San José,2024,evidan,99.0439147949219,baseICC2023_2024.xlsx,
114,Moravia,San José,2024,evidan,81.542350769043,baseICC2023_2024.xlsx,
115,Montes de Oca,San José,2024,evidan,100.0,baseICC2023_2024.xlsx,
116,Turrubares,San José,2024,evidan,60.6520729064941,baseICC2023_2024.xlsx,
117,Dota,San José,2024,evidan,17.9481983184814,baseICC2023_2024.xlsx,
118,Curridabat,San José,2024,evidan,74.3311386108398,baseICC2023_2024.xlsx,
119,Pérez Zeledón,San José,2024,evidan,49.9614524841309,baseICC2023_2024.xlsx,
120,León Cortés Castro,San José,2024,evidan,98.1021499633789,baseICC2023_2024.xlsx,
201,Alajuela,Alajuela,2024,evidan,65.6513671875,baseICC2023_2024.xlsx,
202,San Ramón,Alajuela,2024,evidan,68.3925323486328,baseICC2023_2024.xlsx,
203,Grecia,Alajuela,2024,evidan,61.8572311401367,baseICC2023_2024.xlsx,
204,San Mateo,Alajuela,2024,evidan,76.5316696166992,baseICC2023_2024.xlsx,
205,Atenas,Alajuela,2024,evidan,60.6422538757324,baseICC2023_2024.xlsx,
206,Naranjo,Alajuela,2024,evidan,61.8521881103516,baseICC2023_2024.xlsx,
207,Palmares,Alajuela,2024,evidan,100.0,baseICC2023_2024.xlsx,
208,Poás,Alajuela,2024,evidan,65.3505096435547,baseICC2023_2024.xlsx,
209,Orotina,Alajuela,2024,evidan,29.7484455108643,baseICC2023_2024.xlsx,
210,San Carlos,Alajuela,2024,evidan,66.1742782592773,baseICC2023_2024.xlsx,
211,Zarcero,Alajuela,2024,evidan,44.8477554321289,baseICC2023_2024.xlsx,
212,Sarchí,Alajuela,2024,evidan,69.2909088134766,baseICC2023_2024.xlsx,
213,Upala,Alajuela,2024,evidan,51.3179702758789,baseICC2023_2024.xlsx,
214,Los Chiles,Alajuela,2024,evidan,62.8921203613281,baseICC2023_2024.xlsx,
215,Guatuso,Alajuela,2024,evidan,75.5905990600586,baseICC2023_2024.xlsx,
216,Río Cuarto,Alajuela,2024,evidan,100.0,baseICC2023_2024.xlsx,
301,Cartago,Cartago,2024,evidan,62.554801940918,baseICC2023_2024.xlsx,
302,Paraíso,Cartago,2024,evidan,56.2787132263184,baseICC2023_2024.xlsx,
303,La Unión,Cartago,2024,evidan,98.3990631103516,baseICC2023_2024.xlsx,
304,Jiménez,Cartago,2024,evidan,54.8442001342773,baseICC2023_2024.xlsx,
305,Turrialba,Cartago,2024,evidan,57.6687202453613,baseICC2023_2024.xlsx,
306,Alvarado,Cartago,2024,evidan,76.5263824462891,baseICC2023_2024.xlsx,
307,Oreamuno,Cartago,2024,evidan,77.1936721801758,baseICC2023_2024.xlsx,
308,El Guarco,Cartago,2024,evidan,59.952018737793,baseICC2023_2024.xlsx,
401,Heredia,Heredia,2024,evidan,91.6310729980469,baseICC2023_2024.xlsx,
402,Barva,Heredia,2024,evidan,60.0875244140625,baseICC2023_2024.xlsx,
403,Santo Domingo,Heredia,2024,evidan,100.0,baseICC2023_2024.xlsx,
404,Santa Bárbara,Heredia,2024,evidan,75.5564956665039,baseICC2023_2024.xlsx,
405,San Rafael,Heredia,2024,evidan,77.1544494628906,baseICC2023_2024.xlsx,
406,San Isidro,Heredia,2024,evidan,37.0249481201172,baseICC2023_2024.xlsx,
407,Belén,Heredia,2024,evidan,67.262825012207,baseICC2023_2024.xlsx,
408,Flores,Heredia,2024,evidan,67.1070327758789,baseICC2023_2024.xlsx,
409,San Pablo,Heredia,2024,evidan,57.7928009033203,baseICC2023_2024.xlsx,
410,Sarapiquí,Heredia,2024,evidan,69.7354049682617,baseICC2023_2024.xlsx,
501,Liberia,Guanacaste,2024,evidan,41.5922966003418,baseICC2023_2024.xlsx,
502,Nicoya,Guanacaste,2024,evidan,51.4571495056152,baseICC2023_2024.xlsx,
503,Santa Cruz,Guanacaste,2024,evidan,36.7088928222656,baseICC2023_2024.xlsx,
504,Bagaces,Guanacaste,2024,evidan,41.7084083557129,baseICC2023_2024.xlsx,
505,Carrillo,Guanacaste,2024,evidan,37.0438766479492,baseICC2023_2024.xlsx,
506,Cañas,Guanacaste,2024,evidan,35.6930465698242,baseICC2023_2024.xlsx,
507,Abangares,Guanacaste,2024,evidan,44.4065971374512,baseICC2023_2024.xlsx,
508,Tilarán,Guanacaste,2024,evidan,99.3502960205078,baseICC2023_2024.xlsx,
509,Nandayure,Guanacaste,2024,evidan,91.9501037597656,baseICC2023_2024.xlsx,
510,La Cruz,Guanacaste,2024,evidan,62.8977699279785,baseICC2023_2024.xlsx,
511,Hojancha,Guanacaste,2024,evidan,19.5187664031982,baseICC2023_2024.xlsx,
601,Puntarenas,Puntarenas,2024,evidan,47.6533813476563,baseICC2023_2024.xlsx,
602,Esparza,Puntarenas,2024,evidan,74.1728744506836,baseICC2023_2024.xlsx,
603,Buenos Aires,Puntarenas,2024,evidan,64.2378845214844,baseICC2023_2024.xlsx,
604,Montes de Oro,Puntarenas,2024,evidan,0.0,baseICC2023_2024.xlsx,
605,Osa,Puntarenas,2024,evidan,41.8841857910156,baseICC2023_2024.xlsx,
606,Quepos,Puntarenas,2024,evidan,33.1316184997559,baseICC2023_2024.xlsx,
607,Golfito,Puntarenas,2024,evidan,43.5005302429199,baseICC2023_2024.xlsx,
608,Coto Brus,Puntarenas,2024,evidan,45.7378463745117,baseICC2023_2024.xlsx,
609,Parrita,Puntarenas,2024,evidan,18.6390609741211,baseICC2023_2024.xlsx,
610,Corredores,Puntarenas,2024,evidan,59.7938232421875,baseICC2023_2024.xlsx,
611,Garabito,Puntarenas,2024,evidan,17.4864711761475,baseICC2023_2024.xlsx,
701,Limón,Limón,2024,evidan,19.9456481933594,baseICC2023_2024.xlsx,
702,Pococí,Limón,2024,evidan,56.0486564636231,baseICC2023_2024.xlsx,
703,Siquirres,Limón,2024,evidan,44.4360771179199,baseICC2023_2024.xlsx,
704,Talamanca,Limón,2024,evidan,10.6018838882446,baseICC2023_2024.xlsx,
705,Matina,Limón,2024,evidan,14.0877828598022,baseICC2023_2024.xlsx,
706,Guácimo,Limón,2024,evidan,59.2074928283691,baseICC2023_2024.xlsx,
101,San José,San José,2023,esfuer_prev_ambienten,14.9581212997437,baseICC2023_2024.xlsx,
102,Escazú,San José,2023,esfuer_prev_ambienten,27.5909309387207,baseICC2023_2024.xlsx,
103,Desamparados,San José,2023,esfuer_prev_ambienten,11.5124292373657,baseICC2023_2024.xlsx,
104,Puriscal,San José,2023,esfuer_prev_ambienten,6.31026411056519,baseICC2023_2024.xlsx,
105,Tarrazú,San José,2023,esfuer_prev_ambienten,1.31916201114655,baseICC2023_2024.xlsx,
106,Aserrí,San José,2023,esfuer_prev_ambienten,4.08615398406982,baseICC2023_2024.xlsx,
107,Mora,San José,2023,esfuer_prev_ambienten,2.99063014984131,baseICC2023_2024.xlsx,
108,Goicoechea,San José,2023,esfuer_prev_ambienten,43.2153739929199,baseICC2023_2024.xlsx,
109,Santa Ana,San José,2023,esfuer_prev_ambienten,36.8730621337891,baseICC2023_2024.xlsx,
110,Alajuelita,San José,2023,esfuer_prev_ambienten,2.04496169090271,baseICC2023_2024.xlsx,
111,Vázquez de Coronado,San José,2023,esfuer_prev_ambienten,6.32924604415894,baseICC2023_2024.xlsx,
112,Acosta,San José,2023,esfuer_prev_ambienten,0.00499999988824129,baseICC2023_2024.xlsx,
113,Tibás,San José,2023,esfuer_prev_ambienten,1.65008902549744,baseICC2023_2024.xlsx,
114,Moravia,San José,2023,esfuer_prev_ambienten,53.4455413818359,baseICC2023_2024.xlsx,
115,Montes de Oca,San José,2023,esfuer_prev_ambienten,42.1024017333984,baseICC2023_2024.xlsx,
116,Turrubares,San José,2023,esfuer_prev_ambienten,9.20491600036621,baseICC2023_2024.xlsx,
117,Dota,San José,2023,esfuer_prev_ambienten,0.407831460237503,baseICC2023_2024.xlsx,
118,Curridabat,San José,2023,esfuer_prev_ambienten,22.6785564422607,baseICC2023_2024.xlsx,
119,Pérez Zeledón,San José,2023,esfuer_prev_ambienten,88.3999862670898,baseICC2023_2024.xlsx,
120,León Cortés Castro,San José,2023,esfuer_prev_ambienten,2.97162580490112,baseICC2023_2024.xlsx,
201,Alajuela,Alajuela,2023,esfuer_prev_ambienten,12.0790929794312,baseICC2023_2024.xlsx,
202,San Ramón,Alajuela,2023,esfuer_prev_ambienten,48.6914672851563,baseICC2023_2024.xlsx,
203,Grecia,Alajuela,2023,esfuer_prev_ambienten,9.39346790313721,baseICC2023_2024.xlsx,
204,San Mateo,Alajuela,2023,esfuer_prev_ambienten,0.607981562614441,baseICC2023_2024.xlsx,
205,Atenas,Alajuela,2023,esfuer_prev_ambienten,7.45566654205322,baseICC2023_2024.xlsx,
206,Naranjo,Alajuela,2023,esfuer_prev_ambienten,14.2562408447266,baseICC2023_2024.xlsx,
207,Palmares,Alajuela,2023,esfuer_prev_ambienten,14.6360111236572,baseICC2023_2024.xlsx,
208,Poás,Alajuela,2023,esfuer_prev_ambienten,3.27630424499512,baseICC2023_2024.xlsx,
209,Orotina,Alajuela,2023,esfuer_prev_ambienten,4.38221740722656,baseICC2023_2024.xlsx,
210,San Carlos,Alajuela,2023,esfuer_prev_ambienten,16.0827617645264,baseICC2023_2024.xlsx,
211,Zarcero,Alajuela,2023,esfuer_prev_ambienten,2.68223428726196,baseICC2023_2024.xlsx,
212,Sarchí,Alajuela,2023,esfuer_prev_ambienten,22.181957244873,baseICC2023_2024.xlsx,
213,Upala,Alajuela,2023,esfuer_prev_ambienten,6.01790380477905,baseICC2023_2024.xlsx,
214,Los Chiles,Alajuela,2023,esfuer_prev_ambienten,15.8123340606689,baseICC2023_2024.xlsx,
215,Guatuso,Alajuela,2023,esfuer_prev_ambienten,1.02352547645569,baseICC2023_2024.xlsx,
301,Cartago,Cartago,2023,esfuer_prev_ambienten,56.6122398376465,baseICC2023_2024.xlsx,
302,Paraíso,Cartago,2023,esfuer_prev_ambienten,49.6003570556641,baseICC2023_2024.xlsx,
303,La Unión,Cartago,2023,esfuer_prev_ambienten,15.7415895462036,baseICC2023_2024.xlsx,
304,Jiménez,Cartago,2023,esfuer_prev_ambienten,26.1746311187744,baseICC2023_2024.xlsx,
305,Turrialba,Cartago,2023,esfuer_prev_ambienten,8.70324611663818,baseICC2023_2024.xlsx,
306,Alvarado,Cartago,2023,esfuer_prev_ambienten,48.8857116699219,baseICC2023_2024.xlsx,
307,Oreamuno,Cartago,2023,esfuer_prev_ambienten,8.84783363342285,baseICC2023_2024.xlsx,
308,El Guarco,Cartago,2023,esfuer_prev_ambienten,46.9747314453125,baseICC2023_2024.xlsx,
401,Heredia,Heredia,2023,esfuer_prev_ambienten,9.38748073577881,baseICC2023_2024.xlsx,
402,Barva,Heredia,2023,esfuer_prev_ambienten,1.0213143825531,baseICC2023_2024.xlsx,
403,Santo Domingo,Heredia,2023,esfuer_prev_ambienten,77.6352767944336,baseICC2023_2024.xlsx,
404,Santa Bárbara,Heredia,2023,esfuer_prev_ambienten,42.6145439147949,baseICC2023_2024.xlsx,
405,San Rafael,Heredia,2023,esfuer_prev_ambienten,67.6590042114258,baseICC2023_2024.xlsx,
406,San Isidro,Heredia,2023,esfuer_prev_ambienten,20.7323417663574,baseICC2023_2024.xlsx,
407,Belén,Heredia,2023,esfuer_prev_ambienten,38.0536994934082,baseICC2023_2024.xlsx,
408,Flores,Heredia,2023,esfuer_prev_ambienten,5.02787494659424,baseICC2023_2024.xlsx,
409,San Pablo,Heredia,2023,esfuer_prev_ambienten,10.0448141098022,baseICC2023_2024.xlsx,
410,Sarapiquí,Heredia,2023,esfuer_prev_ambienten,3.85604572296143,baseICC2023_2024.xlsx,
501,Liberia,Guanacaste,2023,esfuer_prev_ambienten,16.9229125976563,baseICC2023_2024.xlsx,
502,Nicoya,Guanacaste,2023,esfuer_prev_ambienten,66.5745086669922,baseICC2023_2024.xlsx,
503,Santa Cruz,Guanacaste,2023,esfuer_prev_ambienten,63.1749267578125,baseICC2023_2024.xlsx,
504,Bagaces,Guanacaste,2023,esfuer_prev_ambienten,79.6451416015625,baseICC2023_2024.xlsx,
505,Carrillo,Guanacaste,2023,esfuer_prev_ambienten,35.0495681762695,baseICC2023_2024.xlsx,
506,Cañas,Guanacaste,2023,esfuer_prev_ambienten,46.2646064758301,baseICC2023_2024.xlsx,
507,Abangares,Guanacaste,2023,esfuer_prev_ambienten,13.7713222503662,baseICC2023_2024.xlsx,
508,Tilarán,Guanacaste,2023,esfuer_prev_ambienten,11.7676944732666,baseICC2023_2024.xlsx,
509,Nandayure,Guanacaste,2023,esfuer_prev_ambienten,94.9297180175781,baseICC2023_2024.xlsx,
510,La Cruz,Guanacaste,2023,esfuer_prev_ambienten,77.510871887207,baseICC2023_2024.xlsx,
511,Hojancha,Guanacaste,2023,esfuer_prev_ambienten,38.9309234619141,baseICC2023_2024.xlsx,
601,Puntarenas,Puntarenas,2023,esfuer_prev_ambienten,82.4316635131836,baseICC2023_2024.xlsx,
602,Esparza,Puntarenas,2023,esfuer_prev_ambienten,30.4860000610352,baseICC2023_2024.xlsx,
603,Buenos Aires,Puntarenas,2023,esfuer_prev_ambienten,1.84450602531433,baseICC2023_2024.xlsx,
604,Montes de Oro,Puntarenas,2023,esfuer_prev_ambienten,10.9590101242065,baseICC2023_2024.xlsx,
605,Osa,Puntarenas,2023,esfuer_prev_ambienten,78.4248199462891,baseICC2023_2024.xlsx,
606,Quepos,Puntarenas,2023,esfuer_prev_ambienten,51.2244987487793,baseICC2023_2024.xlsx,
607,Golfito,Puntarenas,2023,esfuer_prev_ambienten,73.9935989379883,baseICC2023_2024.xlsx,
608,Coto Brus,Puntarenas,2023,esfuer_prev_ambienten,35.8164291381836,baseICC2023_2024.xlsx,
609,Parrita,Puntarenas,2023,esfuer_prev_ambienten,100.0,baseICC2023_2024.xlsx,
610,Corredores,Puntarenas,2023,esfuer_prev_ambienten,19.9070777893066,baseICC2023_2024.xlsx,
611,Garabito,Puntarenas,2023,esfuer_prev_ambienten,74.1068420410156,baseICC2023_2024.xlsx,
701,Limón,Limón,2023,esfuer_prev_ambienten,13.4809436798096,baseICC2023_2024.xlsx,
702,Pococí,Limón,2023,esfuer_prev_ambienten,55.1245155334473,baseICC2023_2024.xlsx,
703,Siquirres,Limón,2023,esfuer_prev_ambienten,52.5510368347168,baseICC2023_2024.xlsx,
704,Talamanca,Limón,2023,esfuer_prev_ambienten,13.4604301452637,baseICC2023_2024.xlsx,
705,Matina,Limón,2023,esfuer_prev_ambienten,15.1140451431274,baseICC2023_2024.xlsx,
706,Guácimo,Limón,2023,esfuer_prev_ambienten,28.8660640716553,baseICC2023_2024.xlsx,
101,San José,San José,2024,esfuer_prev_ambienten,12.6156415939331,baseICC2023_2024.xlsx,
102,Escazú,San José,2024,esfuer_prev_ambienten,27.0355606079102,baseICC2023_2024.xlsx,
103,Desamparados,San José,2024,esfuer_prev_ambienten,14.5884799957275,baseICC2023_2024.xlsx,
104,Puriscal,San José,2024,esfuer_prev_ambienten,3.13666605949402,baseICC2023_2024.xlsx,
105,Tarrazú,San José,2024,esfuer_prev_ambienten,1.91884934902191,baseICC2023_2024.xlsx,
106,Aserrí,San José,2024,esfuer_prev_ambienten,3.0133900642395,baseICC2023_2024.xlsx,
107,Mora,San José,2024,esfuer_prev_ambienten,3.06079506874084,baseICC2023_2024.xlsx,
108,Goicoechea,San José,2024,esfuer_prev_ambienten,19.5828514099121,baseICC2023_2024.xlsx,
109,Santa Ana,San José,2024,esfuer_prev_ambienten,38.6706466674805,baseICC2023_2024.xlsx,
110,Alajuelita,San José,2024,esfuer_prev_ambienten,3.65148043632507,baseICC2023_2024.xlsx,
111,Vázquez de Coronado,San José,2024,esfuer_prev_ambienten,5.56259727478027,baseICC2023_2024.xlsx,
112,Acosta,San José,2024,esfuer_prev_ambienten,0.0,baseICC2023_2024.xlsx,
113,Tibás,San José,2024,esfuer_prev_ambienten,18.2861614227295,baseICC2023_2024.xlsx,
114,Moravia,San José,2024,esfuer_prev_ambienten,47.0236892700195,baseICC2023_2024.xlsx,
115,Montes de Oca,San José,2024,esfuer_prev_ambienten,39.286376953125,baseICC2023_2024.xlsx,
116,Turrubares,San José,2024,esfuer_prev_ambienten,11.1115980148315,baseICC2023_2024.xlsx,
117,Dota,San José,2024,esfuer_prev_ambienten,0.650180339813232,baseICC2023_2024.xlsx,
118,Curridabat,San José,2024,esfuer_prev_ambienten,17.7996444702148,baseICC2023_2024.xlsx,
119,Pérez Zeledón,San José,2024,esfuer_prev_ambienten,96.6388473510742,baseICC2023_2024.xlsx,
120,León Cortés Castro,San José,2024,esfuer_prev_ambienten,0.326913923025131,baseICC2023_2024.xlsx,
201,Alajuela,Alajuela,2024,esfuer_prev_ambienten,10.789288520813,baseICC2023_2024.xlsx,
202,San Ramón,Alajuela,2024,esfuer_prev_ambienten,68.7356796264648,baseICC2023_2024.xlsx,
203,Grecia,Alajuela,2024,esfuer_prev_ambienten,11.0715141296387,baseICC2023_2024.xlsx,
204,San Mateo,Alajuela,2024,esfuer_prev_ambienten,0.710512518882752,baseICC2023_2024.xlsx,
205,Atenas,Alajuela,2024,esfuer_prev_ambienten,3.81350183486938,baseICC2023_2024.xlsx,
206,Naranjo,Alajuela,2024,esfuer_prev_ambienten,11.504885673523,baseICC2023_2024.xlsx,
207,Palmares,Alajuela,2024,esfuer_prev_ambienten,6.95770597457886,baseICC2023_2024.xlsx,
208,Poás,Alajuela,2024,esfuer_prev_ambienten,0.159297734498978,baseICC2023_2024.xlsx,
209,Orotina,Alajuela,2024,esfuer_prev_ambienten,4.64164209365845,baseICC2023_2024.xlsx,
210,San Carlos,Alajuela,2024,esfuer_prev_ambienten,9.3117265701294,baseICC2023_2024.xlsx,
211,Zarcero,Alajuela,2024,esfuer_prev_ambienten,5.64175367355347,baseICC2023_2024.xlsx,
212,Sarchí,Alajuela,2024,esfuer_prev_ambienten,7.33456373214722,baseICC2023_2024.xlsx,
213,Upala,Alajuela,2024,esfuer_prev_ambienten,9.77994537353516,baseICC2023_2024.xlsx,
214,Los Chiles,Alajuela,2024,esfuer_prev_ambienten,6.22765588760376,baseICC2023_2024.xlsx,
215,Guatuso,Alajuela,2024,esfuer_prev_ambienten,0.667011737823486,baseICC2023_2024.xlsx,
216,Río Cuarto,Alajuela,2024,esfuer_prev_ambienten,1.6021888256073,baseICC2023_2024.xlsx,
301,Cartago,Cartago,2024,esfuer_prev_ambienten,67.4077301025391,baseICC2023_2024.xlsx,
302,Paraíso,Cartago,2024,esfuer_prev_ambienten,39.6165504455566,baseICC2023_2024.xlsx,
303,La Unión,Cartago,2024,esfuer_prev_ambienten,18.2697010040283,baseICC2023_2024.xlsx,
304,Jiménez,Cartago,2024,esfuer_prev_ambienten,27.007755279541,baseICC2023_2024.xlsx,
305,Turrialba,Cartago,2024,esfuer_prev_ambienten,8.34975051879883,baseICC2023_2024.xlsx,
306,Alvarado,Cartago,2024,esfuer_prev_ambienten,59.9176330566406,baseICC2023_2024.xlsx,
307,Oreamuno,Cartago,2024,esfuer_prev_ambienten,10.8257427215576,baseICC2023_2024.xlsx,
308,El Guarco,Cartago,2024,esfuer_prev_ambienten,81.0904846191406,baseICC2023_2024.xlsx,
401,Heredia,Heredia,2024,esfuer_prev_ambienten,6.93255043029785,baseICC2023_2024.xlsx,
402,Barva,Heredia,2024,esfuer_prev_ambienten,0.959765911102295,baseICC2023_2024.xlsx,
403,Santo Domingo,Heredia,2024,esfuer_prev_ambienten,72.353630065918,baseICC2023_2024.xlsx,
404,Santa Bárbara,Heredia,2024,esfuer_prev_ambienten,33.0713996887207,baseICC2023_2024.xlsx,
405,San Rafael,Heredia,2024,esfuer_prev_ambienten,57.3790245056152,baseICC2023_2024.xlsx,
406,San Isidro,Heredia,2024,esfuer_prev_ambienten,14.7160272598267,baseICC2023_2024.xlsx,
407,Belén,Heredia,2024,esfuer_prev_ambienten,36.7176551818848,baseICC2023_2024.xlsx,
408,Flores,Heredia,2024,esfuer_prev_ambienten,3.84962773323059,baseICC2023_2024.xlsx,
409,San Pablo,Heredia,2024,esfuer_prev_ambienten,8.37902164459229,baseICC2023_2024.xlsx,
410,Sarapiquí,Heredia,2024,esfuer_prev_ambienten,4.74521923065186,baseICC2023_2024.xlsx,
501,Liberia,Guanacaste,2024,esfuer_prev_ambienten,18.988790512085,baseICC2023_2024.xlsx,
502,Nicoya,Guanacaste,2024,esfuer_prev_ambienten,60.0350685119629,baseICC2023_2024.xlsx,
503,Santa Cruz,Guanacaste,2024,esfuer_prev_ambienten,67.7833251953125,baseICC2023_2024.xlsx,
504,Bagaces,Guanacaste,2024,esfuer_prev_ambienten,73.6339416503906,baseICC2023_2024.xlsx,
505,Carrillo,Guanacaste,2024,esfuer_prev_ambienten,30.2863483428955,baseICC2023_2024.xlsx,
506,Cañas,Guanacaste,2024,esfuer_prev_ambienten,34.3337135314941,baseICC2023_2024.xlsx,
507,Abangares,Guanacaste,2024,esfuer_prev_ambienten,14.451286315918,baseICC2023_2024.xlsx,
508,Tilarán,Guanacaste,2024,esfuer_prev_ambienten,8.94243049621582,baseICC2023_2024.xlsx,
509,Nandayure,Guanacaste,2024,esfuer_prev_ambienten,19.2556571960449,baseICC2023_2024.xlsx,
510,La Cruz,Guanacaste,2024,esfuer_prev_ambienten,69.2875061035156,baseICC2023_2024.xlsx,
511,Hojancha,Guanacaste,2024,esfuer_prev_ambienten,25.423583984375,baseICC2023_2024.xlsx,
601,Puntarenas,Puntarenas,2024,esfuer_prev_ambienten,88.6247863769531,baseICC2023_2024.xlsx,
602,Esparza,Puntarenas,2024,esfuer_prev_ambienten,15.6533060073853,baseICC2023_2024.xlsx,
603,Buenos Aires,Puntarenas,2024,esfuer_prev_ambienten,2.38123774528503,baseICC2023_2024.xlsx,
604,Montes de Oro,Puntarenas,2024,esfuer_prev_ambienten,10.6535120010376,baseICC2023_2024.xlsx,
605,Osa,Puntarenas,2024,esfuer_prev_ambienten,87.9075241088867,baseICC2023_2024.xlsx,
606,Quepos,Puntarenas,2024,esfuer_prev_ambienten,38.7095527648926,baseICC2023_2024.xlsx,
607,Golfito,Puntarenas,2024,esfuer_prev_ambienten,88.4978866577148,baseICC2023_2024.xlsx,
608,Coto Brus,Puntarenas,2024,esfuer_prev_ambienten,38.3722610473633,baseICC2023_2024.xlsx,
609,Parrita,Puntarenas,2024,esfuer_prev_ambienten,100.0,baseICC2023_2024.xlsx,
610,Corredores,Puntarenas,2024,esfuer_prev_ambienten,12.8419561386108,baseICC2023_2024.xlsx,
611,Garabito,Puntarenas,2024,esfuer_prev_ambienten,48.0435180664063,baseICC2023_2024.xlsx,
701,Limón,Limón,2024,esfuer_prev_ambienten,8.52316761016846,baseICC2023_2024.xlsx,
702,Pococí,Limón,2024,esfuer_prev_ambienten,34.4665184020996,baseICC2023_2024.xlsx,
703,Siquirres,Limón,2024,esfuer_prev_ambienten,35.1610107421875,baseICC2023_2024.xlsx,
704,Talamanca,Limón,2024,esfuer_prev_ambienten,15.5855979919434,baseICC2023_2024.xlsx,
705,Matina,Limón,2024,esfuer_prev_ambienten,26.1607227325439,baseICC2023_2024.xlsx,
706,Guácimo,Limón,2024,esfuer_prev_ambienten,27.9390068054199,baseICC2023_2024.xlsx,
101,San José,San José,2023,br_habit_xebaisn,61.0411758422852,baseICC2023_2024.xlsx,
102,Escazú,San José,2023,br_habit_xebaisn,55.3390083312988,baseICC2023_2024.xlsx,
103,Desamparados,San José,2023,br_habit_xebaisn,61.5880355834961,baseICC2023_2024.xlsx,
104,Puriscal,San José,2023,br_habit_xebaisn,58.8298873901367,baseICC2023_2024.xlsx,
105,Tarrazú,San José,2023,br_habit_xebaisn,50.2009735107422,baseICC2023_2024.xlsx,
106,Aserrí,San José,2023,br_habit_xebaisn,25.3476104736328,baseICC2023_2024.xlsx,
107,Mora,San José,2023,br_habit_xebaisn,41.0549278259277,baseICC2023_2024.xlsx,
108,Goicoechea,San José,2023,br_habit_xebaisn,34.8244934082031,baseICC2023_2024.xlsx,
109,Santa Ana,San José,2023,br_habit_xebaisn,39.951343536377,baseICC2023_2024.xlsx,
110,Alajuelita,San José,2023,br_habit_xebaisn,40.6299781799316,baseICC2023_2024.xlsx,
111,Vázquez de Coronado,San José,2023,br_habit_xebaisn,20.5697803497314,baseICC2023_2024.xlsx,
112,Acosta,San José,2023,br_habit_xebaisn,55.5235939025879,baseICC2023_2024.xlsx,
113,Tibás,San José,2023,br_habit_xebaisn,53.7472229003906,baseICC2023_2024.xlsx,
114,Moravia,San José,2023,br_habit_xebaisn,60.6318359375,baseICC2023_2024.xlsx,
115,Montes de Oca,San José,2023,br_habit_xebaisn,39.2320709228516,baseICC2023_2024.xlsx,
116,Turrubares,San José,2023,br_habit_xebaisn,0.00499999988824129,baseICC2023_2024.xlsx,
117,Dota,San José,2023,br_habit_xebaisn,64.6075744628906,baseICC2023_2024.xlsx,
118,Curridabat,San José,2023,br_habit_xebaisn,35.6914176940918,baseICC2023_2024.xlsx,
119,Pérez Zeledón,San José,2023,br_habit_xebaisn,18.4021511077881,baseICC2023_2024.xlsx,
120,León Cortés Castro,San José,2023,br_habit_xebaisn,50.7933120727539,baseICC2023_2024.xlsx,
201,Alajuela,Alajuela,2023,br_habit_xebaisn,39.114013671875,baseICC2023_2024.xlsx,
202,San Ramón,Alajuela,2023,br_habit_xebaisn,52.7778625488281,baseICC2023_2024.xlsx,
203,Grecia,Alajuela,2023,br_habit_xebaisn,47.27099609375,baseICC2023_2024.xlsx,
204,San Mateo,Alajuela,2023,br_habit_xebaisn,72.5830307006836,baseICC2023_2024.xlsx,
205,Atenas,Alajuela,2023,br_habit_xebaisn,59.0921478271484,baseICC2023_2024.xlsx,
206,Naranjo,Alajuela,2023,br_habit_xebaisn,53.5915565490723,baseICC2023_2024.xlsx,
207,Palmares,Alajuela,2023,br_habit_xebaisn,22.614767074585,baseICC2023_2024.xlsx,
208,Poás,Alajuela,2023,br_habit_xebaisn,43.3316192626953,baseICC2023_2024.xlsx,
209,Orotina,Alajuela,2023,br_habit_xebaisn,62.8869590759277,baseICC2023_2024.xlsx,
210,San Carlos,Alajuela,2023,br_habit_xebaisn,59.9608001708984,baseICC2023_2024.xlsx,
211,Zarcero,Alajuela,2023,br_habit_xebaisn,72.107048034668,baseICC2023_2024.xlsx,
212,Sarchí,Alajuela,2023,br_habit_xebaisn,53.7465629577637,baseICC2023_2024.xlsx,
213,Upala,Alajuela,2023,br_habit_xebaisn,58.7899322509766,baseICC2023_2024.xlsx,
214,Los Chiles,Alajuela,2023,br_habit_xebaisn,41.5817909240723,baseICC2023_2024.xlsx,
215,Guatuso,Alajuela,2023,br_habit_xebaisn,44.8698959350586,baseICC2023_2024.xlsx,
301,Cartago,Cartago,2023,br_habit_xebaisn,43.0287666320801,baseICC2023_2024.xlsx,
302,Paraíso,Cartago,2023,br_habit_xebaisn,45.738883972168,baseICC2023_2024.xlsx,
303,La Unión,Cartago,2023,br_habit_xebaisn,43.8562927246094,baseICC2023_2024.xlsx,
304,Jiménez,Cartago,2023,br_habit_xebaisn,80.9012069702148,baseICC2023_2024.xlsx,
305,Turrialba,Cartago,2023,br_habit_xebaisn,72.5132217407227,baseICC2023_2024.xlsx,
306,Alvarado,Cartago,2023,br_habit_xebaisn,67.1461791992188,baseICC2023_2024.xlsx,
307,Oreamuno,Cartago,2023,br_habit_xebaisn,60.5140686035156,baseICC2023_2024.xlsx,
308,El Guarco,Cartago,2023,br_habit_xebaisn,25.2247714996338,baseICC2023_2024.xlsx,
401,Heredia,Heredia,2023,br_habit_xebaisn,49.6441116333008,baseICC2023_2024.xlsx,
402,Barva,Heredia,2023,br_habit_xebaisn,47.0509872436523,baseICC2023_2024.xlsx,
403,Santo Domingo,Heredia,2023,br_habit_xebaisn,53.6377143859863,baseICC2023_2024.xlsx,
404,Santa Bárbara,Heredia,2023,br_habit_xebaisn,32.7533302307129,baseICC2023_2024.xlsx,
405,San Rafael,Heredia,2023,br_habit_xebaisn,29.2722702026367,baseICC2023_2024.xlsx,
406,San Isidro,Heredia,2023,br_habit_xebaisn,66.0813827514648,baseICC2023_2024.xlsx,
407,Belén,Heredia,2023,br_habit_xebaisn,35.8282241821289,baseICC2023_2024.xlsx,
408,Flores,Heredia,2023,br_habit_xebaisn,14.5176649093628,baseICC2023_2024.xlsx,
409,San Pablo,Heredia,2023,br_habit_xebaisn,66.4824447631836,baseICC2023_2024.xlsx,
410,Sarapiquí,Heredia,2023,br_habit_xebaisn,44.3833274841309,baseICC2023_2024.xlsx,
501,Liberia,Guanacaste,2023,br_habit_xebaisn,43.2700462341309,baseICC2023_2024.xlsx,
502,Nicoya,Guanacaste,2023,br_habit_xebaisn,73.3591613769531,baseICC2023_2024.xlsx,
503,Santa Cruz,Guanacaste,2023,br_habit_xebaisn,32.3639984130859,baseICC2023_2024.xlsx,
504,Bagaces,Guanacaste,2023,br_habit_xebaisn,74.0336685180664,baseICC2023_2024.xlsx,
505,Carrillo,Guanacaste,2023,br_habit_xebaisn,35.8672370910645,baseICC2023_2024.xlsx,
506,Cañas,Guanacaste,2023,br_habit_xebaisn,48.2365798950195,baseICC2023_2024.xlsx,
507,Abangares,Guanacaste,2023,br_habit_xebaisn,88.5097808837891,baseICC2023_2024.xlsx,
508,Tilarán,Guanacaste,2023,br_habit_xebaisn,72.3044891357422,baseICC2023_2024.xlsx,
509,Nandayure,Guanacaste,2023,br_habit_xebaisn,100.0,baseICC2023_2024.xlsx,
510,La Cruz,Guanacaste,2023,br_habit_xebaisn,63.8671455383301,baseICC2023_2024.xlsx,
511,Hojancha,Guanacaste,2023,br_habit_xebaisn,64.1950454711914,baseICC2023_2024.xlsx,
601,Puntarenas,Puntarenas,2023,br_habit_xebaisn,69.0818710327148,baseICC2023_2024.xlsx,
602,Esparza,Puntarenas,2023,br_habit_xebaisn,56.7449455261231,baseICC2023_2024.xlsx,
603,Buenos Aires,Puntarenas,2023,br_habit_xebaisn,59.9778671264648,baseICC2023_2024.xlsx,
604,Montes de Oro,Puntarenas,2023,br_habit_xebaisn,72.4085006713867,baseICC2023_2024.xlsx,
605,Osa,Puntarenas,2023,br_habit_xebaisn,83.5709762573242,baseICC2023_2024.xlsx,
606,Quepos,Puntarenas,2023,br_habit_xebaisn,45.9760055541992,baseICC2023_2024.xlsx,
607,Golfito,Puntarenas,2023,br_habit_xebaisn,39.7527236938477,baseICC2023_2024.xlsx,
608,Coto Brus,Puntarenas,2023,br_habit_xebaisn,83.2874984741211,baseICC2023_2024.xlsx,
609,Parrita,Puntarenas,2023,br_habit_xebaisn,59.8011360168457,baseICC2023_2024.xlsx,
610,Corredores,Puntarenas,2023,br_habit_xebaisn,23.2541179656982,baseICC2023_2024.xlsx,
611,Garabito,Puntarenas,2023,br_habit_xebaisn,31.4025783538818,baseICC2023_2024.xlsx,
701,Limón,Limón,2023,br_habit_xebaisn,65.2413787841797,baseICC2023_2024.xlsx,
702,Pococí,Limón,2023,br_habit_xebaisn,63.0053596496582,baseICC2023_2024.xlsx,
703,Siquirres,Limón,2023,br_habit_xebaisn,76.6748733520508,baseICC2023_2024.xlsx,
704,Talamanca,Limón,2023,br_habit_xebaisn,81.2687072753906,baseICC2023_2024.xlsx,
705,Matina,Limón,2023,br_habit_xebaisn,65.767578125,baseICC2023_2024.xlsx,
706,Guácimo,Limón,2023,br_habit_xebaisn,62.6310806274414,baseICC2023_2024.xlsx,
101,San José,San José,2024,br_habit_xebaisn,61.4230918884277,baseICC2023_2024.xlsx,
102,Escazú,San José,2024,br_habit_xebaisn,57.7270736694336,baseICC2023_2024.xlsx,
103,Desamparados,San José,2024,br_habit_xebaisn,62.1087837219238,baseICC2023_2024.xlsx,
104,Puriscal,San José,2024,br_habit_xebaisn,59.5153350830078,baseICC2023_2024.xlsx,
105,Tarrazú,San José,2024,br_habit_xebaisn,56.420223236084,baseICC2023_2024.xlsx,
106,Aserrí,San José,2024,br_habit_xebaisn,56.812442779541,baseICC2023_2024.xlsx,
107,Mora,San José,2024,br_habit_xebaisn,50.6664619445801,baseICC2023_2024.xlsx,
108,Goicoechea,San José,2024,br_habit_xebaisn,39.0998764038086,baseICC2023_2024.xlsx,
109,Santa Ana,San José,2024,br_habit_xebaisn,43.6807632446289,baseICC2023_2024.xlsx,
110,Alajuelita,San José,2024,br_habit_xebaisn,54.2889823913574,baseICC2023_2024.xlsx,
111,Vázquez de Coronado,San José,2024,br_habit_xebaisn,27.2294673919678,baseICC2023_2024.xlsx,
112,Acosta,San José,2024,br_habit_xebaisn,58.5267715454102,baseICC2023_2024.xlsx,
113,Tibás,San José,2024,br_habit_xebaisn,61.1928749084473,baseICC2023_2024.xlsx,
114,Moravia,San José,2024,br_habit_xebaisn,64.1726989746094,baseICC2023_2024.xlsx,
115,Montes de Oca,San José,2024,br_habit_xebaisn,44.5139579772949,baseICC2023_2024.xlsx,
116,Turrubares,San José,2024,br_habit_xebaisn,0.0,baseICC2023_2024.xlsx,
117,Dota,San José,2024,br_habit_xebaisn,68.2522277832031,baseICC2023_2024.xlsx,
118,Curridabat,San José,2024,br_habit_xebaisn,40.8913688659668,baseICC2023_2024.xlsx,
119,Pérez Zeledón,San José,2024,br_habit_xebaisn,35.0014839172363,baseICC2023_2024.xlsx,
120,León Cortés Castro,San José,2024,br_habit_xebaisn,56.7356224060059,baseICC2023_2024.xlsx,
201,Alajuela,Alajuela,2024,br_habit_xebaisn,41.5288162231445,baseICC2023_2024.xlsx,
202,San Ramón,Alajuela,2024,br_habit_xebaisn,58.7859039306641,baseICC2023_2024.xlsx,
203,Grecia,Alajuela,2024,br_habit_xebaisn,51.805419921875,baseICC2023_2024.xlsx,
204,San Mateo,Alajuela,2024,br_habit_xebaisn,71.1372146606445,baseICC2023_2024.xlsx,
205,Atenas,Alajuela,2024,br_habit_xebaisn,59.5159225463867,baseICC2023_2024.xlsx,
206,Naranjo,Alajuela,2024,br_habit_xebaisn,62.8041191101074,baseICC2023_2024.xlsx,
207,Palmares,Alajuela,2024,br_habit_xebaisn,25.4316501617432,baseICC2023_2024.xlsx,
208,Poás,Alajuela,2024,br_habit_xebaisn,45.5618743896484,baseICC2023_2024.xlsx,
209,Orotina,Alajuela,2024,br_habit_xebaisn,62.9795799255371,baseICC2023_2024.xlsx,
210,San Carlos,Alajuela,2024,br_habit_xebaisn,62.323127746582,baseICC2023_2024.xlsx,
211,Zarcero,Alajuela,2024,br_habit_xebaisn,47.965389251709,baseICC2023_2024.xlsx,
212,Sarchí,Alajuela,2024,br_habit_xebaisn,55.4376945495606,baseICC2023_2024.xlsx,
213,Upala,Alajuela,2024,br_habit_xebaisn,59.268497467041,baseICC2023_2024.xlsx,
214,Los Chiles,Alajuela,2024,br_habit_xebaisn,41.3131484985352,baseICC2023_2024.xlsx,
215,Guatuso,Alajuela,2024,br_habit_xebaisn,47.1382904052734,baseICC2023_2024.xlsx,
216,Río Cuarto,Alajuela,2024,br_habit_xebaisn,28.1488800048828,baseICC2023_2024.xlsx,
301,Cartago,Cartago,2024,br_habit_xebaisn,47.7318115234375,baseICC2023_2024.xlsx,
302,Paraíso,Cartago,2024,br_habit_xebaisn,51.9499549865723,baseICC2023_2024.xlsx,
303,La Unión,Cartago,2024,br_habit_xebaisn,47.4623527526856,baseICC2023_2024.xlsx,
304,Jiménez,Cartago,2024,br_habit_xebaisn,82.827392578125,baseICC2023_2024.xlsx,
305,Turrialba,Cartago,2024,br_habit_xebaisn,69.5932159423828,baseICC2023_2024.xlsx,
306,Alvarado,Cartago,2024,br_habit_xebaisn,70.3108825683594,baseICC2023_2024.xlsx,
307,Oreamuno,Cartago,2024,br_habit_xebaisn,65.0191802978516,baseICC2023_2024.xlsx,
308,El Guarco,Cartago,2024,br_habit_xebaisn,46.0858840942383,baseICC2023_2024.xlsx,
401,Heredia,Heredia,2024,br_habit_xebaisn,55.2882308959961,baseICC2023_2024.xlsx,
402,Barva,Heredia,2024,br_habit_xebaisn,49.5384254455566,baseICC2023_2024.xlsx,
403,Santo Domingo,Heredia,2024,br_habit_xebaisn,55.8040504455566,baseICC2023_2024.xlsx,
404,Santa Bárbara,Heredia,2024,br_habit_xebaisn,34.6947059631348,baseICC2023_2024.xlsx,
405,San Rafael,Heredia,2024,br_habit_xebaisn,33.8937225341797,baseICC2023_2024.xlsx,
406,San Isidro,Heredia,2024,br_habit_xebaisn,68.3287048339844,baseICC2023_2024.xlsx,
407,Belén,Heredia,2024,br_habit_xebaisn,40.9450912475586,baseICC2023_2024.xlsx,
408,Flores,Heredia,2024,br_habit_xebaisn,36.5484771728516,baseICC2023_2024.xlsx,
409,San Pablo,Heredia,2024,br_habit_xebaisn,59.4423713684082,baseICC2023_2024.xlsx,
410,Sarapiquí,Heredia,2024,br_habit_xebaisn,41.2607002258301,baseICC2023_2024.xlsx,
501,Liberia,Guanacaste,2024,br_habit_xebaisn,45.4862174987793,baseICC2023_2024.xlsx,
502,Nicoya,Guanacaste,2024,br_habit_xebaisn,72.8732681274414,baseICC2023_2024.xlsx,
503,Santa Cruz,Guanacaste,2024,br_habit_xebaisn,35.1617813110352,baseICC2023_2024.xlsx,
504,Bagaces,Guanacaste,2024,br_habit_xebaisn,61.6760902404785,baseICC2023_2024.xlsx,
505,Carrillo,Guanacaste,2024,br_habit_xebaisn,37.1875457763672,baseICC2023_2024.xlsx,
506,Cañas,Guanacaste,2024,br_habit_xebaisn,64.8701934814453,baseICC2023_2024.xlsx,
507,Abangares,Guanacaste,2024,br_habit_xebaisn,88.6771621704102,baseICC2023_2024.xlsx,
508,Tilarán,Guanacaste,2024,br_habit_xebaisn,63.5765151977539,baseICC2023_2024.xlsx,
509,Nandayure,Guanacaste,2024,br_habit_xebaisn,100.0,baseICC2023_2024.xlsx,
510,La Cruz,Guanacaste,2024,br_habit_xebaisn,66.9595642089844,baseICC2023_2024.xlsx,
511,Hojancha,Guanacaste,2024,br_habit_xebaisn,74.6780548095703,baseICC2023_2024.xlsx,
601,Puntarenas,Puntarenas,2024,br_habit_xebaisn,68.3093872070313,baseICC2023_2024.xlsx,
602,Esparza,Puntarenas,2024,br_habit_xebaisn,68.1021575927734,baseICC2023_2024.xlsx,
603,Buenos Aires,Puntarenas,2024,br_habit_xebaisn,62.1666412353516,baseICC2023_2024.xlsx,
604,Montes de Oro,Puntarenas,2024,br_habit_xebaisn,71.7255172729492,baseICC2023_2024.xlsx,
605,Osa,Puntarenas,2024,br_habit_xebaisn,87.0339813232422,baseICC2023_2024.xlsx,
606,Quepos,Puntarenas,2024,br_habit_xebaisn,47.3114280700684,baseICC2023_2024.xlsx,
607,Golfito,Puntarenas,2024,br_habit_xebaisn,44.763111114502,baseICC2023_2024.xlsx,
608,Coto Brus,Puntarenas,2024,br_habit_xebaisn,94.84619140625,baseICC2023_2024.xlsx,
609,Parrita,Puntarenas,2024,br_habit_xebaisn,57.3607559204102,baseICC2023_2024.xlsx,
610,Corredores,Puntarenas,2024,br_habit_xebaisn,28.5698528289795,baseICC2023_2024.xlsx,
611,Garabito,Puntarenas,2024,br_habit_xebaisn,33.4391860961914,baseICC2023_2024.xlsx,
701,Limón,Limón,2024,br_habit_xebaisn,77.7377700805664,baseICC2023_2024.xlsx,
702,Pococí,Limón,2024,br_habit_xebaisn,64.6597366333008,baseICC2023_2024.xlsx,
703,Siquirres,Limón,2024,br_habit_xebaisn,85.9736633300781,baseICC2023_2024.xlsx,
704,Talamanca,Limón,2024,br_habit_xebaisn,80.947998046875,baseICC2023_2024.xlsx,
705,Matina,Limón,2024,br_habit_xebaisn,70.723014831543,baseICC2023_2024.xlsx,
706,Guácimo,Limón,2024,br_habit_xebaisn,63.0853462219238,baseICC2023_2024.xlsx,
101,San José,San José,2023,br_tasa_crimn,0.00499999988824129,baseICC2023_2024.xlsx,
102,Escazú,San José,2023,br_tasa_crimn,93.6535873413086,baseICC2023_2024.xlsx,
103,Desamparados,San José,2023,br_tasa_crimn,86.8248443603516,baseICC2023_2024.xlsx,
104,Puriscal,San José,2023,br_tasa_crimn,92.9284057617188,baseICC2023_2024.xlsx,
105,Tarrazú,San José,2023,br_tasa_crimn,96.2328948974609,baseICC2023_2024.xlsx,
106,Aserrí,San José,2023,br_tasa_crimn,90.6613616943359,baseICC2023_2024.xlsx,
107,Mora,San José,2023,br_tasa_crimn,96.9862518310547,baseICC2023_2024.xlsx,
108,Goicoechea,San José,2023,br_tasa_crimn,86.0394744873047,baseICC2023_2024.xlsx,
109,Santa Ana,San José,2023,br_tasa_crimn,92.7589645385742,baseICC2023_2024.xlsx,
110,Alajuelita,San José,2023,br_tasa_crimn,82.6342086791992,baseICC2023_2024.xlsx,
111,Vázquez de Coronado,San José,2023,br_tasa_crimn,94.7377166748047,baseICC2023_2024.xlsx,
112,Acosta,San José,2023,br_tasa_crimn,98.9496154785156,baseICC2023_2024.xlsx,
113,Tibás,San José,2023,br_tasa_crimn,83.7387771606445,baseICC2023_2024.xlsx,
114,Moravia,San José,2023,br_tasa_crimn,88.8574676513672,baseICC2023_2024.xlsx,
115,Montes de Oca,San José,2023,br_tasa_crimn,58.3686370849609,baseICC2023_2024.xlsx,
116,Turrubares,San José,2023,br_tasa_crimn,97.8051452636719,baseICC2023_2024.xlsx,
117,Dota,San José,2023,br_tasa_crimn,91.3191528320313,baseICC2023_2024.xlsx,
118,Curridabat,San José,2023,br_tasa_crimn,87.2433929443359,baseICC2023_2024.xlsx,
119,Pérez Zeledón,San José,2023,br_tasa_crimn,85.4187774658203,baseICC2023_2024.xlsx,
120,León Cortés Castro,San José,2023,br_tasa_crimn,99.3596649169922,baseICC2023_2024.xlsx,
201,Alajuela,Alajuela,2023,br_tasa_crimn,82.9397048950195,baseICC2023_2024.xlsx,
202,San Ramón,Alajuela,2023,br_tasa_crimn,89.3254318237305,baseICC2023_2024.xlsx,
203,Grecia,Alajuela,2023,br_tasa_crimn,96.3668060302734,baseICC2023_2024.xlsx,
204,San Mateo,Alajuela,2023,br_tasa_crimn,94.8763885498047,baseICC2023_2024.xlsx,
205,Atenas,Alajuela,2023,br_tasa_crimn,97.2490386962891,baseICC2023_2024.xlsx,
206,Naranjo,Alajuela,2023,br_tasa_crimn,97.3957824707031,baseICC2023_2024.xlsx,
207,Palmares,Alajuela,2023,br_tasa_crimn,96.1965713500977,baseICC2023_2024.xlsx,
208,Poás,Alajuela,2023,br_tasa_crimn,97.1641006469727,baseICC2023_2024.xlsx,
209,Orotina,Alajuela,2023,br_tasa_crimn,86.5700073242188,baseICC2023_2024.xlsx,
210,San Carlos,Alajuela,2023,br_tasa_crimn,91.0431060791016,baseICC2023_2024.xlsx,
211,Zarcero,Alajuela,2023,br_tasa_crimn,99.4311370849609,baseICC2023_2024.xlsx,
212,Sarchí,Alajuela,2023,br_tasa_crimn,98.0108108520508,baseICC2023_2024.xlsx,
213,Upala,Alajuela,2023,br_tasa_crimn,89.6550750732422,baseICC2023_2024.xlsx,
214,Los Chiles,Alajuela,2023,br_tasa_crimn,87.3257141113281,baseICC2023_2024.xlsx,
215,Guatuso,Alajuela,2023,br_tasa_crimn,99.2622833251953,baseICC2023_2024.xlsx,
301,Cartago,Cartago,2023,br_tasa_crimn,76.4630737304688,baseICC2023_2024.xlsx,
302,Paraíso,Cartago,2023,br_tasa_crimn,93.4894180297852,baseICC2023_2024.xlsx,
303,La Unión,Cartago,2023,br_tasa_crimn,85.1662826538086,baseICC2023_2024.xlsx,
304,Jiménez,Cartago,2023,br_tasa_crimn,96.1853637695313,baseICC2023_2024.xlsx,
305,Turrialba,Cartago,2023,br_tasa_crimn,91.8542251586914,baseICC2023_2024.xlsx,
306,Alvarado,Cartago,2023,br_tasa_crimn,93.8571472167969,baseICC2023_2024.xlsx,
307,Oreamuno,Cartago,2023,br_tasa_crimn,90.009765625,baseICC2023_2024.xlsx,
308,El Guarco,Cartago,2023,br_tasa_crimn,91.2916793823242,baseICC2023_2024.xlsx,
401,Heredia,Heredia,2023,br_tasa_crimn,70.001106262207,baseICC2023_2024.xlsx,
402,Barva,Heredia,2023,br_tasa_crimn,85.8873672485352,baseICC2023_2024.xlsx,
403,Santo Domingo,Heredia,2023,br_tasa_crimn,90.0867004394531,baseICC2023_2024.xlsx,
404,Santa Bárbara,Heredia,2023,br_tasa_crimn,91.4244003295898,baseICC2023_2024.xlsx,
405,San Rafael,Heredia,2023,br_tasa_crimn,90.6284713745117,baseICC2023_2024.xlsx,
406,San Isidro,Heredia,2023,br_tasa_crimn,95.3448257446289,baseICC2023_2024.xlsx,
407,Belén,Heredia,2023,br_tasa_crimn,78.7267761230469,baseICC2023_2024.xlsx,
408,Flores,Heredia,2023,br_tasa_crimn,93.5696411132813,baseICC2023_2024.xlsx,
409,San Pablo,Heredia,2023,br_tasa_crimn,90.752571105957,baseICC2023_2024.xlsx,
410,Sarapiquí,Heredia,2023,br_tasa_crimn,95.0096740722656,baseICC2023_2024.xlsx,
501,Liberia,Guanacaste,2023,br_tasa_crimn,64.780632019043,baseICC2023_2024.xlsx,
502,Nicoya,Guanacaste,2023,br_tasa_crimn,91.5629196166992,baseICC2023_2024.xlsx,
503,Santa Cruz,Guanacaste,2023,br_tasa_crimn,83.7403259277344,baseICC2023_2024.xlsx,
504,Bagaces,Guanacaste,2023,br_tasa_crimn,92.1140594482422,baseICC2023_2024.xlsx,
505,Carrillo,Guanacaste,2023,br_tasa_crimn,89.5081253051758,baseICC2023_2024.xlsx,
506,Cañas,Guanacaste,2023,br_tasa_crimn,80.8351974487305,baseICC2023_2024.xlsx,
507,Abangares,Guanacaste,2023,br_tasa_crimn,96.0350570678711,baseICC2023_2024.xlsx,
508,Tilarán,Guanacaste,2023,br_tasa_crimn,99.4273223876953,baseICC2023_2024.xlsx,
509,Nandayure,Guanacaste,2023,br_tasa_crimn,100.0,baseICC2023_2024.xlsx,
510,La Cruz,Guanacaste,2023,br_tasa_crimn,92.374641418457,baseICC2023_2024.xlsx,
511,Hojancha,Guanacaste,2023,br_tasa_crimn,99.5696716308594,baseICC2023_2024.xlsx,
601,Puntarenas,Puntarenas,2023,br_tasa_crimn,82.3952331542969,baseICC2023_2024.xlsx,
602,Esparza,Puntarenas,2023,br_tasa_crimn,86.9549407958984,baseICC2023_2024.xlsx,
603,Buenos Aires,Puntarenas,2023,br_tasa_crimn,93.7177810668945,baseICC2023_2024.xlsx,
604,Montes de Oro,Puntarenas,2023,br_tasa_crimn,94.1341018676758,baseICC2023_2024.xlsx,
605,Osa,Puntarenas,2023,br_tasa_crimn,81.5216827392578,baseICC2023_2024.xlsx,
606,Quepos,Puntarenas,2023,br_tasa_crimn,58.7038040161133,baseICC2023_2024.xlsx,
607,Golfito,Puntarenas,2023,br_tasa_crimn,91.2356414794922,baseICC2023_2024.xlsx,
608,Coto Brus,Puntarenas,2023,br_tasa_crimn,97.4219512939453,baseICC2023_2024.xlsx,
609,Parrita,Puntarenas,2023,br_tasa_crimn,76.4794921875,baseICC2023_2024.xlsx,
610,Corredores,Puntarenas,2023,br_tasa_crimn,91.0554046630859,baseICC2023_2024.xlsx,
611,Garabito,Puntarenas,2023,br_tasa_crimn,65.6949005126953,baseICC2023_2024.xlsx,
701,Limón,Limón,2023,br_tasa_crimn,76.3530044555664,baseICC2023_2024.xlsx,
702,Pococí,Limón,2023,br_tasa_crimn,89.7212219238281,baseICC2023_2024.xlsx,
703,Siquirres,Limón,2023,br_tasa_crimn,70.9676742553711,baseICC2023_2024.xlsx,
704,Talamanca,Limón,2023,br_tasa_crimn,71.2024536132813,baseICC2023_2024.xlsx,
705,Matina,Limón,2023,br_tasa_crimn,65.1868743896484,baseICC2023_2024.xlsx,
706,Guácimo,Limón,2023,br_tasa_crimn,94.7977447509766,baseICC2023_2024.xlsx,
101,San José,San José,2024,br_tasa_crimn,0.0,baseICC2023_2024.xlsx,
102,Escazú,San José,2024,br_tasa_crimn,94.807861328125,baseICC2023_2024.xlsx,
103,Desamparados,San José,2024,br_tasa_crimn,87.8013534545898,baseICC2023_2024.xlsx,
104,Puriscal,San José,2024,br_tasa_crimn,98.0012359619141,baseICC2023_2024.xlsx,
105,Tarrazú,San José,2024,br_tasa_crimn,96.2793807983398,baseICC2023_2024.xlsx,
106,Aserrí,San José,2024,br_tasa_crimn,90.7462387084961,baseICC2023_2024.xlsx,
107,Mora,San José,2024,br_tasa_crimn,95.3406066894531,baseICC2023_2024.xlsx,
108,Goicoechea,San José,2024,br_tasa_crimn,84.6687469482422,baseICC2023_2024.xlsx,
109,Santa Ana,San José,2024,br_tasa_crimn,91.3214416503906,baseICC2023_2024.xlsx,
110,Alajuelita,San José,2024,br_tasa_crimn,86.0425720214844,baseICC2023_2024.xlsx,
111,Vázquez de Coronado,San José,2024,br_tasa_crimn,96.1093902587891,baseICC2023_2024.xlsx,
112,Acosta,San José,2024,br_tasa_crimn,95.4269485473633,baseICC2023_2024.xlsx,
113,Tibás,San José,2024,br_tasa_crimn,87.9431381225586,baseICC2023_2024.xlsx,
114,Moravia,San José,2024,br_tasa_crimn,88.406364440918,baseICC2023_2024.xlsx,
115,Montes de Oca,San José,2024,br_tasa_crimn,53.8788261413574,baseICC2023_2024.xlsx,
116,Turrubares,San José,2024,br_tasa_crimn,99.9999923706055,baseICC2023_2024.xlsx,
117,Dota,San José,2024,br_tasa_crimn,89.986442565918,baseICC2023_2024.xlsx,
118,Curridabat,San José,2024,br_tasa_crimn,84.7956924438477,baseICC2023_2024.xlsx,
119,Pérez Zeledón,San José,2024,br_tasa_crimn,84.9241485595703,baseICC2023_2024.xlsx,
120,León Cortés Castro,San José,2024,br_tasa_crimn,98.3405075073242,baseICC2023_2024.xlsx,
201,Alajuela,Alajuela,2024,br_tasa_crimn,87.389030456543,baseICC2023_2024.xlsx,
202,San Ramón,Alajuela,2024,br_tasa_crimn,92.1127548217773,baseICC2023_2024.xlsx,
203,Grecia,Alajuela,2024,br_tasa_crimn,96.2548446655273,baseICC2023_2024.xlsx,
204,San Mateo,Alajuela,2024,br_tasa_crimn,97.0277786254883,baseICC2023_2024.xlsx,
205,Atenas,Alajuela,2024,br_tasa_crimn,96.6958923339844,baseICC2023_2024.xlsx,
206,Naranjo,Alajuela,2024,br_tasa_crimn,95.5463104248047,baseICC2023_2024.xlsx,
207,Palmares,Alajuela,2024,br_tasa_crimn,94.7442932128906,baseICC2023_2024.xlsx,
208,Poás,Alajuela,2024,br_tasa_crimn,95.2631378173828,baseICC2023_2024.xlsx,
209,Orotina,Alajuela,2024,br_tasa_crimn,91.9662857055664,baseICC2023_2024.xlsx,
210,San Carlos,Alajuela,2024,br_tasa_crimn,93.4112930297852,baseICC2023_2024.xlsx,
211,Zarcero,Alajuela,2024,br_tasa_crimn,99.2449722290039,baseICC2023_2024.xlsx,
212,Sarchí,Alajuela,2024,br_tasa_crimn,97.5466918945313,baseICC2023_2024.xlsx,
213,Upala,Alajuela,2024,br_tasa_crimn,88.173210144043,baseICC2023_2024.xlsx,
214,Los Chiles,Alajuela,2024,br_tasa_crimn,88.7928619384766,baseICC2023_2024.xlsx,
215,Guatuso,Alajuela,2024,br_tasa_crimn,96.0694732666016,baseICC2023_2024.xlsx,
216,Río Cuarto,Alajuela,2024,br_tasa_crimn,94.3535766601563,baseICC2023_2024.xlsx,
301,Cartago,Cartago,2024,br_tasa_crimn,78.8412933349609,baseICC2023_2024.xlsx,
302,Paraíso,Cartago,2024,br_tasa_crimn,94.3682403564453,baseICC2023_2024.xlsx,
303,La Unión,Cartago,2024,br_tasa_crimn,91.6720428466797,baseICC2023_2024.xlsx,
304,Jiménez,Cartago,2024,br_tasa_crimn,97.1777114868164,baseICC2023_2024.xlsx,
305,Turrialba,Cartago,2024,br_tasa_crimn,93.5296630859375,baseICC2023_2024.xlsx,
306,Alvarado,Cartago,2024,br_tasa_crimn,93.3861312866211,baseICC2023_2024.xlsx,
307,Oreamuno,Cartago,2024,br_tasa_crimn,92.9064559936523,baseICC2023_2024.xlsx,
308,El Guarco,Cartago,2024,br_tasa_crimn,93.0864715576172,baseICC2023_2024.xlsx,
401,Heredia,Heredia,2024,br_tasa_crimn,71.5276336669922,baseICC2023_2024.xlsx,
402,Barva,Heredia,2024,br_tasa_crimn,89.409553527832,baseICC2023_2024.xlsx,
403,Santo Domingo,Heredia,2024,br_tasa_crimn,89.9226837158203,baseICC2023_2024.xlsx,
404,Santa Bárbara,Heredia,2024,br_tasa_crimn,91.7769470214844,baseICC2023_2024.xlsx,
405,San Rafael,Heredia,2024,br_tasa_crimn,89.5105514526367,baseICC2023_2024.xlsx,
406,San Isidro,Heredia,2024,br_tasa_crimn,93.3176651000977,baseICC2023_2024.xlsx,
407,Belén,Heredia,2024,br_tasa_crimn,73.3787689208984,baseICC2023_2024.xlsx,
408,Flores,Heredia,2024,br_tasa_crimn,92.9039993286133,baseICC2023_2024.xlsx,
409,San Pablo,Heredia,2024,br_tasa_crimn,90.8297958374023,baseICC2023_2024.xlsx,
410,Sarapiquí,Heredia,2024,br_tasa_crimn,95.5261306762695,baseICC2023_2024.xlsx,
501,Liberia,Guanacaste,2024,br_tasa_crimn,68.7998428344727,baseICC2023_2024.xlsx,
502,Nicoya,Guanacaste,2024,br_tasa_crimn,90.2991485595703,baseICC2023_2024.xlsx,
503,Santa Cruz,Guanacaste,2024,br_tasa_crimn,81.9827575683594,baseICC2023_2024.xlsx,
504,Bagaces,Guanacaste,2024,br_tasa_crimn,93.4095230102539,baseICC2023_2024.xlsx,
505,Carrillo,Guanacaste,2024,br_tasa_crimn,88.6699676513672,baseICC2023_2024.xlsx,
506,Cañas,Guanacaste,2024,br_tasa_crimn,78.0735702514648,baseICC2023_2024.xlsx,
507,Abangares,Guanacaste,2024,br_tasa_crimn,93.8841171264648,baseICC2023_2024.xlsx,
508,Tilarán,Guanacaste,2024,br_tasa_crimn,97.7521209716797,baseICC2023_2024.xlsx,
509,Nandayure,Guanacaste,2024,br_tasa_crimn,98.0546264648438,baseICC2023_2024.xlsx,
510,La Cruz,Guanacaste,2024,br_tasa_crimn,91.9604415893555,baseICC2023_2024.xlsx,
511,Hojancha,Guanacaste,2024,br_tasa_crimn,98.4394454956055,baseICC2023_2024.xlsx,
601,Puntarenas,Puntarenas,2024,br_tasa_crimn,81.3142547607422,baseICC2023_2024.xlsx,
602,Esparza,Puntarenas,2024,br_tasa_crimn,86.3572540283203,baseICC2023_2024.xlsx,
603,Buenos Aires,Puntarenas,2024,br_tasa_crimn,94.492546081543,baseICC2023_2024.xlsx,
604,Montes de Oro,Puntarenas,2024,br_tasa_crimn,87.2671432495117,baseICC2023_2024.xlsx,
605,Osa,Puntarenas,2024,br_tasa_crimn,83.3579483032227,baseICC2023_2024.xlsx,
606,Quepos,Puntarenas,2024,br_tasa_crimn,71.3931198120117,baseICC2023_2024.xlsx,
607,Golfito,Puntarenas,2024,br_tasa_crimn,86.8420944213867,baseICC2023_2024.xlsx,
608,Coto Brus,Puntarenas,2024,br_tasa_crimn,95.6327819824219,baseICC2023_2024.xlsx,
609,Parrita,Puntarenas,2024,br_tasa_crimn,82.9529495239258,baseICC2023_2024.xlsx,
610,Corredores,Puntarenas,2024,br_tasa_crimn,91.8146591186523,baseICC2023_2024.xlsx,
611,Garabito,Puntarenas,2024,br_tasa_crimn,62.943244934082,baseICC2023_2024.xlsx,
701,Limón,Limón,2024,br_tasa_crimn,84.4132995605469,baseICC2023_2024.xlsx,
702,Pococí,Limón,2024,br_tasa_crimn,89.1373138427734,baseICC2023_2024.xlsx,
703,Siquirres,Limón,2024,br_tasa_crimn,73.2146682739258,baseICC2023_2024.xlsx,
704,Talamanca,Limón,2024,br_tasa_crimn,83.1200332641602,baseICC2023_2024.xlsx,
705,Matina,Limón,2024,br_tasa_crimn,80.5414657592773,baseICC2023_2024.xlsx,
706,Guácimo,Limón,2024,br_tasa_crimn,94.0627365112305,baseICC2023_2024.xlsx,
101,San José,San José,2023,br_tmort_homicidios_oijn,77.8133850097656,baseICC2023_2024.xlsx,
102,Escazú,San José,2023,br_tmort_homicidios_oijn,89.3192138671875,baseICC2023_2024.xlsx,
103,Desamparados,San José,2023,br_tmort_homicidios_oijn,90.0905303955078,baseICC2023_2024.xlsx,
104,Puriscal,San José,2023,br_tmort_homicidios_oijn,97.5358123779297,baseICC2023_2024.xlsx,
105,Tarrazú,San José,2023,br_tmort_homicidios_oijn,94.9339981079102,baseICC2023_2024.xlsx,
106,Aserrí,San José,2023,br_tmort_homicidios_oijn,89.6716613769531,baseICC2023_2024.xlsx,
107,Mora,San José,2023,br_tmort_homicidios_oijn,93.8113479614258,baseICC2023_2024.xlsx,
108,Goicoechea,San José,2023,br_tmort_homicidios_oijn,86.4897079467773,baseICC2023_2024.xlsx,
109,Santa Ana,San José,2023,br_tmort_homicidios_oijn,98.4683227539063,baseICC2023_2024.xlsx,
110,Alajuelita,San José,2023,br_tmort_homicidios_oijn,77.6125793457031,baseICC2023_2024.xlsx,
111,Vázquez de Coronado,San José,2023,br_tmort_homicidios_oijn,90.8813095092773,baseICC2023_2024.xlsx,
112,Acosta,San José,2023,br_tmort_homicidios_oijn,100.0,baseICC2023_2024.xlsx,
113,Tibás,San José,2023,br_tmort_homicidios_oijn,92.2598266601563,baseICC2023_2024.xlsx,
114,Moravia,San José,2023,br_tmort_homicidios_oijn,95.475227355957,baseICC2023_2024.xlsx,
115,Montes de Oca,San José,2023,br_tmort_homicidios_oijn,90.8695068359375,baseICC2023_2024.xlsx,
116,Turrubares,San José,2023,br_tmort_homicidios_oijn,100.0,baseICC2023_2024.xlsx,
117,Dota,San José,2023,br_tmort_homicidios_oijn,100.0,baseICC2023_2024.xlsx,
118,Curridabat,San José,2023,br_tmort_homicidios_oijn,92.9214630126953,baseICC2023_2024.xlsx,
119,Pérez Zeledón,San José,2023,br_tmort_homicidios_oijn,91.3098068237305,baseICC2023_2024.xlsx,
120,León Cortés Castro,San José,2023,br_tmort_homicidios_oijn,79.615234375,baseICC2023_2024.xlsx,
201,Alajuela,Alajuela,2023,br_tmort_homicidios_oijn,87.0543670654297,baseICC2023_2024.xlsx,
202,San Ramón,Alajuela,2023,br_tmort_homicidios_oijn,87.1238021850586,baseICC2023_2024.xlsx,
203,Grecia,Alajuela,2023,br_tmort_homicidios_oijn,95.0782089233398,baseICC2023_2024.xlsx,
204,San Mateo,Alajuela,2023,br_tmort_homicidios_oijn,100.0,baseICC2023_2024.xlsx,
205,Atenas,Alajuela,2023,br_tmort_homicidios_oijn,90.467903137207,baseICC2023_2024.xlsx,
206,Naranjo,Alajuela,2023,br_tmort_homicidios_oijn,94.2794952392578,baseICC2023_2024.xlsx,
207,Palmares,Alajuela,2023,br_tmort_homicidios_oijn,100.0,baseICC2023_2024.xlsx,
208,Poás,Alajuela,2023,br_tmort_homicidios_oijn,94.5824356079102,baseICC2023_2024.xlsx,
209,Orotina,Alajuela,2023,br_tmort_homicidios_oijn,88.3958969116211,baseICC2023_2024.xlsx,
210,San Carlos,Alajuela,2023,br_tmort_homicidios_oijn,91.2927093505859,baseICC2023_2024.xlsx,
211,Zarcero,Alajuela,2023,br_tmort_homicidios_oijn,100.0,baseICC2023_2024.xlsx,
212,Sarchí,Alajuela,2023,br_tmort_homicidios_oijn,100.0,baseICC2023_2024.xlsx,
213,Upala,Alajuela,2023,br_tmort_homicidios_oijn,96.5895385742188,baseICC2023_2024.xlsx,
214,Los Chiles,Alajuela,2023,br_tmort_homicidios_oijn,84.0091323852539,baseICC2023_2024.xlsx,
215,Guatuso,Alajuela,2023,br_tmort_homicidios_oijn,85.5711975097656,baseICC2023_2024.xlsx,
301,Cartago,Cartago,2023,br_tmort_homicidios_oijn,87.9676971435547,baseICC2023_2024.xlsx,
302,Paraíso,Cartago,2023,br_tmort_homicidios_oijn,74.6328125,baseICC2023_2024.xlsx,
303,La Unión,Cartago,2023,br_tmort_homicidios_oijn,87.5728073120117,baseICC2023_2024.xlsx,
304,Jiménez,Cartago,2023,br_tmort_homicidios_oijn,94.1517791748047,baseICC2023_2024.xlsx,
305,Turrialba,Cartago,2023,br_tmort_homicidios_oijn,86.9580383300781,baseICC2023_2024.xlsx,
306,Alvarado,Cartago,2023,br_tmort_homicidios_oijn,87.8008193969727,baseICC2023_2024.xlsx,
307,Oreamuno,Cartago,2023,br_tmort_homicidios_oijn,94.3514556884766,baseICC2023_2024.xlsx,
308,El Guarco,Cartago,2023,br_tmort_homicidios_oijn,91.8928527832031,baseICC2023_2024.xlsx,
401,Heredia,Heredia,2023,br_tmort_homicidios_oijn,88.9490127563477,baseICC2023_2024.xlsx,
402,Barva,Heredia,2023,br_tmort_homicidios_oijn,98.0354843139648,baseICC2023_2024.xlsx,
403,Santo Domingo,Heredia,2023,br_tmort_homicidios_oijn,94.2767562866211,baseICC2023_2024.xlsx,
404,Santa Bárbara,Heredia,2023,br_tmort_homicidios_oijn,95.6865844726563,baseICC2023_2024.xlsx,
405,San Rafael,Heredia,2023,br_tmort_homicidios_oijn,93.2972030639648,baseICC2023_2024.xlsx,
406,San Isidro,Heredia,2023,br_tmort_homicidios_oijn,100.0,baseICC2023_2024.xlsx,
407,Belén,Heredia,2023,br_tmort_homicidios_oijn,100.0,baseICC2023_2024.xlsx,
408,Flores,Heredia,2023,br_tmort_homicidios_oijn,96.2663040161133,baseICC2023_2024.xlsx,
409,San Pablo,Heredia,2023,br_tmort_homicidios_oijn,96.9743881225586,baseICC2023_2024.xlsx,
410,Sarapiquí,Heredia,2023,br_tmort_homicidios_oijn,79.7861785888672,baseICC2023_2024.xlsx,
501,Liberia,Guanacaste,2023,br_tmort_homicidios_oijn,81.0494384765625,baseICC2023_2024.xlsx,
502,Nicoya,Guanacaste,2023,br_tmort_homicidios_oijn,53.8506164550781,baseICC2023_2024.xlsx,
503,Santa Cruz,Guanacaste,2023,br_tmort_homicidios_oijn,68.2523345947266,baseICC2023_2024.xlsx,
504,Bagaces,Guanacaste,2023,br_tmort_homicidios_oijn,88.5980224609375,baseICC2023_2024.xlsx,
505,Carrillo,Guanacaste,2023,br_tmort_homicidios_oijn,78.3378677368164,baseICC2023_2024.xlsx,
506,Cañas,Guanacaste,2023,br_tmort_homicidios_oijn,80.1263809204102,baseICC2023_2024.xlsx,
507,Abangares,Guanacaste,2023,br_tmort_homicidios_oijn,76.5374984741211,baseICC2023_2024.xlsx,
508,Tilarán,Guanacaste,2023,br_tmort_homicidios_oijn,91.3286590576172,baseICC2023_2024.xlsx,
509,Nandayure,Guanacaste,2023,br_tmort_homicidios_oijn,91.9268417358398,baseICC2023_2024.xlsx,
510,La Cruz,Guanacaste,2023,br_tmort_homicidios_oijn,83.2344970703125,baseICC2023_2024.xlsx,
511,Hojancha,Guanacaste,2023,br_tmort_homicidios_oijn,100.0,baseICC2023_2024.xlsx,
601,Puntarenas,Puntarenas,2023,br_tmort_homicidios_oijn,55.2979240417481,baseICC2023_2024.xlsx,
602,Esparza,Puntarenas,2023,br_tmort_homicidios_oijn,87.9539260864258,baseICC2023_2024.xlsx,
603,Buenos Aires,Puntarenas,2023,br_tmort_homicidios_oijn,98.2723159790039,baseICC2023_2024.xlsx,
604,Montes de Oro,Puntarenas,2023,br_tmort_homicidios_oijn,80.4633941650391,baseICC2023_2024.xlsx,
605,Osa,Puntarenas,2023,br_tmort_homicidios_oijn,84.7936248779297,baseICC2023_2024.xlsx,
606,Quepos,Puntarenas,2023,br_tmort_homicidios_oijn,58.3373413085938,baseICC2023_2024.xlsx,
607,Golfito,Puntarenas,2023,br_tmort_homicidios_oijn,89.8071899414063,baseICC2023_2024.xlsx,
608,Coto Brus,Puntarenas,2023,br_tmort_homicidios_oijn,95.6737289428711,baseICC2023_2024.xlsx,
609,Parrita,Puntarenas,2023,br_tmort_homicidios_oijn,23.7856407165527,baseICC2023_2024.xlsx,
610,Corredores,Puntarenas,2023,br_tmort_homicidios_oijn,71.6220474243164,baseICC2023_2024.xlsx,
611,Garabito,Puntarenas,2023,br_tmort_homicidios_oijn,55.6505432128906,baseICC2023_2024.xlsx,
701,Limón,Limón,2023,br_tmort_homicidios_oijn,13.1810636520386,baseICC2023_2024.xlsx,
702,Pococí,Limón,2023,br_tmort_homicidios_oijn,81.0412826538086,baseICC2023_2024.xlsx,
703,Siquirres,Limón,2023,br_tmort_homicidios_oijn,69.5386199951172,baseICC2023_2024.xlsx,
704,Talamanca,Limón,2023,br_tmort_homicidios_oijn,79.0021514892578,baseICC2023_2024.xlsx,
705,Matina,Limón,2023,br_tmort_homicidios_oijn,0.00499999988824129,baseICC2023_2024.xlsx,
706,Guácimo,Limón,2023,br_tmort_homicidios_oijn,83.4711456298828,baseICC2023_2024.xlsx,
101,San José,San José,2024,br_tmort_homicidios_oijn,72.727897644043,baseICC2023_2024.xlsx,
102,Escazú,San José,2024,br_tmort_homicidios_oijn,91.4416427612305,baseICC2023_2024.xlsx,
103,Desamparados,San José,2024,br_tmort_homicidios_oijn,87.5740737915039,baseICC2023_2024.xlsx,
104,Puriscal,San José,2024,br_tmort_homicidios_oijn,97.4113616943359,baseICC2023_2024.xlsx,
105,Tarrazú,San José,2024,br_tmort_homicidios_oijn,100.0,baseICC2023_2024.xlsx,
106,Aserrí,San José,2024,br_tmort_homicidios_oijn,95.160026550293,baseICC2023_2024.xlsx,
107,Mora,San José,2024,br_tmort_homicidios_oijn,92.9598007202148,baseICC2023_2024.xlsx,
108,Goicoechea,San José,2024,br_tmort_homicidios_oijn,81.1783828735352,baseICC2023_2024.xlsx,
109,Santa Ana,San José,2024,br_tmort_homicidios_oijn,93.443473815918,baseICC2023_2024.xlsx,
110,Alajuelita,San José,2024,br_tmort_homicidios_oijn,55.032844543457,baseICC2023_2024.xlsx,
111,Vázquez de Coronado,San José,2024,br_tmort_homicidios_oijn,95.7674179077148,baseICC2023_2024.xlsx,
112,Acosta,San José,2024,br_tmort_homicidios_oijn,100.0,baseICC2023_2024.xlsx,
113,Tibás,San José,2024,br_tmort_homicidios_oijn,91.6832885742188,baseICC2023_2024.xlsx,
114,Moravia,San José,2024,br_tmort_homicidios_oijn,91.7886123657227,baseICC2023_2024.xlsx,
115,Montes de Oca,San José,2024,br_tmort_homicidios_oijn,95.0419769287109,baseICC2023_2024.xlsx,
116,Turrubares,San José,2024,br_tmort_homicidios_oijn,86.2411117553711,baseICC2023_2024.xlsx,
117,Dota,San José,2024,br_tmort_homicidios_oijn,100.0,baseICC2023_2024.xlsx,
118,Curridabat,San José,2024,br_tmort_homicidios_oijn,93.6185455322266,baseICC2023_2024.xlsx,
119,Pérez Zeledón,San José,2024,br_tmort_homicidios_oijn,93.959114074707,baseICC2023_2024.xlsx,
120,León Cortés Castro,San José,2024,br_tmort_homicidios_oijn,92.4776763916016,baseICC2023_2024.xlsx,
201,Alajuela,Alajuela,2024,br_tmort_homicidios_oijn,87.2622833251953,baseICC2023_2024.xlsx,
202,San Ramón,Alajuela,2024,br_tmort_homicidios_oijn,79.0987396240234,baseICC2023_2024.xlsx,
203,Grecia,Alajuela,2024,br_tmort_homicidios_oijn,94.9699478149414,baseICC2023_2024.xlsx,
204,San Mateo,Alajuela,2024,br_tmort_homicidios_oijn,86.5271911621094,baseICC2023_2024.xlsx,
205,Atenas,Alajuela,2024,br_tmort_homicidios_oijn,90.0152053833008,baseICC2023_2024.xlsx,
206,Naranjo,Alajuela,2024,br_tmort_homicidios_oijn,100.0,baseICC2023_2024.xlsx,
207,Palmares,Alajuela,2024,br_tmort_homicidios_oijn,92.852912902832,baseICC2023_2024.xlsx,
208,Poás,Alajuela,2024,br_tmort_homicidios_oijn,97.1371002197266,baseICC2023_2024.xlsx,
209,Orotina,Alajuela,2024,br_tmort_homicidios_oijn,83.815071105957,baseICC2023_2024.xlsx,
210,San Carlos,Alajuela,2024,br_tmort_homicidios_oijn,93.7377777099609,baseICC2023_2024.xlsx,
211,Zarcero,Alajuela,2024,br_tmort_homicidios_oijn,100.0,baseICC2023_2024.xlsx,
212,Sarchí,Alajuela,2024,br_tmort_homicidios_oijn,86.6552581787109,baseICC2023_2024.xlsx,
213,Upala,Alajuela,2024,br_tmort_homicidios_oijn,91.0650405883789,baseICC2023_2024.xlsx,
214,Los Chiles,Alajuela,2024,br_tmort_homicidios_oijn,78.0320205688477,baseICC2023_2024.xlsx,
215,Guatuso,Alajuela,2024,br_tmort_homicidios_oijn,100.0,baseICC2023_2024.xlsx,
216,Río Cuarto,Alajuela,2024,br_tmort_homicidios_oijn,94.3122863769531,baseICC2023_2024.xlsx,
301,Cartago,Cartago,2024,br_tmort_homicidios_oijn,88.8259582519531,baseICC2023_2024.xlsx,
302,Paraíso,Cartago,2024,br_tmort_homicidios_oijn,80.2361755371094,baseICC2023_2024.xlsx,
303,La Unión,Cartago,2024,br_tmort_homicidios_oijn,85.7882766723633,baseICC2023_2024.xlsx,
304,Jiménez,Cartago,2024,br_tmort_homicidios_oijn,93.6034240722656,baseICC2023_2024.xlsx,
305,Turrialba,Cartago,2024,br_tmort_homicidios_oijn,72.1370162963867,baseICC2023_2024.xlsx,
306,Alvarado,Cartago,2024,br_tmort_homicidios_oijn,93.3377685546875,baseICC2023_2024.xlsx,
307,Oreamuno,Cartago,2024,br_tmort_homicidios_oijn,89.6276245117188,baseICC2023_2024.xlsx,
308,El Guarco,Cartago,2024,br_tmort_homicidios_oijn,93.2846374511719,baseICC2023_2024.xlsx,
401,Heredia,Heredia,2024,br_tmort_homicidios_oijn,88.2039489746094,baseICC2023_2024.xlsx,
402,Barva,Heredia,2024,br_tmort_homicidios_oijn,100.0,baseICC2023_2024.xlsx,
403,Santo Domingo,Heredia,2024,br_tmort_homicidios_oijn,91.8791885375977,baseICC2023_2024.xlsx,
404,Santa Bárbara,Heredia,2024,br_tmort_homicidios_oijn,97.7409515380859,baseICC2023_2024.xlsx,
405,San Rafael,Heredia,2024,br_tmort_homicidios_oijn,96.411491394043,baseICC2023_2024.xlsx,
406,San Isidro,Heredia,2024,br_tmort_homicidios_oijn,100.0,baseICC2023_2024.xlsx,
407,Belén,Heredia,2024,br_tmort_homicidios_oijn,92.3383026123047,baseICC2023_2024.xlsx,
408,Flores,Heredia,2024,br_tmort_homicidios_oijn,100.0,baseICC2023_2024.xlsx,
409,San Pablo,Heredia,2024,br_tmort_homicidios_oijn,96.6745834350586,baseICC2023_2024.xlsx,
410,Sarapiquí,Heredia,2024,br_tmort_homicidios_oijn,86.1244506835938,baseICC2023_2024.xlsx,
501,Liberia,Guanacaste,2024,br_tmort_homicidios_oijn,81.2264404296875,baseICC2023_2024.xlsx,
502,Nicoya,Guanacaste,2024,br_tmort_homicidios_oijn,63.7868881225586,baseICC2023_2024.xlsx,
503,Santa Cruz,Guanacaste,2024,br_tmort_homicidios_oijn,81.8509902954102,baseICC2023_2024.xlsx,
504,Bagaces,Guanacaste,2024,br_tmort_homicidios_oijn,84.0671768188477,baseICC2023_2024.xlsx,
505,Carrillo,Guanacaste,2024,br_tmort_homicidios_oijn,87.6740798950195,baseICC2023_2024.xlsx,
506,Cañas,Guanacaste,2024,br_tmort_homicidios_oijn,87.5761871337891,baseICC2023_2024.xlsx,
507,Abangares,Guanacaste,2024,br_tmort_homicidios_oijn,84.8785018920898,baseICC2023_2024.xlsx,
508,Tilarán,Guanacaste,2024,br_tmort_homicidios_oijn,91.8484725952148,baseICC2023_2024.xlsx,
509,Nandayure,Guanacaste,2024,br_tmort_homicidios_oijn,100.0,baseICC2023_2024.xlsx,
510,La Cruz,Guanacaste,2024,br_tmort_homicidios_oijn,74.4901962280273,baseICC2023_2024.xlsx,
511,Hojancha,Guanacaste,2024,br_tmort_homicidios_oijn,100.0,baseICC2023_2024.xlsx,
601,Puntarenas,Puntarenas,2024,br_tmort_homicidios_oijn,58.3326759338379,baseICC2023_2024.xlsx,
602,Esparza,Puntarenas,2024,br_tmort_homicidios_oijn,68.3602447509766,baseICC2023_2024.xlsx,
603,Buenos Aires,Puntarenas,2024,br_tmort_homicidios_oijn,90.7537841796875,baseICC2023_2024.xlsx,
604,Montes de Oro,Puntarenas,2024,br_tmort_homicidios_oijn,100.0,baseICC2023_2024.xlsx,
605,Osa,Puntarenas,2024,br_tmort_homicidios_oijn,75.9973449707031,baseICC2023_2024.xlsx,
606,Quepos,Puntarenas,2024,br_tmort_homicidios_oijn,44.6342620849609,baseICC2023_2024.xlsx,
607,Golfito,Puntarenas,2024,br_tmort_homicidios_oijn,88.9548950195313,baseICC2023_2024.xlsx,
608,Coto Brus,Puntarenas,2024,br_tmort_homicidios_oijn,97.1719665527344,baseICC2023_2024.xlsx,
609,Parrita,Puntarenas,2024,br_tmort_homicidios_oijn,0.0,baseICC2023_2024.xlsx,
610,Corredores,Puntarenas,2024,br_tmort_homicidios_oijn,82.875358581543,baseICC2023_2024.xlsx,
611,Garabito,Puntarenas,2024,br_tmort_homicidios_oijn,53.5388526916504,baseICC2023_2024.xlsx,
701,Limón,Limón,2024,br_tmort_homicidios_oijn,5.79590702056885,baseICC2023_2024.xlsx,
702,Pococí,Limón,2024,br_tmort_homicidios_oijn,86.3042297363281,baseICC2023_2024.xlsx,
703,Siquirres,Limón,2024,br_tmort_homicidios_oijn,68.0951995849609,baseICC2023_2024.xlsx,
704,Talamanca,Limón,2024,br_tmort_homicidios_oijn,93.3464889526367,baseICC2023_2024.xlsx,
705,Matina,Limón,2024,br_tmort_homicidios_oijn,21.8447780609131,baseICC2023_2024.xlsx,
706,Guácimo,Limón,2024,br_tmort_homicidios_oijn,70.482421875,baseICC2023_2024.xlsx,
